word,phonetic,definition,translation,pos,collins,oxford,tag,bnc,frq,exchange,detail,audio
'hood,hʊd,,"n. 罩；风帽；（布质）面罩；学位连领帽（表示学位种类）\nv. 覆盖；用头巾包；使(马,鹰等)戴头罩；给…加罩\n[网络] 胡德；兜帽；引擎盖",,,,,0,0,,,
's Gravenhage,",skrɑ:vən'hɑ:ɡə",,[荷兰语]海牙(= Hague),,,,,0,0,,,
'tween,twi:n,,prep. [诗歌用语] = between [亦作 tweeny],,,,,0,0,,,
'tween decks,,,[网络] 甲板间；二层舱；双层甲板,,,,,0,0,,,
-ability,ə'biliti,,"suf. [用于构成名词, 意义相当于-able]表示“能力”, “可能性”, “倾向性”, “适宜性”",,,,,0,0,,,
-able,əbl,,"suf. [附在动词或名词后构成形容词] 表示：“能…的,会…的”：durable; “可以…的”：drinkable; “具有…特性的”：fashionable; “有助于…的”,“倾向于…的”：peaceable; “易于…的”：breakable",,,,,0,0,,,
-ably,əbli,,suf. [构成与-able结尾的形容词相应的副词],,,,,0,0,,,
-acy,əsi,,"suf. [用于构成抽象名词]表示性质, 状态, 位置, 地位, 职位",,,,,0,0,,,
-ad,'æd,," [医]〔状语性后缀〕意为向…方, 向…侧",,,,,0,0,,,
-ade,eid,,"suf. 用以构成名词表示：“行动”,“…的动作”：blockade; “行动者”：renegade; “行动者的集体”：cavalcade; “行动的产物”：arcade; “参与”,“参加”：brigade",,,,,0,0,,,
-adelphous,ə'delfəs,, 表示“[植物学]有雄蕊束的”：monadelphous,,,,,0,0,,,
-aemia,'i:miə,, [用以构成名词]表示血液,,,,,0,0,,,
-age,idʒ,,comb. 表示数量;表示动作;表示身份;表示地方,,,,,0,0,,,
-agogue,ə'ɡɒɡ,," [医]〔后缀〕意为催, 利",,,,,0,0,,,
-aholic,,, 嗜好…的；对…成瘾的,,,,,0,0,,,
-al,,," [医]〔后缀〕用于化合物名之后, 示有醛基-CHO存在, 如chloral（氯醛, 三氯乙醛）",,,,,0,0,,,
-algia,'ælɡə,, [医]〔后缀〕意为痛,,,,,0,0,,,
-alia,,, （与某活动或兴趣范围）有关的物品,,,,,0,0,,,
-ally,,, 以-al结尾的形容词加ly构成副词),,,,,0,0,,,
-an,æn,,"suf. 表示; “碳水化合物的酐类”：dextran; “不饱和的碳化物”：tolan; 用于专有人、地名等后构成通常可兼作名词用的形容词表示“…时期的(人)”, “…地方的(人)”, “在…居住的(人)”, “在…出生的(人)”：American, Asian, Elizabethan, Victorian; 用于表示体制、学科等的词后及宗教或其他流派创始人的人名后构成可兼作名词的形容词或单词性的形容词或名词表示“精通…的(人)”, “带有…特征的(人)”, “属于…的(人)”, “信奉…的(人)”, “追随…的(人)”",,,,,0,0,,,
-ance,əns,,"suf. 性质,状况：annoyance, importance; 表示程度,总量：conductance; 行动,行为,过程：performance, utterance",,,,,0,0,,,
-ancy,ənsi,,"suf. =-ance (尤其多表示“性质”, “状况”)：",,,,,0,0,,,
-ane,'eɪn,," [医]〔词尾〕意为饱和开链碳氢化合物, CnH2n+2",,,,,0,0,,,
-ant,ənt,,"suf. [构成形容词] 表示：进行...动作的,处于...状态的,促进...作用的：repentant, triumphant, expectorant; 有...的,显示...的,做...的：defiant, radiant; [构成名词]表示进行...动作的人,施行...作用者,...者(人或物):accountant, assistant, occupant",,,,,0,0,,,
-ar,ə,,"suf. [构成形容词]表示：...的：molecular,nuclear; ...状的,似...的：triangular; 有...特性的：popular; [构成名词]表示：...的人,...的物：bursar, scholar, vicar, morta; 动作者[-er或-or的异体]：liar, pedlar",,,,,0,0,,,
-arch,ɑ:k,," 表示“原始的”; 表示“统治者”, “首领”, “领导者”",,,,,0,0,,,
-archy,'ɑ:ki,," 表示管理,统治,政体：matriarchy,monarchy",,,,,0,0,,,
-ard,əd,,"suf. 表示沉湎于...的人,过于...的人：drunkard,sluggard",,,,,0,0,,,
-arian,'εəriən,,"suf. [构成形容词或名词]表示：...岁的(人)：octogenarian, centenarian; ...派的(人);...主义的(人)：Unitarian,utilitarian; 从事...工作(或职业)的(人)：argarian,antiquarian; 制定(或做出)...的(人)：disciplinarian",,,,,0,0,,,
-ary,ɛri,,"suf. [构成形容词]表示...的, 与...有关的, 与...有联系的, 属于...的：auxiliary, elementary; [构成名词]表示：与...有关的人,从事...的人：missionary; 与...有关之物：dictionary; ...的处所,...的地方：granary,aviary; [拉丁语-aris][构成名词和形容词]表示：像...(的), 同类(的)：military",,,,,0,0,,,
-ase,'eɪs,, [医]〔词尾〕酶,,,,,0,0,,,
-ast,,,abbr. 大西洋标准时间（Atlantic Standard Time）\nn. (Ast)人名；(德、塞、捷、法)阿斯特,,,,,0,0,,,
-aster,'æstə,," [用以构成生物学属名]表示“星”, “星状结构”：diaster\nsuf. 表示“劣等的”,“次等的”,“伪的”,“无价值的”：criticaster, poetaster",,,,,0,0,,,
-ate,,," [医]〔后缀〕构成分词名词。加于词根, 表示为该词根原意的产物或作用。例如hemolysate表示溶血产物",,,,,0,0,,,
-athon,,, 持续时间很长的活动（尤指为慈善事业募集基金）,,,,,0,0,,,
-ation,,, ——见 -ion,,,,,0,0,,,
-ative,'etɪv,,"suf. [构成形容词]表示：有...关系的,有...性质的：authoritative,decorative; 有...倾向的：talkative,informative",,,,,0,0,,,
-ator,'eitə,,"suf. [构成名词]表示做...动作的人,...者,...物,起...作用的物：improvisator,cinerator",,,,,0,0,,,
-babble,'bæb(ə)l,,vi. 喋喋不休；呀呀学语；作潺潺声\nvt. 含糊不清地说；泄露\nn. 含糊不清的话；胡言乱语；潺潺声,,,,,0,0,,,
-bellied,,, ——见 belly,,,,,0,0,,,
-biosis,bɪ'osɪs,," 表示(某种)生活方式：anabiosis,symbiosis",,,,,0,0,,,
-biotic,baɪ'ɒtɪk,,a. 生物的；有关生命的,,,,,0,0,,,
-blast,blæst,," 表示胚(芽),胚胎,胚层,细胞,原基：idioblast, splanchnoblast(内脏原基)",,,,,0,0,,,
-blastic,"blɑ:st, blæstik",,a. 再结晶的,,,,,0,0,,,
-busting,,,垄耕\n沟耕,,,,,0,0,,,
-cardium,'kɑ:diəm,,comb.form 表示“心”：epicardium,,,,,0,0,,,
-cele,'seli:,," [医]〔后缀〕意为肿瘤, 肿胀",,,,,0,0,,,
-cene,si:n,," 表示新近的, 新的；(尤指)新生代的和特定时代：Miocene",,,,,0,0,,,
-centric,,, 以…为中心；有…中心,,,,,0,0,,,
-cercal,'sə:kəl,, 表示“有…尾的”：homocercal,,,,,0,0,,,
-chrome,k'rəʊm,, [医]〔后缀〕意为与颜色有关的,,,,,0,0,,,
-cidal,'saidəl,," 表示：杀者的,杀的：homicidal; 可杀的,有杀害能力的：fungicidal",,,,,0,0,,,
-cide,,, [医]〔后缀〕意为杀伤者或杀,,,,,0,0,,,
-cline,klaɪn,,"n. [生物] 渐变群, 生态群\nn. (Cline)人名；(英)克莱因；(法)克利纳",,,,,0,0,,,
-clinic,'klɪnɪk,,n. 临床；诊所,,,,,0,0,,,
-coccus,'kɔkəs,, 表示球菌[用于各种细菌名称],,,,,0,0,,,
-coele,'kəʊeli:,," [医]〔后缀〕意为腔, 空间, 穴, 孔。有时拼作-cele和-coel",,,,,0,0,,,
-colous,-kələs,," 表示生长于,居住于：arenicolous",,,,,0,0,,,
-cracy,,, …的政府；…的统治,,,,,0,0,,,
-crat,kræt,, 表示参与或支持(某种)政府或统治集团,,,,,0,0,,,
-cratic,,,suff. 参加的；统治者的,,,,,0,0,,,
-culus,'kʌləs,,n. 杯状器官；[昆] 肛门孔,,,,,0,0,,,
-cy,si,," 表示：性质,状态,事实：hesitancy; 职位,职务,级别：captaincy",,,,,0,0,,,
-cyte,'sɪt,," [医]〔词尾〕意为细胞, 其含具体类型随词根而定, 如椭圆细胞(elliptocyte), 红细胞(erythro-cyte), 白细胞(leukocyte)等",,,,,0,0,,,
-d,,, ——见 -ed,,,,,0,0,,,
-derm,'dɜ:m,," [医]〔皮肤〕皮肤, 胚层",,,,,0,0,,,
-dermatous,'də:mətəs,,comb.form 表示“有某种皮(或皮肤)的” [参较-derm],,,,,0,0,,,
-dimensional,,, …维的,,,,,0,0,,,
-dom,,, （表示状况或状态）,,,,,0,0,,,
-drome,drəum,," 表示：跑,跑道,道路：hippodrome,motordrome; 跑的东西：Palindrome,syndrome; 大空间,大场地,大面积：aerodrome, picturedrome",,,,,0,0,,,
-dromous,drəməs,," 表示行的,流动的：anadromous,catadromous",,,,,0,0,,,
-dynia,'dɪniə,,痛,,,,,0,0,,,
-ean,'iən,,"suf. [用以构成形容词和名词]表示...的,属于...的,像...的,似...的：European,Aegean, Caesarean, curstacean",,,,,0,0,,,
-ectomy,'ektəmi,," 表示切除(术),截除(术)：appendectomy, tonsillectomy",,,,,0,0,,,
-ed,əd,, 附在规则动词后构成过去式和过去分词；附在规则动词和名词后构成同义形容词,,,,,0,0,,,
-ee,,, 受动者；受益者,,,,,0,0,,,
-eer,,, 与…有关的人,,,,,0,0,,,
-eme,i:m,,"suf. [用以构成名词][语言学]表示“位”, “素”:",,,,,0,0,,,
-en,n,,"suf. 加在形容词后构成动词使, 使成为, 变得：darken, weaken; 加在名词后构成动词变得有,使有,具有：heighten,hearten,strengthen; 加在物质名词后构成形容词表示由...制的, 由...构成的, ...一样的：wooden, woolen; 构成某些不规则动词的过去分词：risen, written; 用以构成某些名词的复数：children,brethren",,,,,0,0,,,
-enabled,,, 能与某一系统（或技术）使用的,,,,,0,0,,,
-ence,,, ——见 -ance,,,,,0,0,,,
-ency,,, ——见 -ancy,,,,,0,0,,,
-ene,'i:n,, [医]〔后缀〕指含一个双键的不饱和碳氢化合物即烯,,,,,0,0,,,
-ent,ənt,," （附在动词后构成名词）表示动作者, 生效物；（附在动词后构成形容词）表示有...性质的, 作...动作的",,,,,0,0,,,
-er,,, …的人（或物）,,,,,0,0,,,
-ergic,'ə:dʒik,,"comb.form 表示“表现活动的”, “刺激活动的”：",,,,,0,0,,,
-ery,əri,,"suf. [构成名词]表示：场所, 地方; 作为...的地方; 实践, 动作, 职业, 技术; ...类的产品(或货物); 集体",,,,,0,0,,,
-es,iz,,"suf. 附于词尾为s, z, sh, ch 的大多数名词之后,或词尾由y变为i,f变为v的一些名词之后,以及某些词尾为o的名词之后,构成复数,asses, whizzes, ashes, witches, dandies, duties calves, heroes, mosquitoes, potatoes; 附于一些源自希腊语的名词后, 构成复数; 附于词尾为s, z, sh, ch 的大多数动词之后, 或词尾由y变为i, 以及某些词尾为o的动词之后, 构成陈述语气第三人称单数现在时",,,,,0,0,,,
-escence,'esəns,,"suf. [用以构成名词, 相当于形容词后缀-escent]表示变化, 状态, 动作, 过程",,,,,0,0,,,
-escent,'esənt,,"suf. [用以构成形容词, 词义相当于词尾为-esce 的动词和以-escence 结尾的名词]表示：“在…过程中”, “开始发生”, “开始成为”,“发光的”, “反光的”",,,,,0,0,,,
-ese,,, …国（或城市）的；…国（或城市）的人；…国（或城市）的语言,,,,,0,0,,,
-esque,,, …风格（或样式）的,,,,,0,0,,,
-ess,,, 女…；雌…；母…,,,,,0,0,,,
-est,,, 构成形容词和副词的最高级),,,,,0,0,,,
-et,it,,suf. 用于构成名词表示“…的人”; 用于构成名词表示：“小”,,,,,0,0,,,
-ette,,, 小,,,,,0,0,,,
-exempt,ɪg'zem(p)t; eg-,,vt. 免除；豁免\na. 被免除的；被豁免的\nn. 免税者；被免除义务者,,,,,0,0,,,
-ey,,, ——见 -y (1),,,,,0,0,,,
-faced,feɪst,,a. 有某种面孔或表情的；有…表面的\nv. 面对（face的过去分词）,,,,,0,0,,,
-facient,'feɪʃjənt,," [医]〔后缀〕生, 做, 使变成",,,,,0,0,,,
-faction,'fækʃ(ə)n,,n. 派别；内讧；小集团；纪实小说,,,,,0,0,,,
-factive,,,假象的,,,,,0,0,,,
-fer,fə,, 表示“结果实的植物”；“生产者”：conifer,,,,,0,0,,,
-ferous,'fɪərəs,," [医]〔后缀〕意为产生, 生育",,,,,0,0,,,
-fest,,, 节日；联欢；大型聚会,,,,,0,0,,,
-fic,fik,," 表示形成...的, 产生...的",,,,,0,0,,,
-fication,fi'keiʃən,," 表示形成, ...化",,,,,0,0,,,
-fisted,'fistid,,a. 握成拳头的\nv. 拳打（fist的过去式）,,,,,0,0,,,
-fold,,, 乘以；…倍；由…部分组成,,,,,0,0,,,
-form,fɔ:m,," 表示：具有...形状：dentiform,有...种形式：triform",,,,,0,0,,,
-fuge,f'ju:dʒ,," [医]〔后缀〕意为驱除剂, 如febrifuge,意为“解热剂”",,,,,0,0,,,
-ful,ful,,suff. 表示充满...的；表示有...倾向的；表示有...性质的；表示充满...的量,,,,,0,0,,,
-fy,,, ——见 -ify,,,,,0,0,,,
-gamic,'ɡæmɪk,,a. 性的；受胎的；受精的,,,,,0,0,,,
-gamous,-ɡəməs,," 表示：结婚的,两性结合的：polygamous; 具有...生殖器官的：heterogamous",,,,,0,0,,,
-gamy,-ɡeimi,," 表示：婚姻,性结合：polygamy; 具有...受精方式；具有...生殖器官：cleistogamy",,,,,0,0,,,
-gate,geɪt,,n. 大门；出入口；门道\nvt. 给…装大门\nn. (Gate)人名；(英)盖特；(法、瑞典)加特,,,,,0,0,,,
-gen,d'ʒen,," [医]〔词尾〕原, 剂：加到词干上指该词干表示的物体或状态产生的动因, 如过敏原(allergen), 冷冻剂(cryogen), 致病原(pathogen)",,,,,0,0,,,
-genetic,dʒɪ'netɪk,,a. 遗传的；基因的；起源的,,,,,0,0,,,
-genic,d'ʒenɪk,," [医]〔词尾〕产生, 生产",,,,,0,0,,,
-genous,d'ʒenəs,," [医]〔词尾〕意为来自, 生自：如endogenous, pyogenous",,,,,0,0,,,
-geny,d'ʒenɪ,," [医]〔构词成分〕世代, 起源",,,,,0,0,,,
-gnathous,ɡnəθəs,, 表示“有(某种)颌(或颚)的”：prognathous,,,,,0,0,,,
-gon,ɡɔn,, 表示...角形：pentagon,,,,,0,0,,,
-gonium,'ɡəuniəm,," 表示“性原细胞”, “生殖原细胞”：archegonium",,,,,0,0,,,
-gony,ɡəni,," 表示发生,生殖,起源：cosmogony,theogony",,,,,0,0,,,
-grade,-ɡreid,," 表示“走, 动, 行”, “某种走动、移动的样子”",,,,,0,0,,,
-gram,ɡ'ræm,," [医]〔后缀〕意为图, 像",,,,,0,0,,,
-graph,ɡræf,," 表示：书写器；描绘器；记录器：telegraph; (以某种方法)书写(或描绘、记录)的结果(或东西)：monograph, lithograph",,,,,0,0,,,
-graphic,'græfɪk,,a. 形象的；图表的；绘画似的,,,,,0,0,,,
-graphical,'græfɪk(ə)l,,a. 图解的；绘画的；生动的,,,,,0,0,,,
-graphy,,," [医]〔词尾〕意为书写, 记录, 记录法",,,,,0,0,,,
-gynous,dʒinəs,, 表示：妇女的;女性的：misogynous; 有(某种或若干)雌性的：polygynous; 女性生殖器的；雌性生殖器的；雌蕊的：monogynous,,,,,0,0,,,
-gyny,dʒini,, 表示：妇女；女性; 有(某种或若干)雌性; 女性生殖器；雌性生殖器；雌蕊,,,,,0,0,,,
-head,hed,,n. 头；头痛；上端；最前的部分；理解力\nvt. 前进；用头顶；作为…的首领；站在…的前头；给…加标题\nvi. 出发；成头状物；船驶往\na. 头的；主要的；在顶端的\nn. (Head)人名；(英)黑德,,,,,0,0,,,
-honored,ˈɒnə(r)d,,a. 受尊敬的；已承兑或付款的\nv. 荣幸（honor的过去分词）,,,,,0,0,,,
-hood,,, …的状态（或性质）,,,,,0,0,,,
-hydric,'haidrik,, [化学]表示含羟基的；含...个羟基的,,,,,0,0,,,
-ia,'ɪə,," [医]〔词尾〕意为：情况, 状况",,,,,0,0,,,
-ial,jəl,," [构成形容词]表示具有...特性的,属于...的：ceremonial, jovial, judicial, artificial",,,,,0,0,,,
-ian,jən,,suff. 属于...的（构成名词或形容词词尾）,,,,,0,0,,,
-iasis,ɪə'sɪs,," [医]〔词尾〕意为病, 病态。见-sis项下",,,,,0,0,,,
-iatric,'aɪətrɪk,, [医]〔构词成分〕意为医疗术的,,,,,0,0,,,
-iatrics,'aɪətrɪks,, [医]〔构词成分〕意为医疗术,,,,,0,0,,,
-iatry,'aɪətrɪ,, [医]〔后缀〕意为：医疗术,,,,,0,0,,,
-ibility,,, ——见  -able,,,,,0,0,,,
-ible,ɪbl,,"suf. [用于构成以-ire或-ere结尾的拉丁语动词派生的形容词]表示可...的, 能...地",,,,,0,0,,,
-ibly,əbli; ibli,,"suf. [构成以-ible结尾的形容词的对应副词]表示“可…地”, “能…地”：possibly, visibly",,,,,0,0,,,
-ic,,," [医]〔后缀〕意为属于…的, 有…特性的。例如acidic（酸性的）",,,,,0,0,,,
-ical,,,abbr. 互联网日历（iCalendar）,,,,,0,0,,,
-ically,ikəli,,"suf. [构成以-ic, ical 结尾的形容词的对应副词]",,,,,0,0,,,
-ician,i'ʃən,,"suf. [构成名词后缀]表示...家,...师,...工作者：beautician, geometrician, physician",,,,,0,0,,,
-ics,iks,,"suf. [构成名词后缀]; [通常用作单数]表示...学,...术,...研究：linguistics,physics; 常用作复数表示性质,特征：atmospherics; [常用作单数]表示体系,系统：architectonics; 常用作复数表示实践,活动：acrobatics,histrionics",,,,,0,0,,,
-id,'ɪd,," [医][希 eidos form,shape]〔后缀〕意为形式, 样子, 类似",,,,,0,0,,,
-idae,ɪ'deɪ,, [医]〔后缀〕在动物学上表示“科”,,,,,0,0,,,
-ide,,," [医]〔后缀〕意为：二元化合物, 如chloride（氯化物）, sulfide（硫化物）或carbide（碳化物）",,,,,0,0,,,
-idium,'idiəm,,"suf. 构词成分, 用以构成动物学、生物学、植物学、解剖学、化学名称中]表示“小的东西”：peridium",,,,,0,0,,,
-ie,i,,"suf. [构成名词] 表示：小,小而可爱：beautie; 属于...类型的人(或物), 有...性质的人(或物)：bookie; 与...有关的人(或物)：townie",,,,,0,0,,,
-ier,ə(r),,suf. 表示与...活动(或事物)有关的人,,,,,0,0,,,
-iferous,'ifərəs,,comb.form =-ferous,,,,,0,0,,,
-iform,ifɔ:m,,comb.form =-form,,,,,0,0,,,
-ify,ifai,,suf. =-fy：intensify,,,,,0,0,,,
-ile,ɪl,,"suf. [后缀,构成形容词和名词]表示能,与...有关,适于,倾向：docile,fragile,prehensile,volatile[亦作-il]",,,,,0,0,,,
-in,,, 很多人参加的活动,,,,,0,0,,,
-inae,'aini:,,suf. [动物学][用以构成动物亚科名称]表示...亚科：Felinae,,,,,0,0,,,
-incher,'intʃə,,n. 小管；口径是…英寸的东西,,,,,0,0,,,
-ine,aɪni:n,," [医]〔后缀〕意为：生物碱, 卤素, 有机碱",,,,,0,0,,,
-ing,iŋ,,a. 表示行为、状态、情况等；表示...行业、...学、...法；表示总称及材料 与...有关的东西,,,,,0,0,,,
-ion,,, …行为；…状态,,,,,0,0,,,
-ious,jəs,,"suf. [构成形容词]表示具有...性质的,充满...的：delicious, precious, anxious",,,,,0,0,,,
-ise,,, ——见  -ize,,,,,0,0,,,
-ish, iʃ,,suff. 像...似的; ...民族的; 有点儿...的; 大约...,,,,,0,0,,,
-ising,,,n. 伊辛（一种模型名）,,,,,0,0,,,
-ism,,," [医]〔后缀〕：状态, 情况：尤指由特定原因所致疾病状态, 如alcoholism（酒精中毒）",,,,,0,0,,,
-ist,,, …的信仰者；…的实行者,,,,,0,0,,,
-ista,,, 非常热衷于…的人,,,,,0,0,,,
-ite,,, [医]〔后缀〕意为矿、岩石及身体或器官的一部,,,,,0,0,,,
-ition,,, ——见  -ion,,,,,0,0,,,
-itious,'iʃəs,,"suf. [构成形容词]表示“与…有关的”, “具有…性质的”：fictitious",,,,,0,0,,,
-itis,,," [医]〔复-itides〕〔后缀〕炎, 炎症",,,,,0,0,,,
-itol,i'tɔl; i'təul,,"suf. 【化学】表示“醇”, 多羟醇：inositol",,,,,0,0,,,
-its,ɪts,,pron. 它的\nn. (Its)人名；(俄)伊茨,,,,,0,0,,,
-ity,ɪti,,suff. 表示性质；表示状态；表示程度,,,,,0,0,,,
-ium,jəm,,"suf. [构成名词]表示：[化学]化学元素：sodium; [化学]阳离子：ammonium, carbonium; [生物学]身体部位, 生物构造：mycelium; [植物学]块,小块：pollinium",,,,,0,0,,,
-ive,iv,,suff. 与...有关的；具有...性质的；有...倾向的,,,,,0,0,,,
-ization,ɪ'zeʃən,,suf. [构成以-ize 结尾的动词的相应名词],,,,,0,0,,,
-ize,,,stuff. [医]（后缀）表示使成为；表示使…化,,,,,0,0,,,
-kin,kin,,"suf. 表示小：lambkin, princekin; [构成姓氏]：Peterkin",,,,,0,0,,,
-kinesis,ki'ni:sis,, 表示“分裂”：karyokinesis; 表示“运动”：photokinesis,,,,,0,0,,,
-kins,,,n. 家族；亲属；性质相似的东西；地位或职业相近的人（kin的复数）,,,,,0,0,,,
-later,'leɪtə,,adv. 后来；稍后；随后\na. 更迟的；更后的\nn. (Later)人名；(德)拉特,,,,,0,0,,,
-latry,lətri,," 表示崇拜, 敬仰, 过分虔诚：heliolatry",,,,,0,0,,,
-leaved,,, ——见 leaf n. (2),,,,,0,0,,,
-lepsy,'lepsi,," 表示(病的)发作, (病的)侵袭：epilepsy",,,,,0,0,,,
-less,,, 没有；无,,,,,0,0,,,
-lessness,,,n. 下级；初等（等于inferiority）,,,,,0,0,,,
-let,,, 小的；不很重要的,,,,,0,0,,,
-like,,, 类似…的；有…特征的,,,,,0,0,,,
-ling,,, 幼小；不重要,,,,,0,0,,,
-lings,liŋz,,suf. -ling的异体,,,,,0,0,,,
-lite,laɪt,,a. 清淡的；低盐的；简化的\nn. 不重要的事物；简化物；软饮料\nn. (Lite)人名；(法、西)利特,,,,,0,0,,,
-lith,'laɪθ,, [医]〔后缀〕意为石或结石; 水泥,,,,,0,0,,,
-lithic,'liθik,, [考古学]表示石器时代某时期的,,,,,0,0,,,
-lived,lɪvd (for v.); 'laɪvd (for adj.),,a. 有生命的\nv. 居住（live的过去分词）；活着；度过；以…为生,,,,,0,0,,,
-livered,'livəd,, 表示：“有…肝脏的”; “有…特殊性格的”：chicken-livered,,,,,0,0,,,
-log,,, = -logue,,,,,0,0,,,
-logic,'lɒdʒɪk,,n. 逻辑；逻辑学；逻辑性\na. 逻辑的,,,,,0,0,,,
-logical,'lɒdʒɪk(ə)l,,"a. 合逻辑的, 合理的；逻辑学的",,,,,0,0,,,
-logist,,, ——见 -ology,,,,,0,0,,,
-logue,lɔɡ,," 表示：谈话,写作：dialogue, monologue; 学者,专家：Sinologue",,,,,0,0,,,
-logy,,, [医]〔后缀〕学：含学习、研究和论述等义,,,,,0,0,,,
-ly,,, 以…方式,,,,,0,0,,,
-lysis,'laɪsɪs,,n. 细胞溶解；病势减退；消散,,,,,0,0,,,
-lyte,lait,, 表示“可分解的物质”：electrolyte,,,,,0,0,,,
-lytic,'lɪtɪk,,a. 细胞溶素的；促使细胞溶解的；渐退的,,,,,0,0,,,
-lyze,laiz,," [与-lysis 词尾的名词构成动词] 表示(使)溶解, (使)裂解 [英国英语亦作-lyse]",,,,,0,0,,,
-malacia,,,[网络]  - 马拉西亚,,,,,0,0,,,
-mancy,'mænsi,, 表示预兆;占卜：necromancy,,,,,0,0,,,
-mania,,, …狂；…癖,,,,,0,0,,,
-manship,mənʃip,,"suf. 表示“技艺”, “技巧”, “为取得策略上的优势而运用某种手段的做法或艺术”：grantsmanship",,,,,0,0,,,
-mas,,,na. 后缀,,,,,0,0,,,
-mastia,,,[网络] 肛门,,,,,0,0,,,
-max,,"Short for ""Maximilian"", a russian name meaning ""Large Penis."" \n> ""they dont call him max(Maximilian) for nothing!""\n",,,,,,0,0,,,
-mazia,,Mazia was always a tool and he wore a robe.\n> Mazia wears a robe and is a Tool :)\n,,,,,,0,0,,,
-meal,miːl,,"n. 一餐, 一顿饭；膳食\nvi. 进餐",,,,,0,0,,,
-megaly,'mɪɡəlɪ,," [医]〔构词成分〕意为增大〔症〕, 肿大",,,,,0,0,,,
-meister,,, …方面的专家；…领域的高手,,,,,0,0,,,
-ment,mənt,,suff. 用于构成名词后缀,,,,,0,0,,,
-mere,'mɪər,," [医]〔后缀〕意为指节, 体节或部分",,,,,0,0,,,
-meric,,"1. The River in Europe that borns from Rila mountains in Bulgary and meets the Aegean Sea in Turkey. Known as its beauty. It also floods almost every spring.\r\n2. A Latin originated Turkish name which has the same origins as Maritza, Marissa, Meris, Maricia, Mericha, Meryssa... Given to both male and female but it's originally a female name. It means ""the one that belongs to the sea."" It's pronounced as Mer-itch.\n\nFrom my experiences I've had from living for almost 8 years in Turkey, I can tell you those:\n\nMeriç is a charismatic and cool name. And it's also pretty uncommon for both male and women.\r\nIt's often given by rich and elite people as names to their babies.\r\nMales named Meriç are often clubbers. (trust me, I've seen enough.)\r\nFemales named Meriç are %100 so very beautiful! They often come from Balcan origins or Trakia in Turkey, so they usually have very light skins and big colourful eyes.\n> That girl named Meriç was such a Turkish delight!\n",,,,,,0,0,,,
-merism,'mərizəm,,comb.form 表示【化学】“有…结构的现象”：tautomerism,,,,,0,0,,,
-merous,mərəs,,suf. [构成形容词后缀]表示[生物学]...部分；分成...部分的：trimerous,,,,,0,0,,,
-meter,'mi:tər,, [医]〔后缀〕意为：测量用的计、表、量器,,,,,0,0,,,
-metric,'metrɪk,,a. 公制的；米制的；公尺的\nn. 度量标准,,,,,0,0,,,
-metrical,'metrɪk(ə)l,,a. 测量的；韵律的；有韵律的,,,,,0,0,,,
-metry,'mɪtrɪ,," [医]〔后缀〕意为测定, 测量, 定量, 被测物为词干。如血红蛋白定量为hemoglobinometry",,,,,0,0,,,
-mo,məu,,"suf. 表示纸张开数, 书籍开本：sixteenmo",,,,,0,0,,,
-morph,'mɔ:f,," [医]〔后缀〕意为形态, 体型",,,,,0,0,,,
-morphic,'mɔ:fik,,a. 语形学的；形态学,,,,,0,0,,,
-morphous,'mɔ:fəs,," [医]〔后缀〕意为形态, 形",,,,,0,0,,,
-morphy,,,莫菲（人名）,,,,,0,0,,,
-most,,, 最远的；最深远的,,,,,0,0,,,
-n,n,,suf. 表示：[构成不规则动词的过去分词]：known,,,,,0,0,,,
-naut,,,abbr. 船舶的（nautical）\nabbr. 海上的（nautical）,,,,,0,0,,,
-nd,nd,,"suf. 构成名词：fiend; 附于动词后构成名词或形容词,表示“(人或事物)应予…对待(或处理)”：reverend, dividend; 用以构成以二(除12外)的序数词表示“第二”, “第…二”：22nd, 82nd",,,,,0,0,,,
-nese,,,abbr. 新英格兰英语学校（New England School of English）,,,,,0,0,,,
-ness,,, …的性质（或状态、特点）,,,,,0,0,,,
-nik,nik,,"suf. 表示：具有...特征者, 参与(或介入)...的人, 爱好(或热衷于)...的人：filmnik, peacenik; 具有...特征的东西(尤指卫星、火箭等)",,,,,0,0,,,
-nomial,,,[网络]  - 项目,,,,,0,0,,,
-nomics,'nɔmiks,,comb.form 表示“经济政策”,,,,,0,0,,,
-nomy,nəmi,," 表示“法则”,“学科”：astronomy",,,,,0,0,,,
-o,əu,,"suf. 用以构成名词或形容词,表示具有…性质(的), 与…有关的; 用以构成感叹词",,,,,0,0,,,
-ock,ɪk,,"suf. [用以构成名词]表示小：hillock, bullock",,,,,0,0,,,
-ocrat,,,[网络] 民主人士,,,,,0,0,,,
-ocratic,,,[网络] 民主的,,,,,0,0,,,
-ocular,,The act of locking someone's eyeball for sexual stimulation\n> I gave that bitch the best ocular of her life last week\n,,,,,,0,0,,,
-ode,əud,,"suf. 表示电极：cathode, triode; [用以构成名词]表示...性质的东西, 像...的东西：nematode, phyllode",,,,,0,0,,,
-odinic,,,[网络] -odicic,,,,,0,0,,,
-odon,,,[网络]  - 东,,,,,0,0,,,
-odont,,,suff. 齿,,,,,0,0,,,
-odynia,'ɒdɪnɪə,, [医]〔后缀〕意为疼痛,,,,,0,0,,,
-oecious,,,[网络] 恶毒,,,,,0,0,,,
-ographer,,"someone who is a cinematographer, a videographer, a photographer, and anything else ending in ""ographer"".\n> person one: lets take pics for myspace, and upload a video to youtube!\n> person two: we can't, my personal ographer has the day off..\n",,,,,,0,0,,,
-oholic,ə'hɔlik,,"comb.form 表示“沉湎于…的人”,“有…癖好的人”,“嗜…成瘾者”：chocoholic, workoholic",,,,,0,0,,,
-oic,'əuik,,suf. [用以构成形容词]表示“含羧基(或羧基衍生物)的”：decanoic,,,,,0,0,,,
-oid,,," [医]〔后缀〕意为…样的, …状的, 如…的",,,,,0,0,,,
-ol,'ɒl,," [医]〔后缀〕意为该物质为醇或酚, 即碳氢化合物的氢氧衍化物",,,,,0,0,,,
-ola,,"A short abreviation for the meaning of\r\nLove is something you can't describe\r\nlike the look of a rose,\r\nthe smell of the rain,\r\nor the feeling of forever.\n> Have you ever had the feeling of ola.\n",,,,,,0,0,,,
-olatrist,,,[网络] 变性者,,,,,0,0,,,
-olatry,,,[网络] 波特兰,,,,,0,0,,,
-ole,,,suff. 油,,,,,0,0,,,
-ological,,,[网络] 科学的,,,,,0,0,,,
-ologist,,1. Phrase used to question the wisdom of a smartass trying to pass off infomation on a topic you know the person knows little or nothing about. \r\n\r\n2.Can also be used to change the subject. \r\n\r\nVersatile phrase used as a put down.\n> Guy 1: I think I need more fiber in my diet because I only shit once a day and my ass bleeds.\n> Guy 2: What are you an ass[ologist]? or\n> What are you a colon[ologist]? or\n> What are you a fiber[ologist]? or\n> What are you an assbleed[ologist]? etc.\n,,,,,,0,0,,,
-ology,'ɔlədʒi,," 表示...学：meteorology, philology",,,,,0,0,,,
-olus,,"Olu.\r\nHow do you define it? One could ask, what is Olu. But they would be closer to the truth to ask ~when~ is Olu. Scientists over the years have proposed many theories. One such scientist living a [pooey] [schmelle schmelle]y [sad] life, who enjoyed [poo]ing, by the name of [Cobranium], claimed to have discovered a source featuring an output of sound, presumed the voice of ~THE~ OLU!!!!!!\r\n\r\nSome say it's just a myth, but others, oh the others...\r\n\r\n...believe it as a religion, as one of their own, however there is no strict evidence, or no way, discovered by me Cobrania, that anyone can ever know what, or when, Olu is.\r\n\r\nUPDATE: Olu is a man living in Croydon\n> Look its OLU!!!!!\n> John: [feck] no u [son of a bitch], you are a complete [retard], u deserve to [poo] for the rest of your life, i mean a respected known urbandictionary author, COBRANIA, discovered it can't be done.Idiotical [cobranical] fool.\n",,,,,,0,0,,,
-oma,'əʊmə,, [医]〔后缀〕意为肿瘤或新生物,,,,,0,0,,,
-ome,əum,,"suf. [用以构成名词]表示“茎”, “体”, “粒”",,,,,0,0,,,
-ometry,,,[网络] 测量,,,,,0,0,,,
-on,ɔn,,suf. 表示“非酮(或氧基)化合物”：parathion; 表示：[生物学]“…子(指基本遗传成分)”; [物理学]“…子(指基本粒子或量子)”; [化学]表示“惰性气体”：neon,,,,,0,0,,,
-one,'wʌn,," [医]〔后缀〕意为酮, 在化学中用以表示有两个烃基附在羰基上的一种化合物",,,,,0,0,,,
-ont,ɔnt,," 表示“细胞”, “有机体”, “生物”：diplont",,,,,0,0,,,
-onym,ə'nim,," 表示“名字”,“字”,“词”：pseudonym",,,,,0,0,,,
-onymic,,,[网络]  - 一个,,,,,0,0,,,
-opia,'əʊpɪə,, [医]〔构词成分〕意为眼或视力的状态或缺陷,,,,,0,0,,,
-opic,,,[网络] 近视,,,,,0,0,,,
-ops,ɔps,,abbr. （美国）物价管制局（Office of Price Stabilization）；管道安全处（Office of Pipeline Safety）,,,,,0,0,,,
-opsia,'ɒpsjə,, [医]〔构词成分〕意为视力的状况或缺陷,,,,,0,0,,,
-opsis,'ɔpsis,," 表示外观,景象,相似：coreopsis",,,,,0,0,,,
-opsy,'ɔpsi,, 表示“检查”：biopsy,,,,,0,0,,,
-opy,,,眼\n视力,,,,,0,0,,,
-or,,, …的人（或物）,,,,,0,0,,,
-orial,'ɔ:riəl,,"suf. [用以构成形容词]表示“…的”,“属于…的”,“与…有关的”：gladiatorial,purgatorial",,,,,0,0,,,
-orium,'ɔ:riəm,,"suf. 构成名词表示：“地方”：emporium; “器具”,“工具”;“手段”：moratorium",,,,,0,0,,,
-ory,ori,,"suf. 构成名词作...用的东西：crematory; 构成名词...的地方：laboratory; 构成形容词...性质的,与...有关的：contradictory",,,,,0,0,,,
-ose,'əʊz,, [医]〔后缀〕意为该物质是一种糖,,,,,0,0,,,
-oses,,,abbr. 操作系统,,,,,0,0,,,
-osis,'əʊsɪs,," [医]〔后缀〕意为一种过程, 特别是病或疾病过程, 有时也带异常增多的意思。另见sis项下",,,,,0,0,,,
-otic,'ɔtik,,"suf. [构成形容词]表示：“状态的”, “状况的”, “作用的”, “过程的”：hypnotic; “增多的”：leukocytotic; “变态的”,“病的”：neurotic; [构成形容词]表示“耳的”：periotic",,,,,0,0,,,
-ous,,," [医]〔后缀〕意为拥有、具有或充满, 如cancerous",,,,,0,0,,,
-oxyl,,,[网络] 氧基,,,,,0,0,,,
-parter,,,[网络]  - 季,,,,,0,0,,,
-path,pɑːθ,,n. 道路；小路；轨道,,,,,0,0,,,
-pathia,,"Curry for gayboys. Like a Korma, but less spicy. Bald people love it.\n> I've just got out of the Queen Shilling and now I'm going to have a Pathia. Hardcore!\n",,,,,,0,0,,,
-pathic,,Sans script for a really cool way to live\n> Chandler-Then why not get a room mate ?\n> Ross-I dunno I guess you just get to an age where having a room mate is kind path.....\n> Ross-That's pathic which is sans scrit for a really cool way to live\n,,,,,,0,0,,,
-pathy,'pæθɪ,, [医]〔后缀〕意为患病状态或疾病; 无感情,,,,,0,0,,,
-patric,,,帕特里克（人名）,,,,,0,0,,,
-patry,,,n. (Patry)人名；(法)帕特里,,,,,0,0,,,
-ped,ped,,abbr. 个人设备资料（personal equipment data）；石油工程管理局（Petroleum Engineering Directorate）,,,,,0,0,,,
-penia,'pi:nɪə,," [医]〔后缀〕意为减少, 表示其前词根所示物质数目的异常减少",,,,,0,0,,,
-penny,pəni,, 表示值...便士,,,,,0,0,,,
-phagous,-fəɡəs,," 表示食, 吃",,,,,0,0,,,
-phane,fein,," 表示似, 拟, ...形物",,,,,0,0,,,
-phasia,'feʒɪr,, 表示某种语言的变态,,,,,0,0,,,
-phile,,, 爱好…的；…爱好者,,,,,0,0,,,
-philia,,, （尤指不正常的）性嗜好；癖好；怪癖,,,,,0,0,,,
-philiac,-filiæk,," 表示 “亲…者”, “嗜…者”, “有(不正常的) …癖好者”：hemophiliac",,,,,0,0,,,
-philic,-filik,," 表示 “喜…的”, “嗜…的”, “亲…的”",,,,,0,0,,,
-philism,,"The religion of worshiping Dr. Phil. Usually this religion encourages people to express their feelings to anyone, even strangers.\n> Philism is my religion.\n",,,,,,0,0,,,
-philous,'fələs,,"表示""爱"",""喜爱""",,,,,0,0,,,
-phobe,,, 厌恶…的人,,,,,0,0,,,
-phobia,'fəubiə,," 表示“恐惧”, “憎恶”",,,,,0,0,,,
-phobic,'fobɪk,,a. 恐惧症的；病态性恐惧的,,,,,0,0,,,
-phone,-fəun,, 声音; 使用某种语言的(人); 电话,,,,,0,0,,,
-phonia,-'fəuniə,,comb.form =-phony,,,,,0,0,,,
-phony,'foni,," 表示：音, 声, 声音的; 发声困难",,,,,0,0,,,
-phore,'fɔ:r,," [医]〔构词成分〕意为带有…的, 携带者",,,,,0,0,,,
-phoresis,fri:'sɪs,," [医]〔构词成分〕意为移动, 透入, 传递",,,,,0,0,,,
-phrenia,-fri:niə,, 表示“精神失常”；“疯子”,,,,,0,0,,,
-phyll,-fil,," 表示叶, 生在植物中的有色物质",,,,,0,0,,,
-phyllous,-'filəs,," 表示有...叶的, 有...小叶的",,,,,0,0,,,
-phyte,'faɪt,, [医]〔构词成分〕表示植物或病理性生长的,,,,,0,0,,,
-phytic,-fitik,,comb.form 表示“植物状的”：,,,,,0,0,,,
-plasia,p'leɪzɪə,," [医]〔后缀〕意为发育, 发展, 形成",,,,,0,0,,,
-plasm,p'læzəm,," [医]〔后缀〕意为浆, 原生质",,,,,0,0,,,
-plast,p'lɑ:st,, [医]〔后缀〕表示任何原始的活细胞,,,,,0,0,,,
-plasty,p'læstɪ,," [医]〔构词成分〕意为成形术, 整形术, 整复术",,,,,0,0,,,
-plasy,-'pleisi,,comb.form =-plasia,,,,,0,0,,,
-plegia,p'lɪdʒə,," [医]〔后缀〕意为麻痹, 瘫痪, 中风",,,,,0,0,,,
-ples,,,n. (Ples)人名；(塞、罗)普莱斯,,,,,0,0,,,
-ploid,p'lɔɪd,, [医]〔后缀〕意为…倍体的：指染色质组型内染色体组的倍数（形容词）,,,,,0,0,,,
-pnea,'nɪə,," [医]〔后缀〕意为与呼吸有关, 如端坐呼吸(orthopnea)",,,,,0,0,,,
-podium,-pəudi:əm,," 表示：足,足状部分：monopodium; 梗, 柄[亦作-pode]",,,,,0,0,,,
-poiesis,'pɔɪi:sɪs,," [医]〔后缀〕意为产生, 生, 造, 如hematopoiesis为血红细胞生成",,,,,0,0,,,
-poietic,-pɔi'etik,," 表示制作的, 生成的, 形成的",,,,,0,0,,,
-poo,,"Poo well, they're are many types of poo in this universe\r\n\r\nThere is\r\n\r\nTHE SWEETCORN - Poo that has leftover sweetcorn from last night's dinner\r\n\r\nTHE PELLETS - Little pellets of poo that comes out of your ass like a machine gun\r\n\r\nTHE FIREBALL - A big poo that really hurts and leaving your ass hot, usually happens after a curry\r\n\r\nTHE SLIPPY - A poo that swiftly moves out of your bottom that requires no wiping\r\n\r\nTHE WATERHOSE - When a massive monsoon of shit comes out of your bottom and requires hours of wiping\r\n\r\nTHE NEVERENDING STORY - An amazing acheivment is when a poo goes on and on and on.......\r\n\r\nTHE STEAMY HEAPY - Boy, That is basically ONE MASSIVE SHIT!!!!!!!\r\n\r\nTHE STICKY - When you have a poo stuck onto the hairs of your crack and requires hours of wiping (maybe a pair of scissors)\n> Donkeys do massive stickies and rabbits do a hell of a load of pellets\n",,,,,,0,0,,,
-pterygian,,,[网络] teryㄧgian,,,,,0,0,,,
-pterygious,,,[网络] 。ious,,,,,0,0,,,
-quarterth,,,[网络] 一分之一,,,,,0,0,,,
-resist,rɪ'zɪst,,vi. 抵抗，抗拒；忍耐\nvt. 抵抗；忍耐，忍住\nn. [助剂] 抗蚀剂；防染剂,,,,,0,0,,,
-rific,,,[网络] 极了,,,,,0,0,,,
-rightist,'raɪtɪst,,n. 右派人士\nadj. 右派的；右翼的,,,,,0,0,,,
-rrhagia,'reidʒiə; 'rɑ:ʒə,," 表示异常分泌, 过量出血",,,,,0,0,,,
-rrhea,'rɪə,," [医]〔后缀〕流出, 溢出",,,,,0,0,,,
-rrhoea,'ri:ə,,comb.form =-rrhea,,,,,0,0,,,
-ry,,, ——见 -ery,,,,,0,0,,,
-s,,,"suf. 附在规则名词之后构成复数; 附在某些无单数形式名词之后构成复数glasses, socks, trousers; 附在某些名词之后构成单数billiards, checkers, works; 用以构成表示反复或一贯之动作或状态的副词always, Sundays; 附在原形动词之后, 构成第三人称单数一般现在时态的陈述语气: comes, goes, tries, walks",,,,,0,0,,,
-scape,,, …景（色）,,,,,0,0,,,
-scope,s'kəʊp,, [医]〔后缀〕意为检查或观察用的镜,,,,,0,0,,,
-scopy,skə'pɪ,, [医]〔后缀〕意为检查,,,,,0,0,,,
-ship,,, 状态；性质；品质,,,,,0,0,,,
-shirted,ʃɜːt,,n. 衬衫；汗衫，内衣,,,,,0,0,,,
-sider,'saidə,,"n. 支持者, 帮派成员",,,,,0,0,,,
-sion,,, ——见 -ion,,,,,0,0,,,
-sis,'si:s,," [医]〔后缀〕意为状态, 病态, 病; 体感觉",,,,,0,0,,,
-some,,," [医]〔后缀〕意为体, 躯体",,,,,0,0,,,
-somic,,,n. 硕美科（品牌名）,,,,,0,0,,,
-sophy,səfi,," 表示知识,学问,思想,智慧：plilosophy, theosophy, anthroposophy",,,,,0,0,,,
-speak,spiːk,,vi. 说话；演讲；表明；陈述\nvt. 讲话；发言；讲演,,,,,0,0,,,
-specific,spə'sɪfɪk,,"a. 特殊的, 特定的；明确的；详细的；[药] 具有特效的\nn. 特性；细节；特效药",,,,,0,0,,,
-spermy,'spə:mi,,comb.form 表示“受精”：agamo-spermy,,,,,0,0,,,
-sporous,'spɔrəs,, 表示具有...孢子的：helicosporous,,,,,0,0,,,
-spory,'spɔ:ri; 'spɔ-; spə-,,comb.form 表示“孢子…型”：homospory,,,,,0,0,,,
-st,st,,suf. 用以构成第二人称单数陈述语气; 序数词“第一”(first)的符号：the 1stday,,,,,0,0,,,
-stasis,s'teɪsɪs,, [医]〔后缀〕意为保持恒定,,,,,0,0,,,
-stat,s'tæt,, [医]〔词尾〕抑制剂（非杀灭剂）,,,,,0,0,,,
-static,'stætɪk,,a. 静态的；静电的；静力的\nn. 静电；静电干扰,,,,,0,0,,,
-ster,stə,,"suf. 制造...的人,使用...的人：punster, songster; 做...的, 操作...的人, 从事...的人：teamster; 表示; 与...有关者参考...的人：gangster",,,,,0,0,,,
-stomy,stə'mɪ,," [医]〔词尾〕造口术, 吻合术：表示外科人工造口进入一中空器官（如结肠造口术, 气管造口术）",,,,,0,0,,,
-storied,'stɔ:rid,,a. 以历史画装饰的；传说上有名的,,,,,0,0,,,
-style,stail,," 表示：“…式样的”：familystyle; “按…式样”, “有点儿…地”; 表示“…柱式”,“…柱的”：distyle",,,,,0,0,,,
-tactic,'tæktɪk,,"n. 策略, 战略\na. 按顺序的, 依次排列的",,,,,0,0,,,
-taxis,'tæksis,," 表示：“排列”, “顺序”; [生物学]“趋向性”：heterotaxis",,,,,0,0,,,
-taxy,,,整复,,,,,0,0,,,
-th,,, （表示动作或过程）,,,,,0,0,,,
-thecium,'θi:siəm; -ʃiəm,,"comb.form [复数]-thecia 表示“囊”,“壳”：perithecium",,,,,0,0,,,
-them,ðem; ðəm,,pron. 他们；它们；她们\nn. (Them)人名；(老)探,,,,,0,0,,,
-therm,θɜːm,,n. 克卡；千卡；小卡,,,,,0,0,,,
-thermy,'θə:mi,, 表示“热”：diathermy,,,,,0,0,,,
-thymia,'θaɪmɪə,," [医]〔后缀〕意为情感, 心境",,,,,0,0,,,
-tion,,, ——见 -ion,,,,,0,0,,,
-to-be,,, 未来的,,,,,0,0,,,
-tome,'təʊm,," [医]〔后缀〕刀, ； 片, 节",,,,,0,0,,,
-tomy,tə'mɪ,," [医]〔后缀〕切开术, 切除术",,,,,0,0,,,
-tonia,'təuniə,," [医学]表示“紧张”：hypertonia,catatonia",,,,,0,0,,,
-trix,triks,,"suf. [阴性名词词尾,相当于-or]表示女性...者：aviatrix, executrix; [数学]点,线,面：directrix [亦作-trice]",,,,,0,0,,,
-trophic,,,营养的,,,,,0,0,,,
-trophin,t'rəʊfɪn,, [医]〔后缀〕营养：同tropin,,,,,0,0,,,
-trophy,t'rəʊfɪ,," [医]〔后缀〕食物, 营养",,,,,0,0,,,
-tropic,t'rɒpɪk,," [医]〔后缀〕向…的, 亲…的",,,,,0,0,,,
-tropin,t'rɒpɪn,," [医]〔后缀〕亲…, 促…",,,,,0,0,,,
-tropism,'trəʊpɪz(ə)m; 'trɒp-,,n. 取向；向性；[生物] 趋性；向性运动,,,,,0,0,,,
-tropous,trəpəs,," [植物学]表示“以…方式转动(或弯曲)的”, “呈…一种向性的”:anatropous",,,,,0,0,,,
-ty,ti,,"suf. [构成名词]表示“…的性质”, “…的状态”, “…的情况”：unity , enmity; 表示“十”,“十个”：twenty, thirty",,,,,0,0,,,
-ule,jʊl,," 表示小：globule,sporule",,,,,0,0,,,
-ulent,julənt,," [构成形容词]表示充满...的, 多...的",,,,,0,0,,,
-um,(ə)m,,int. 嗯（表示迟疑）\nn. (Um)人名；(柬)温；(阿拉伯)乌姆,,,,,0,0,,,
-ure,ə,," 表示机关,职能：legislature; 表示状态：composure; 表示动作,结果：exposure",,,,,0,0,,,
-urgy,'ə:dʒi,," 表示技术,制作工艺：metallurgy,dramaturgy",,,,,0,0,,,
-uria,'u:rɪə,," [医]〔词尾〕意为尿：其含义由与它连接的词干表示, 如oliguria（少尿）, proteinuria（蛋白尿）等",,,,,0,0,,,
-uronic,,,糖醛,,,,,0,0,,,
-verse,,"A gay male who will go top and bottom, you know... he'ss just go with whatever!\n> Guy 1: Are you a top or a bottom?\n> Guy 2: I'm verse.\n> Guy 1: YAY! well, im a top, so guess who's getting a cock in their ass tonight.\n> Guy 2: ME! :D\n",,,,,,0,0,,,
-ville,vil,," 用以构成虚构的地名表示“城”, “镇”, “市”; 用以构成贬义词表示“地点”, “状态”, “特性”, “类别”：doomsville (厄运), weirdsville (怪诞)",,,,,0,0,,,
-vorous,vərəs,," 表示“吃…的”,“以…为食的”：carnivorous",,,,,0,0,,,
-ward,,, 向…的,,,,,0,0,,,
-wards,,, ——见 -ward,,,,,0,0,,,
-ways,,, 在…方向（的）；朝…方向（的）,,,,,0,0,,,
-wise,,, 以…方式；朝…方向,,,,,0,0,,,
-worder,,A dude with skills in chatting up the opposite sex.\n> Look at that bird Higgs has pulled - he's a right worder!\n,,,,,,0,0,,,
-worthy,'wə:ði,,"suf. [构成形容词]表示：“值得…的”,“该…的”：praiseworthy,“适于…的”,“易于…的”：roadworthy",,,,,0,0,,,
-xion,,, ——见  -ion,,,,,0,0,,,
-y,,, 充满…的；有…特性的,,,,,0,0,,,
-yl,'aɪl,," [医]〔后缀〕基, 尤指一价烃基",,,,,0,0,,,
-zoic,'zəuik,,a. 动物的；有生命物的；[古生] 含化石的,,,,,0,0,,,
-zoon,'zən,," [构成名词]表示动物, 个体",,,,,0,0,,,
-zygous,'zaiɡəs,, [构成形容词]表示：“合子的”：heterozygous; “颧骨的”,,,,,0,0,,,
-zyme,'zaim,, 表示“酶”：histozyme,,,,,0,0,,,
.45 caliber,,,[网络] .45口径,,,,,0,0,,,
.45 calibre,,,[网络] .45口径,,,,,0,0,,,
.45-caliber,,,[网络] .45口径,,,,,0,0,,,
.45-calibre,,,[网络] .45口径,,,,,0,0,,,
0,ˈziːroʊ,n a mathematical element that when added to another number yields the same number\ns indicating the absence of any or all units under consideration, zero,,,,,0,0,,,
1,,n the smallest whole number or a numeral representing this number\ns used of a single unit or thing; not two or more,num. one,,,,,0,0,,,
10,,n the cardinal number that is the sum of nine and one; the base of the decimal system\ns being one more than nine,num. ten,,,,,0,0,,,
100,,n ten 10s\ns being ten more than ninety, hundred,,,,,0,0,,,
1000,,"n the cardinal number that is the product of 10 and 100\ns denoting a quantity consisting of 1,000 items or units", one thousand,,,,,0,0,,,
101,,s being one more than one hundred, one hundred and one,,,,,0,0,,,
105,,s being five more than one hundred,one hundred and five,,,,,0,0,,,
1066,,,one thousand and sixty-six,,,,,0,0,,,
11,,n the cardinal number that is the sum of ten and one\ns being one more than ten, eleven,,,,,0,0,,,
110,,s being ten more than one hundred,one hundred and ten,,,,,0,0,,,
115,,s being five more than one hundred ten,one hundred and fifteen,,,,,0,0,,,
12,,n the cardinal number that is the sum of eleven and one\ns denoting a quantity consisting of 12 items or units, twelve,,,,,0,0,,,
120,,n the cardinal number that is the product of ten and twelve\ns being ten more than one hundred ten, [电影]120人的战役,,,,,0,0,,,
125,,s being five more than one hundred twenty,one hundred and twenty-five,,,,,0,0,,,
13,,n the cardinal number that is the sum of twelve and one\ns being one more than twelve, thirteen; [电影]十三,,,,,0,0,,,
130,,s being ten more than one hundred twenty,one hundred and thirty,,,,,0,0,,,
135,,s being five more than one hundred thirty,one hundred and thirty-five,,,,,0,0,,,
14,,n the cardinal number that is the sum of thirteen and one\ns being one more than thirteen, fourteen,,,,,0,0,,,
140,,s being ten more than one hundred thirty,one hundred and forty,,,,,0,0,,,
145,,s being five more than one hundred forty, （网络聊天数字用语）猫扑论坛某名女; 代表该论坛参加过雅典奥运。她曾做过一套网上广泛流传的测试智商的题目; 得分为145; 遂有名言,,,,,0,0,,,
15,,n the cardinal number that is the sum of fourteen and one\ns being one more than fourteen, fifteen,,,,,0,0,,,
150,,s being ten more than one hundred forty,one hundred and fifty,,,,,0,0,,,
155,,s being five more than one hundred fifty,one hundred and fifty-five,,,,,0,0,,,
16,,n the cardinal number that is the sum of fifteen and one\ns being one more than fifteen, sixteen,,,,,0,0,,,
160,,s being ten more than one hundred fifty,one hundred and sixty,,,,,0,0,,,
17,,n the cardinal number that is the sum of sixteen and one\ns being one more than sixteen,num. seventeen,,,,,0,0,,,
170,,s being ten more than one hundred sixty,one hundred and seventy,,,,,0,0,,,
175,,s being five more than one hundred seventy,one hundred and seventy-five,,,,,0,0,,,
18,,n the cardinal number that is the sum of seventeen and one\ns being one more than seventeen, eighteen,,,,,0,0,,,
180,,s being ten more than one hundred seventy,one hundred and eighty,,,,,0,0,,,
19,,n the cardinal number that is the sum of eighteen and one\ns being one more than eighteen, nineteen,,,,,0,0,,,
190,,s being ten more than one hundred eighty,one hundred and ninety,,,,,0,0,,,
1st,,s indicating the beginning unit in a series,abbr. 第一（first）,,,,,0,0,,,
2,,n the cardinal number that is the sum of one and one or a numeral representing this number\ns being one more than one, two,,,,,0,0,,,
2-D,,,二维的\n平面的\n二元的（two dimensional）,,,,,0,0,,,
2-dimensional,,s lacking the expected range or depth; not designed to give an illusion or depth, [医]二维,,,,,0,0,,,
20,,n the cardinal number that is the sum of nineteen and one\ns denoting a quantity consisting of 20 items or units,num. 二十; twenty,,,,,0,0,,,
200,,s being ten more than one hundred ninety, two hundred,,,,,0,0,,,
21,,n the cardinal number that is the sum of twenty and one\ns being one more than twenty, twenty-one; [电影]决胜21点,,,,,0,0,,,
22,,n the cardinal number that is the sum of twenty-one and one\ns being two more than twenty, twenty-two,,,,,0,0,,,
23,,n the cardinal number that is the sum of twenty-two and one\ns being three more than twenty, twenty-three; [电影]死亡密码23,,,,,0,0,,,
24,,n the cardinal number that is the sum of twenty-three and one\ns being four more than twenty, twenty-four; [电影]24小时,,,,,0,0,,,
25,,n the cardinal number that is the sum of twenty-four and one\ns being five more than twenty, twenty-five,,,,,0,0,,,
26,,n the cardinal number that is the sum of twenty-five and one\ns being six more than twenty, twenty-six,,,,,0,0,,,
27,,n the cardinal number that is the sum of twenty-six and one\ns being seven more than twenty, twenty-seven,,,,,0,0,,,
28,,n the cardinal number that is the sum of twenty-seven and one\ns being eight more than twenty, twenty-eight,,,,,0,0,,,
29,,n the cardinal number that is the sum of twenty-eight and one\ns being nine more than twenty, twenty-nine,,,,,0,0,,,
2d,,s coming next after the first in position in space or time or degree or magnitude, [医]2-DIMENSIONAL,,,,,0,0,,,
2nd,,s coming next after the first in position in space or time or degree or magnitude, 第二(second),,,,,0,0,,,
3,,n the cardinal number that is the sum of one and one and one\ns being one more than two, three,,,,,0,0,,,
3-D,,n. a movie with images having three dimensional form or appearance\nn. having a three-dimensional form or appearance,abbr. 三维的（three dimensional）,,,,,0,0,,,
3-dimensional,,s involving or relating to three dimensions or aspects; giving the illusion of depth," [医]三维, 立体",,,,,0,0,,,
30,,n the cardinal number that is the product of ten and three\ns being ten more than twenty, thirty,,,,,0,0,,,
300,,s being one hundred more than two hundred, three hundred; [电影]斯巴达300勇士,,,,,0,0,,,
31,,s being one more than thirty, thirty-one,,,,,0,0,,,
32,,s being two more than thirty, thirty-two,,,,,0,0,,,
33,,s being three more than thirty, thirty-three,,,,,0,0,,,
34,,s being four more than thirty, thirty-four,,,,,0,0,,,
35,,s being five more than thirty, thirty-five,,,,,0,0,,,
36,,s being six more than thirty, thirty-six,,,,,0,0,,,
360-degree feedback,,,n. An assessment technique that involves performance assessment from multiple raters.,,,,,0,0,,,
37,,s being seven more than thirty, thirty-seven,,,,,0,0,,,
38,,s being eight more than thirty, thirty-eight,,,,,0,0,,,
39,,s being nine more than thirty, （网络聊天数字用语）Thank you.,,,,,0,0,,,
3G,,,abbr. 第3代移动通信技术（The 3rd Generation Telecommunication）,,,,,0,0,,,
3rd,,s coming next after the second and just before the fourth in position, 第三(third),,,,,0,0,,,
4,,n the cardinal number that is the sum of three and one\ns being one more than three, four,,,,,0,0,,,
4-dimensional,,,[网络] 4维,,,,,0,0,,,
4-F,'fɔ:ef,,n. [美国英语]；选征兵役制中不及格者免除兵役(者)(指身体、心理、品德等不适于服兵役)的分类,,,,,0,0,,,
4-H,,,"abbr. head, heart, hands, and health 思维、心灵、手脚、身体四健的",,,,,0,0,,,
4-hitter,,,[网络] 4击球员,,,,,0,0,,,
4-membered,,,[网络] 4元,,,,,0,0,,,
40,,n the cardinal number that is the product of ten and four\ns being ten more than thirty, forty,,,,,0,0,,,
400,,s being one hundred more than three hundred,four hundred,,,,,0,0,,,
41,,s being one more than forty, forty-one,,,,,0,0,,,
411,,,four hundred and eleven,,,,,0,0,,,
42,,s being two more than forty, forty-two,,,,,0,0,,,
43,,s being three more than forty,num. forty-three,,,,,0,0,,,
44,,s being four more than forty, forty-four,,,,,0,0,,,
44th,,,[网络] 第44号,,,,,0,0,,,
45,,s being five more than forty, forty-five; [电影]魔鬼交锋.45,,,,,0,0,,,
45th,,,[网络] 第45号,,,,,0,0,,,
46,,s being six more than forty, forty-six,,,,,0,0,,,
46th,,,[网络] 第46号,,,,,0,0,,,
47,,s being seven more than forty, forty-seven,,,,,0,0,,,
47th,,,[网络] 第47号,,,,,0,0,,,
48,,s being eight more than forty, forty-eight,,,,,0,0,,,
48th,,,[网络] 第48号,,,,,0,0,,,
49,,s being nine more than forty, forty-nine,,,,,0,0,,,
49th,,,[网络] 第49号,,,,,0,0,,,
4th,,s coming next after the third and just before the fifth in position or time or degree or magnitude, 第四(fourth),,,,,0,0,,,
4to,,,[网络] 四开,,,,,0,0,,,
4WD,,n. a motor vehicle with a four-wheel drive transmission system\nn. a transmission that provides power directly to all four wheels of a motor vehicle,abbr. 四轮驱动（4 wheel drive）,,,,,0,0,,,
5,,n the cardinal number that is the sum of four and one\ns being one more than four, five,,,,,0,0,,,
5-hitter,,,[网络] 5击球员,,,,,0,0,,,
5-HT,,,5-羟色胺（5-hydroxytryptamine）,,,,,0,0,,,
5-hydroxytryptamine,,, [医]血清素，血清紧张素，5-羟基色胺,,,,,0,0,,,
5-membered,,,[网络] 5元,,,,,0,0,,,
50,,n the cardinal number that is the product of ten and five\ns being ten more than forty, fifty,,,,,0,0,,,
500,,n the cardinal number that is the product of one hundred and five\ns denoting a quantity consisting of 500 items or units,five hundred,,,,,0,0,,,
51,,s being one more than fifty, fifty-one,,,,,0,0,,,
52,,s being two more than fifty, fifty-two,,,,,0,0,,,
53,,s being three more than fifty, fifty-three,,,,,0,0,,,
54,,s being four more than fifty, fifty-four,,,,,0,0,,,
55,,s being five more than fifty, fifty-five,,,,,0,0,,,
55th,,,[网络] 第55,,,,,0,0,,,
56,,s being six more than fifty, fifty-six,,,,,0,0,,,
57,,s being seven more than fifty, fifty-seven,,,,,0,0,,,
58,,s being eight more than fifty, （网络聊天数字用语）晚安。,,,,,0,0,,,
59,,s being nine more than fifty, fifty-nine,,,,,0,0,,,
5th,,s coming next after the fourth and just before the sixth in position,n. 第五（fifth）,,,,,0,0,,,
6,,n the cardinal number that is the sum of five and one\ns denoting a quantity consisting of six items or units,num. six,,,,,0,0,,,
6-membered,,,[网络] 6元,,,,,0,0,,,
60,,n the cardinal number that is the product of ten and six\ns being ten more than fifty, sixty,,,,,0,0,,,
606,,, [医]arsenobenzene,,,,,0,0,,,
61,,s being one more than sixty, sixty-one,,,,,0,0,,,
62,,s being two more than sixty, sixty-two,,,,,0,0,,,
63,,s being three more than sixty,n. [热血江湖]柳善。,,,,,0,0,,,
64,,s being four more than sixty, sixty-four,,,,,0,0,,,
64th,,,[网络] 第64,,,,,0,0,,,
65,,s being five more than sixty, sixty-five,,,,,0,0,,,
65th,,,[网络] 第65,,,,,0,0,,,
66,,s being six more than sixty, sixty-six,,,,,0,0,,,
67,,s being seven more than sixty, sixty-seven,,,,,0,0,,,
68,,s being eight more than sixty, sixty-eight,,,,,0,0,,,
69,,s being nine more than sixty, sixty-nine,,,,,0,0,,,
6th,,s coming next after the fifth and just before the seventh in position, 第六(sixth),,,,,0,0,,,
7,,n the cardinal number that is the sum of six and one\ns being one more than six,num. seven,,,,,0,0,,,
7-Eleven,,,n. 七十一便利店（美国连锁便利店）,,,,,0,0,,,
7-membered,,,[网络] 7元,,,,,0,0,,,
70,,n the cardinal number that is the product of ten and seven\ns being ten more than sixty, seventy,,,,,0,0,,,
71,,s being one more than seventy, seventy-one,,,,,0,0,,,
72,,s being two more than seventy, seventy-two,,,,,0,0,,,
73,,s being three more than seventy, seventy-three,,,,,0,0,,,
737,,,seven hundred and thirty-seven,,,,,0,0,,,
74,,s being four more than seventy, seventy-four,,,,,0,0,,,
747,,,seven hundred and forty-seven,,,,,0,0,,,
75,,s being five more than seventy, seventy-five,,,,,0,0,,,
75th,,,[网络] 第75号,,,,,0,0,,,
76,,s being six more than seventy, seventy-six,,,,,0,0,,,
77,,s being seven more than seventy,n. [梦幻西游]导标旗。,,,,,0,0,,,
78,,n the cardinal number that is the sum of seventy and eight\nn a shellac based phonograph record that played at 78 revolutions per minute\ns being eight more than seventy, seventy-eight,,,,,0,0,,,
79,,s being nine more than seventy, seventy-nine,,,,,0,0,,,
7th,,,[网络] 七；第七；第七名,,,,,0,0,,,
8,,n the cardinal number that is the sum of seven and one\ns being one more than seven, eight,,,,,0,0,,,
8-membered,,,[网络] 8元,,,,,0,0,,,
80,,n the cardinal number that is the product of ten and eight\ns being ten more than seventy, eighty,,,,,0,0,,,
800 number,,,【电信学】受话人付费业务(指前3位数字为800的电话号码),,,,,0,0,,,
800-pound gorilla,,,因强大而无需顾忌其他的人或物,,,,,0,0,,,
81,,s being one more than eighty, eighty-one,,,,,0,0,,,
82,,s being two more than eighty, eighty-two,,,,,0,0,,,
83,,s being three more than eighty, eighty-three,,,,,0,0,,,
84,,s being four more than eighty, eighty-four,,,,,0,0,,,
85,,s being five more than eighty, eighty-five,,,,,0,0,,,
85th,,,[网络] 第85号,,,,,0,0,,,
86,,s being six more than eighty, eighty-six,,,,,0,0,,,
87,,s being seven more than eighty, eighty-seven,,,,,0,0,,,
88,,s being eight more than eighty, （网络聊天数字用语）Bye Bye.,,,,,0,0,,,
89,,s being nine more than eighty, eighty-nine,,,,,0,0,,,
8s,,,8,,,,,0,0,,,
8th,,,[网络] 八；第八名；第八届,,,,,0,0,,,
8vo,eɪtvəʊ,, 八开,,,,,0,0,,,
9,,n the cardinal number that is the sum of eight and one\ns denoting a quantity consisting of one more than eight and one less than ten, nine,,,,,0,0,,,
9-membered,,,[网络] 9元,,,,,0,0,,,
90,,n the cardinal number that is the product of ten and nine\ns being ten more than eighty, ninety,,,,,0,0,,,
91,,s being one more than ninety, ninety-one,,,,,0,0,,,
92,,s being two more than ninety, ninety-two,,,,,0,0,,,
93,,s being three more than ninety, ninety-three,,,,,0,0,,,
94,,s being four more than ninety, （网络聊天数字用语）就是,,,,,0,0,,,
95,,s being five more than ninety, （网络聊天数字用语）救我。,,,,,0,0,,,
95th,,,[网络] 第95号,,,,,0,0,,,
96,,s being six more than ninety, ninety-six,,,,,0,0,,,
97,,s being seven more than ninety, ninety-seven,,,,,0,0,,,
98,,s being eight more than ninety, ninety-eight,,,,,0,0,,,
99,,s being nine more than ninety, ninety-nine,,,,,0,0,,,
999,,,nine hundred and ninety-nine,,,,,0,0,,,
9th,,,[网络] 第九届；第九任；九日,,,,,0,0,,,
a,ei,n. the 1st letter of the Roman alphabet\nn. the blood group whose red cells carry the A antigen,"第一个字母 A; 一个; 第一的\r\nart. [计] 累加器, 加法器, 地址, 振幅, 模拟, 区域, 面积, 汇编, 组件, 异步",,5,1,zk gk,5,5,,"""""",
a amount of,ə əˈmaunt ɔv,, 大量的,,,,,0,0,,,
A and B agglutinogens,,,[医] A和B凝集原,,,,,0,0,,,
A AND NOT B gate,,,[计] 禁止门,,,,,0,0,,,
A as well as B,,,不仅有(乙)而且有(甲),,,,,0,0,,,
A B. S. pill,,,"[医] ABS丸, 芦荟素颠茄士的宁丸",,,,,0,0,,,
a babe in arms,,,涉世未深的人,,,,,0,0,,,
a baby grand,,,小型平台钢琴,,,,,0,0,,,
a back answer,,,顶嘴,,,,,0,0,,,
a back issue,,,过期期刊,,,,,0,0,,,
a back number,,,"过期的刊物, 过时的人",,,,,0,0,,,
a bad actor,,,"坏蛋, 危险分子",,,,,0,0,,,
a bad egg,,,坏蛋,,,,,0,0,,,
a bad fairy,,,害人的精灵;妖精,,,,,0,0,,,
a bad hat,,,坏蛋,,,,,0,0,,,
a bad job,,,白费力的事,,,,,0,0,,,
a bad life,,,"不道德的生活, 活不到平均寿命的人",,,,,0,0,,,
a bad lot,,,一个坏蛋,,,,,0,0,,,
a bad penny,,,"不受欢迎的人,讨厌的家伙",,,,,0,0,,,
a bad policy,,,"不明智的政策,下策",,,,,0,0,,,
a bad shot,,,"不准的射击, 猜错, 错误, 失策",,,,,0,0,,,
a bad trip,,,"令人烦闷的经历,可怕的经历",,,,,0,0,,,
a bad word,,,猥亵话,,,,,0,0,,,
a bag of bones,,,骨瘦如柴的人,,,,,0,0,,,
a bag of wind,,,夸夸其谈的人,,,,,0,0,,,
a baker's dozen,,,十三,,,,,0,0,,,
a ball bearing,,,滚珠轴承,,,,,0,0,,,
a ball of fortune,,,受命运摆布的人,,,,,0,0,,,
a ball of strings,,,一团细绳子,,,,,0,0,,,
a band of,,,"一群,一伙,一队…",,,,,0,0,,,
a bank of,,,"一堆,一层…",,,,,0,0,,,
a bank president,,,银行行长,,,,,0,0,,,
a bankable actor,,,可以充当,,,,,0,0,,,
a banquet given in honor of,,,为欢迎某人而举行的宴会,,,,,0,0,,,
a bar of,,,"一条,一块…",,,,,0,0,,,
a barber's cat,,,面露饥色的人,,,,,0,0,,,
a bare possibility,,,万一的事情,,,,,0,0,,,
a barrage of,,,"接二连三的,连珠砲似的…",,,,,0,0,,,
a barrel of,,,"一桶,许多,大量",,,,,0,0,,,
a barrel of fun,,,十分有趣,,,,,0,0,,,
a barrel of money,,,一大笔钱,,,,,0,0,,,
a bas,ɑ:'bɑ:,,打倒,,,,,0,0,,,
a base area,,,根据地,,,,,0,0,,,
a basket of currencies,,,[经] 笼统货币,,,,,0,0,,,
a basket ring,,,篮圈,,,,,0,0,,,
a batch of news,,,一组新闻,,,,,0,0,,,
a battalion of,,,一大队,,,,,0,0,,,
a battery,,,[电] A电池组,,,,,0,0,,,
a battery of,,,"一连串的,一系列的…",,,,,0,0,,,
a beam of hope,,,一线希望,,,,,0,0,,,
a beam of light,,,一束光线,,,,,0,0,,,
a beast of a day,,,天气恶劣的日子,,,,,0,0,,,
a beaten path,,,"踏出的路, 常规, 惯例",,,,,0,0,,,
a beaten track,,,"踏出的路, 常规, 惯例",,,,,0,0,,,
a beauty doctor,,,美容师,,,,,0,0,,,
a bed of down,,,安乐窝,,,,,0,0,,,
a bed of flowers,,,安乐窝,,,,,0,0,,,
a bed of honor,,,阵亡者的墓,,,,,0,0,,,
a bed of rose,,,愉快的处境,,,,,0,0,,,
a bed of roses,,,称心如意的境遇,,,,,0,0,,,
a bee in one's bonnet,,,奇怪而固执的想法,,,,,0,0,,,
a beer belly,,,"大腹,大肚子",,,,,0,0,,,
a bench board,,,台示配电板;控制盘,,,,,0,0,,,
a besetting sin,,,易犯的恶习,,,,,0,0,,,
a best man,,,男傧相,,,,,0,0,,,
a bidden guest,,,应邀来客,,,,,0,0,,,
a big audience,,,众多的观众,,,,,0,0,,,
a big bite of,,,一大口…;很大一部分的…,,,,,0,0,,,
a big deal,,,要人,,,,,0,0,,,
a big dog,,,"大人物,要人,头头,保镖",,,,,0,0,,,
a big haul,,,一网捕获的许多鱼;一大笔收获,,,,,0,0,,,
a big letdown,,,大失所望的事,,,,,0,0,,,
a big noise,,,"要人,大人物 , 耸人听闻的声明",,,,,0,0,,,
a big number,,,"要人,大亨",,,,,0,0,,,
a big pot,,,大人物,,,,,0,0,,,
a big share of,,,很大的一部分,,,,,0,0,,,
a big shot,,,"大人物, 大亨",,,,,0,0,,,
a big stick policy,,,大棒政策,,,,,0,0,,,
a big wheel,,,重要人物,,,,,0,0,,,
A bile,,,[医] 总胆管胆汁,,,,,0,0,,,
a bill of health,,,健康证明书,,,,,0,0,,,
a Bill of Oblivion,,,大赦令,,,,,0,0,,,
a bill to bearer,,,不记名票据,,,,,0,0,,,
a bill to order,,,记名票据,,,,,0,0,,,
a bird dog,,,"捕鸟猎犬;挖掘人才者;战斗机,截击机",,,,,0,0,,,
a bird in eclipse,,,交配期之后正在脱毛的鸟,,,,,0,0,,,
a bird in the bush,,,未到手的东西,,,,,0,0,,,
a bird in the hand,,,已到手的东西,,,,,0,0,,,
a bird of ill omen,,,凶鸟,,,,,0,0,,,
a bird of Jove,,,鹰,,,,,0,0,,,
a bird of Juno,,,孔雀,,,,,0,0,,,
a bird of paradise,,,"极乐鸟, 风鸟",,,,,0,0,,,
a bird of passage,,,候鸟,,,,,0,0,,,
a bird of peace,,,鸽,,,,,0,0,,,
a bird of prey,,,"食肉鸟,勐禽",,,,,0,0,,,
a bird of wonder,,,凤凰,,,,,0,0,,,
a bit,,,一点儿；有一点儿,,,1,,0,0,,,
a bit and a sup,,,少量的饮食物,,,,,0,0,,,
a bit at a time,,,"一点一点地, 渐渐地",,,,,0,0,,,
a bit of,,,一点,,,,,0,0,,,
a bit of a,,,有点…的味道,,,,,0,0,,,
a bit of a...,,,一点儿...的味道,,,,,0,0,,,
a bit of jam,,,"意中人,情人",,,,,0,0,,,
a bit of skirt,,,"女人,姑娘,少女",,,,,0,0,,,
a bit of...,,,一点...,,,,,0,0,,,
a bit thick,,,过分,,,,,0,0,,,
a black list,,,黑名单,,,,,0,0,,,
a black sheep,,,"败家子, 败类, 害群之马",,,,,0,0,,,
a blade of,,,一片,,,,,0,0,,,
a blank check,,,空白支票;毫无限制,,,,,0,0,,,
a blank cheque,,,空白支票,,,,,0,0,,,
a blank sheet,,,"一张白纸, 纯洁的心灵",,,,,0,0,,,
a blanket of,,,厚厚的一层…,,,,,0,0,,,
a blanket of smoke,,,烟幕,,,,,0,0,,,
a blast of wind,,,一阵风,,,,,0,0,,,
a blast on the horn,,,一声号角,,,,,0,0,,,
a blessing in disguise,,,因祸得福;塞翁失马,,,,,0,0,,,
a blind alley,,,死胡同,,,,,0,0,,,
a blind lead,,,"死胡同,绝路",,,,,0,0,,,
a blind letter,,,死信,,,,,0,0,,,
a blood bank,,,血库,,,,,0,0,,,
a blot on one's escutcheon,,,名誉上的污点,,,,,0,0,,,
a blotting pad,,,吸墨器,,,,,0,0,,,
a blue dahlia,,,不可能有的东西,,,,,0,0,,,
a blue joke,,,"粗俗下流的笑话,猥亵的笑话",,,,,0,0,,,
a blue moon,,,不可能的事,,,,,0,0,,,
a blue movie,,,色情电影,,,,,0,0,,,
a body blow,,,"沉重的打击,惨败",,,,,0,0,,,
a body of police,,,一群警察,,,,,0,0,,,
a body of...,,,大量的...,,,,,0,0,,,
a boiled shirt,,,浆过的衬衫,,,,,0,0,,,
a bolt from the blue,,,"晴天霹雳, 意外事件",,,,,0,0,,,
a bone of contention,,,争论的原因,,,,,0,0,,,
a bonny bird,,,"快乐鸟,乐天派,寻欢作乐者",,,,,0,0,,,
a book dedication,,,书籍的题辞,,,,,0,0,,,
a book fair,,,"书市,图书博览会",,,,,0,0,,,
a book of matches,,,"一包火柴,一打火柴",,,,,0,0,,,
a book of prayers,,,"祈祷书,经书",,,,,0,0,,,
a book stand,,,书摊,,,,,0,0,,,
a bottle of pop,,,一瓶汽水,,,,,0,0,,,
a bouquet of,,,一束,,,,,0,0,,,
a bout of illness,,,一场病,,,,,0,0,,,
a bout of work,,,一阵子工作,,,,,0,0,,,
a bout with the enemy,,,与敌人交锋,,,,,0,0,,,
a bowing acquaintance,,,点头之交;泛泛之交,,,,,0,0,,,
a box and needle,,,罗盘,,,,,0,0,,,
a box of matches,,,一盒火柴,,,,,0,0,,,
a boy in buttons,,,侍役,,,,,0,0,,,
a boy of remarkable aptitude,,,神童,,,,,0,0,,,
a boycott of classes,,,罢课,,,,,0,0,,,
a branch of instruction in school,,,一门课程,,,,,0,0,,,
a branch of knowledge,,,一门知识,,,,,0,0,,,
a brand from the burning,,,大难得救的人,,,,,0,0,,,
a breach of close,,,非法侵入私地,,,,,0,0,,,
a breach of discipline,,,违反纪律,,,,,0,0,,,
a breach of faith,,,"失信,背约,背弃行为",,,,,0,0,,,
a breach of public security,,,扰乱治安,,,,,0,0,,,
a break camp,,,折叠帐篷,,,,,0,0,,,
a breath of life,,,必不可少的东西,,,,,0,0,,,
a breed of cat,,,"一种,一类",,,,,0,0,,,
a brick layer,,,"砌砖人,瓦工",,,,,0,0,,,
a bridge of gold,,,退路,,,,,0,0,,,
a bridle path,,,通马不通车的路,,,,,0,0,,,
a bridle trail,,,由马踏成的路,,,,,0,0,,,
a bright spark,,,"生气勃勃的人,精力充沛者,精明人,出类拔萃者",,,,,0,0,,,
a broad hint,,,明显的暗示,,,,,0,0,,,
a broad joke,,,粗俗的笑话,,,,,0,0,,,
a broad place in the road,,,小都市,,,,,0,0,,,
a broken man,,,"潦倒者,心碎的人",,,,,0,0,,,
a broken reed,,,不可靠的人,,,,,0,0,,,
a brood of chickens,,,一窝小鸡,,,,,0,0,,,
a bud of promise,,,初次展露头角的少女,,,,,0,0,,,
a bull in a china shop,,,"公牛闯入瓷器店,鲁莽的",,,,,0,0,,,
a bull session,,,"漫谈,聊天,吹牛",,,,,0,0,,,
a bum steer,,,错误的指点,,,,,0,0,,,
a bunch of,,,"一束,一串,一群",,,,,0,0,,,
a bunch of fives,,,"拳头, 手",,,,,0,0,,,
a bundle of nerves,,,神经极紧张的人,,,,,0,0,,,
a bundle of...,,,一捆/包...,,,,,0,0,,,
a burning shame,,,奇耻大辱,,,,,0,0,,,
a burst of laughter,,,一阵大笑声,,,,,0,0,,,
a bush nursery,,,临时苗圃,,,,,0,0,,,
a business doctor,,,企业顾问,,,,,0,0,,,
a business zone,,,商业区,,,,,0,0,,,
a busy signal,,,"佔线信号,忙音",,,,,0,0,,,
a cake of,,,一块…,,,,,0,0,,,
a cake of soap,,,一块肥皂,,,,,0,0,,,
a calendar year,,,"年, 历年",,,,,0,0,,,
a call loan,,,活期贷款,,,,,0,0,,,
a call of nature,,,要大小便的感觉,,,,,0,0,,,
a call to arms,,,战斗的号令,,,,,0,0,,,
a can of worms,,,复杂的问题;极度紧张不安的人,,,,,0,0,,,
a capacity house,,,客满的剧场,,,,,0,0,,,
a capella,,, 美中不足（歌曲名）,,,,,0,0,,,
a capella singing,,,[网络] 歌手唱歌,,,,,0,0,,,
a capital ship,,,主力舰,,,,,0,0,,,
a cappella,ˌæ kəˈpelə,, （音乐术语）无伴奏合唱,,,,,0,0,,,
a cappella singing,,,[网络] 无乐器伴奏的歌唱；清歌；阿卡贝拉无伴奏演唱,,,,,0,0,,,
a captive balloon,,,系留气球,,,,,0,0,,,
a captive shop,,,"内部商店,职工商店",,,,,0,0,,,
a car doctor,,,汽车修理工,,,,,0,0,,,
a car washer,,,洗车者,,,,,0,0,,,
a carbon copy,,,抄本;极相像的人,,,,,0,0,,,
a carrier pigeon,,,信鸽,,,,,0,0,,,
a case in point,,,恰当的例子,,,,,0,0,,,
a case of crabs,,,失败,,,,,0,0,,,
a case of murder,,,一桩谋杀人案,,,,,0,0,,,
a castle in the air,,,空中楼阁,,,,,0,0,,,
a casualty list,,,伤亡名单,,,,,0,0,,,
a cat fancy,,,喜欢养猫的人,,,,,0,0,,,
A cat has nine lives,,,猫有九命,,,,,0,0,,,
a cat in the meal,,,"鬼把戏,伎俩,见不得人的勾当",,,,,0,0,,,
a cat in the pan,,,叛徒,,,,,0,0,,,
a cat nap,,,"打盹,打瞌睡",,,,,0,0,,,
a catch question,,,"奇怪的问题,怪题",,,,,0,0,,,
a cattle yard,,,"放置牲畜的仓前空场, 车站旁的牲畜栏",,,,,0,0,,,
A cell,,,"[医] A细胞, α细胞",,,,,0,0,,,
a change for the better,,,好转,,,,,0,0,,,
a change of heart,,,"改变主意, 变心, 弃邪归正",,,,,0,0,,,
a change of scene,,,改换环境,,,,,0,0,,,
a change purse,,,装零钱的钱包,,,,,0,0,,,
a chapter of accidents,,,接踵而来的灾祸,,,,,0,0,,,
a chest of drawers,,,五屉橱,,,,,0,0,,,
a cheval,a ʃә'val,,"在马上, 跨",,,,,0,0,,,
a child of fortune,,,幸运儿,,,,,0,0,,,
a child of nature,,,天真的人,,,,,0,0,,,
a child of sb.'s loins,,,某人生的孩子,,,,,0,0,,,
a child of the soil,,,"农民的孩子,农民,本地出生的男子",,,,,0,0,,,
a chime of bells,,,一组编钟,,,,,0,0,,,
a chip in porridge,,,无关紧要之物,,,,,0,0,,,
a chip of the old block,,,举止酷似父亲的孩子,,,,,0,0,,,
a chip off the old block,ə tʃip ɔf ðə əuld blɔk,, 相貌[脾气]和父母一样的孩子（多指男孩）,,,,,0,0,,,
a choice of,,,各种各样可供选择的…,,,,,0,0,,,
a chose in possession,,,占有物,,,,,0,0,,,
a circular letter,,,通知,,,,,0,0,,,
a city in blackout disguise,,,实行灯火管制的城市,,,,,0,0,,,
a civil year,,,民用年,,,,,0,0,,,
a class,,,[经] 头等,,,,,0,0,,,
a classic allusion,,,典故,,,,,0,0,,,
a clay doll,,,泥娃娃,,,,,0,0,,,
a clean bill of health,,,健康证明书,,,,,0,0,,,
a clean sheet,,,清白的历史,,,,,0,0,,,
a clean sweep of,,,彻底扫除,,,,,0,0,,,
a clear anchorage,,,安全锚地,,,,,0,0,,,
a clergyman's sore throat,,,慢性喉炎,,,,,0,0,,,
a clinging vine,,,惯于依赖男人的女人,,,,,0,0,,,
a close battle,,,肉搏,,,,,0,0,,,
a close call,,,侥幸的脱险,,,,,0,0,,,
a close file,,,"吝啬鬼,小气鬼",,,,,0,0,,,
a close game,,,"比分接近的比赛, 难分胜负的比赛",,,,,0,0,,,
a close shave,,,"剃光头发, 侥幸的脱险",,,,,0,0,,,
a close thing,,,侥幸的脱险,,,,,0,0,,,
a closed book,,,"看不懂的书,天书,专业书",,,,,0,0,,,
a closing quotation,,,"收市行情,收盘",,,,,0,0,,,
a cloth of exquisite fabric,,,织工精美的布料,,,,,0,0,,,
a cluster of,,,"一簇,一丛,一群",,,,,0,0,,,
a coat of,,,一层,,,,,0,0,,,
a coat of arms,,,盾形纹章,,,,,0,0,,,
a cock of the loft,,,在小地方称王的人,,,,,0,0,,,
a cock of the walk,,,称王称霸的人,,,,,0,0,,,
a coffee mill,,,咖啡研磨机,,,,,0,0,,,
a cold cook,,,做殡仪馆生意的人,,,,,0,0,,,
a cold snap,,,"寒冷天气,寒潮",,,,,0,0,,,
a cold span,,,寒潮,,,,,0,0,,,
a cold spell,,,"寒冷气候,寒潮",,,,,0,0,,,
a collection of,,,"一批,一组",,,,,0,0,,,
a collection of china,,,一套瓷器,,,,,0,0,,,
a colony of,,,一群,,,,,0,0,,,
a coming man,,,"后来者,后起之秀,前途无量者",,,,,0,0,,,
a command post,,,指挥所,,,,,0,0,,,
a common scold,,,泼妇,,,,,0,0,,,
a common soldier,,,"列兵, 二等兵",,,,,0,0,,,
a common year,,,平年,,,,,0,0,,,
a communication net,,,"电信网,通讯网络",,,,,0,0,,,
a compelling figure,,,引人注目的人物,,,,,0,0,,,
a complimentary ticket,,,赠券,,,,,0,0,,,
a conceited pup,,,傲慢的小青年,,,,,0,0,,,
a conglomerate of,,,"一团,一群,一伙",,,,,0,0,,,
a considerable amount of,,,"相当多的,相当大量的…",,,,,0,0,,,
a conspiracy of silence,,,保持缄默的密约,,,,,0,0,,,
a convenient memory,,,只记住对自己有利的事,,,,,0,0,,,
a cooked goose,,,不可救药的人或物,,,,,0,0,,,
a cool hundred,,,百镑巨款,,,,,0,0,,,
a coon's age,,,极长的一段时间,,,,,0,0,,,
a copper captain,,,冒充有地位的人,,,,,0,0,,,
a copy desk,,,编辑部,,,,,0,0,,,
a corporate body,,,法人团体,,,,,0,0,,,
a cotton zone,,,产棉区,,,,,0,0,,,
a counsel of perfection,,,"要别人十全十美的要求, 达不到的理想",,,,,0,0,,,
a country mile,,,"很长的距离,极遥远",,,,,0,0,,,
a couple,,,一对夫妇；夫妻俩,,,1,,0,0,,,
a couple of,,,"一对..., 三两个...",,,,,0,0,,,
a couple of days,,,一两天,,,,,0,0,,,
a course of exchange,,,兑换率,,,,,0,0,,,
a covenant of salt,,,不可背弃的盟约,,,,,0,0,,,
a cow in calf,,,怀孕的母牛,,,,,0,0,,,
a crapella,,"Singing out loud while listening to music with your headphones on.  Whereas the singer gets the benefit of the music, those unfortunate to be standing nearby are subjected to an unaccompanied (and invariably crappy) rendition of the song.\n> ""I wish that guy would turn his iPod off - his a crapella version of Bohemian Rhapsody is killing me""\n",,,,,,0,0,,,
a crop of,,,"一批,一群,一大堆",,,,,0,0,,,
a cross beam,,,大梁,,,,,0,0,,,
a crowd of,,,一群,,,,,0,0,,,
a crowning victory,,,最大的胜利,,,,,0,0,,,
a crying shame,,,莫大的耻辱,,,,,0,0,,,
a cubic yard,,,一立方码,,,,,0,0,,,
a cuckoo in the nest,,,破坏他人家庭幸福的人,,,,,0,0,,,
a cup and saucer,,,一只带託盘的茶杯,,,,,0,0,,,
a cup of,,,一杯…,,,,,0,0,,,
a cup of cold water,,,施舍的象征,,,,,0,0,,,
a current account,,,往来帐,,,,,0,0,,,
a curtain lecture,,,妻子私下对丈夫的训斥,,,,,0,0,,,
a cut above,,,"高于...一等, 胜于",,,,,0,0,,,
a cut below,,,"低于...一等, 次于",,,,,0,0,,,
a cutie pie,,,"可爱的姑娘,情人",,,,,0,0,,,
a dab of,,,"一点,些许,少量",,,,,0,0,,,
a daily newspaper,,,日报,,,,,0,0,,,
a dandy of a boy,,,"漂亮的男孩,翩翩少年",,,,,0,0,,,
a danger zone,,,危险地带,,,,,0,0,,,
a dark horse,,,"黑马, 实力难测的竞争者",,,,,0,0,,,
a daughter of Momus,,,滑稽的人,,,,,0,0,,,
a day before the fair,,,"太早,过早",,,,,0,0,,,
a day off,,,休息日,,,,,0,0,,,
a dead calm,,,死一般的寂静,,,,,0,0,,,
a dead dog,,,废物,,,,,0,0,,,
a dead duck,,,(注定要)完蛋的人,,,,,0,0,,,
a dead frost,,,彻底的失败,,,,,0,0,,,
a dead heat,,,"不分胜负的赛跑,平局,旗鼓相当",,,,,0,0,,,
a dead language,,,死语言,,,,,0,0,,,
a dead lift,,,"人工硬搬, 需要全力以赴的事",,,,,0,0,,,
a dead loss,,,"净亏损,纯亏损;彻底的失败;无名之辈,不中用的人",,,,,0,0,,,
a dead marine,,,空酒瓶,,,,,0,0,,,
a dead pan,,,"毫无表情的人,毫无表情的面孔",,,,,0,0,,,
a dead past,,,已被人们遗忘的往事,,,,,0,0,,,
a dead pigeon,,,束手无策者;瓮中之鳖,,,,,0,0,,,
a dead rabbit,,,"死兔子,不值钱的东西,要不得的东西;暴徒,亡命之徒",,,,,0,0,,,
a dead season,,,淡季,,,,,0,0,,,
a dead secret,,,还未泄露的秘密,,,,,0,0,,,
a dead set,,,敌对态度,,,,,0,0,,,
a dead shot,,,神枪手,,,,,0,0,,,
a dead stop,,,"突然停止,戛然停住",,,,,0,0,,,
a deadly affront,,,莫大的侮辱,,,,,0,0,,,
a deaf nut,,,"无仁的坚果;注定要失败的计划,空想,无用物",,,,,0,0,,,
a death march,,,向着死亡的进军,,,,,0,0,,,
a debt of honour,,,赌债,,,,,0,0,,,
a decade of,,,"十个,十条,十件…",,,,,0,0,,,
a decisive battle,,,决战,,,,,0,0,,,
a declaration of goods bought abroad,,,进口物品报关单,,,,,0,0,,,
a deed of arms,,,"军功,战功",,,,,0,0,,,
a deed of covenant,,,"契据,契约书",,,,,0,0,,,
a deed to the house,,,房契,,,,,0,0,,,
a deep file,,,"骗子,老奸巨滑的人",,,,,0,0,,,
a default in the payment of a loan,,,拖延偿还贷款,,,,,0,0,,,
a demilitarized zone,,,非军事区,,,,,0,0,,,
a demon for work,,,"拼命工作的人,工作狂",,,,,0,0,,,
a desk advisor,,,案头的参考书,,,,,0,0,,,
a dessein,,,[法] 故意,,,,,0,0,,,
a detention jail,,,拘留所,,,,,0,0,,,
a devil of,,,"极端的,可观的,大量的…",,,,,0,0,,,
a devil of a...,,,"讨厌的..., 异常的..., 有趣的...",,,,,0,0,,,
a devil's darning needle,,,蜻蜓,,,,,0,0,,,
a dial telephone,,,"自动电话,程控电话",,,,,0,0,,,
a diamond in the rough,,,"外表粗鲁而实际精明的人,不拘小节者,嘴恶心善者,粗中有细的人",,,,,0,0,,,
a die plate,,,模板,,,,,0,0,,,
A differ from B in...,,,(甲)与(乙)在...方面不同,,,,,0,0,,,
a different kettle of fish,,,"两码事,另一回事",,,,,0,0,,,
a digest of information,,,资料汇编,,,,,0,0,,,
a dime a dozen,,,"多得很,不值钱",,,,,0,0,,,
a dime magazine,,,廉价杂志,,,,,0,0,,,
a dingdong fight,,,"旗鼓相当的战斗,势均力敌的比赛",,,,,0,0,,,
a dirty night,,,雨夜,,,,,0,0,,,
a disciple of Momus,,,爱嘲弄的人,,,,,0,0,,,
a dish of gossip,,,闲谈,,,,,0,0,,,
A disk,,,"[医] A盘, Q盘",,,,,0,0,,,
a disorder of digestive organs,,,消化器官的紊乱,,,,,0,0,,,
a dispatch carrier,,,快件递送员,,,,,0,0,,,
a dispatch rider,,,摩託通讯员,,,,,0,0,,,
a distinction without a difference,,,人为的区别,,,,,0,0,,,
a distinction without difference,,,"名义上的区别,实际上不存在的区别,人为制造的区别",,,,,0,0,,,
a distress sale,,,扣押物的拍卖,,,,,0,0,,,
a divorce mill,,,离婚裁决法庭,,,,,0,0,,,
a dockyard,,,"造船厂, 造般所",,,,,0,0,,,
a dog fight,,,狗打架,,,,,0,0,,,
a dog in the manger,,,占着茅坑不拉屎的人,,,,,0,0,,,
a dog's age,,,好久,,,,,0,0,,,
a dolly bird,,,漂亮的姑娘;时髦的小妞,,,,,0,0,,,
a door plate,,,门牌,,,,,0,0,,,
a dose of,,,"一剂,一服",,,,,0,0,,,
a dose of flattery,,,一番吹捧,,,,,0,0,,,
a downy bird,,,"机灵鬼,精明人",,,,,0,0,,,
a drag race,,,"汽车拉力赛,短程加速赛",,,,,0,0,,,
a drawn battle,,,不分胜负的战斗,,,,,0,0,,,
a drop in the bucket,,,沧海一粟,,,,,0,0,,,
a drop in the ocean,,,"沧海一粟,九牛一毛,微不足道",,,,,0,0,,,
a drop of,,,一滴…,,,,,0,0,,,
a drop quiz,,,突击测验,,,,,0,0,,,
a drove of deer,,,一群鹿,,,,,0,0,,,
a drug on the market,,,滞销商品,,,,,0,0,,,
a drumming in the ears,,,耳鸣,,,,,0,0,,,
a drunken sailor,,,酒醉的士兵,,,,,0,0,,,
a dry eye,,,不哭的人,,,,,0,0,,,
a due,,,[网络] 两人；阿弗雷多与薇奥蕾塔,,,,,0,0,,,
a Dutch auction,,,喊价渐低的拍卖,,,,,0,0,,,
a Dutch feast,,,主人先醉的酒宴,,,,,0,0,,,
a duty call,,,礼节上的访问,,,,,0,0,,,
a face as long as a fiddle,,,阴郁的脸色,,,,,0,0,,,
a fair field,,,"公平的比赛,公平竞争;公平的机会",,,,,0,0,,,
a fair field and no favor,,,平等的比赛条件,,,,,0,0,,,
a fair shake,,,公平交易,,,,,0,0,,,
a fair treat,,,"引人注目的人或事,令人满意的人或物;款待,公正对待",,,,,0,0,,,
a false step,,,"失足,失策,失算,错误一步",,,,,0,0,,,
a family skeleton,,,家丑,,,,,0,0,,,
a famous brand,,,"名牌,名牌商标",,,,,0,0,,,
a famous performance,,,"精彩的表演,出色的表演",,,,,0,0,,,
a fancy cake,,,花色蛋糕,,,,,0,0,,,
a fancy dress ball,,,化妆舞会,,,,,0,0,,,
a fancy fair,,,小商品交易会,,,,,0,0,,,
a far cry,,,"遥远的距离, 大不相同的东西",,,,,0,0,,,
a far cry from,,,离…很远的路程;与…大不相同,,,,,0,0,,,
a far fetch,,,一段远距离,,,,,0,0,,,
a fast liver,,,生活放荡不羁者,,,,,0,0,,,
a fat cat,,,"有钱有势者,大亨,大款",,,,,0,0,,,
a fat chance,,,微小的机会,,,,,0,0,,,
a fat lot,,,很少,,,,,0,0,,,
a fat lot of,,,"不, 毫不",,,,,0,0,,,
a fatal blow,,,致命的打击,,,,,0,0,,,
a fatal disease,,,不治之症,,,,,0,0,,,
a fault on the right side,,,"塞翁失马,因祸得福",,,,,0,0,,,
a favorable reception,,,"好评,欢迎",,,,,0,0,,,
a favourite son,,,宠儿,,,,,0,0,,,
a feast for the gods,,,极精美的食物,,,,,0,0,,,
a feast of reason,,,"妙趣横生的谈话,谈吐风雅",,,,,0,0,,,
a feast of reason and a flow of soul,,,有益的谈话,,,,,0,0,,,
a feather in one's cap,,,"可夸耀的事, 卓越的成就",,,,,0,0,,,
a feeding storm,,,越来越厉害的暴风雨,,,,,0,0,,,
a fellow national,,,同胞,,,,,0,0,,,
a female domestic,,,女佣人,,,,,0,0,,,
a fencing ken,,,窝藏赃物的场所,,,,,0,0,,,
a few,,,"几个, 少数, 一些",,,1,,0,0,,,
a few of,,,"少数, 几个,一些",,,,,0,0,,,
a few sticks of furniture,,,几件简陋的家具,,,,,0,0,,,
A fibers,,,[医] A类纤维(神经),,,,,0,0,,,
a field army,,,野战军,,,,,0,0,,,
a field of honour,,,"决斗场, 战场",,,,,0,0,,,
a fierce battle,,,激战,,,,,0,0,,,
A fig for this,,,这算什么?这算不了什么!,,,,,0,0,,,
a fill of tobacco,,,"一袋烟,一烟斗的烟丝",,,,,0,0,,,
a financial man,,,"财政家,金融家",,,,,0,0,,,
a financial member,,,普通会员,,,,,0,0,,,
a fine day for young ducks,,,雨天,,,,,0,0,,,
a finger on the wall,,,灾难的预兆,,,,,0,0,,,
a finish fight,,,"决斗,背水一战",,,,,0,0,,,
a finishing stroke,,,"最后致命的一击, 最后的一笔",,,,,0,0,,,
a fire suppressant,,,灭火剂,,,,,0,0,,,
a fit of rage,,,"一阵怒火,一阵发作",,,,,0,0,,,
a fit of remorse,,,一阵后悔,,,,,0,0,,,
a fit of temper,,,一阵脾气,,,,,0,0,,,
a flash in the pan,,,昙花一现,,,,,0,0,,,
a flash of hope,,,"一线希望,一闪而过的希望",,,,,0,0,,,
a flash of wit,,,灵机一动,,,,,0,0,,,
a flat tire,,,爆气的车胎,,,,,0,0,,,
a flea in one's ear,,,"讥讽, 尖刻的话",,,,,0,0,,,
a fleeting show,,,瞬间即逝的景象,,,,,0,0,,,
a flicker of hope,,,"一线希望,一闪而过的希望,飘忽不定的希望",,,,,0,0,,,
a flight of stairs,,,一段楼梯,,,,,0,0,,,
a flock of,,,一群,,,,,0,0,,,
a flood of,,,"一大片,一大批",,,,,0,0,,,
a flood of people,,,"人山人海,潮水般的人群",,,,,0,0,,,
a flood of words,,,滔滔不绝的言辞,,,,,0,0,,,
a floor under wages,,,最低工资标准,,,,,0,0,,,
a flourish of trumpets,,,大肆宣扬,,,,,0,0,,,
a fly in amber,,,保存得好的珍贵遗物,,,,,0,0,,,
a fly in the ointment,,,美中不足之处,,,,,0,0,,,
a fly on the wheel,,,自高自大的人,,,,,0,0,,,
a flying visit,,,"匆忙的访问, 短时间参观",,,,,0,0,,,
a fond,ɑ:'fɒŋ,,"彻底地, 安全地",,,,,0,0,,,
a fool's errand,,,徒劳的任务,,,,,0,0,,,
a fool's paradise,,,黄粱美梦,,,,,0,0,,,
a football pro,,,n. 一个职业足球运动员,,,,,0,0,,,
a forecast zone,,,(气象)预报地带,,,,,0,0,,,
a foregone conclusion,,,预料中必然的结局,,,,,0,0,,,
a forest of masts,,,桅桿林立,,,,,0,0,,,
a forlorn hope,,,"极微的希望, 孤注一掷的举动, 敢死队",,,,,0,0,,,
a form of address,,,称呼,,,,,0,0,,,
a format,,,[电] A格式,,,,,0,0,,,
a fortiori,ei fɔ:ti'ɔ:rai, With stronger reason.,更加,,,,,0,0,,,
a foul berth,,,恶劣的停泊地,,,,,0,0,,,
a fraction of,,,一小部分的,,,,,0,0,,,
a free fight,,,混战,,,,,0,0,,,
a free hand,,,放手处理的权利,,,,,0,0,,,
a free list,,,"免税商品表,免费入场观众名单",,,,,0,0,,,
a free wind,,,顺风,,,,,0,0,,,
a French window,,,"落地式门窗,落地式长窗",,,,,0,0,,,
a friend in court,,,有势力的朋友,,,,,0,0,,,
A friend in need is a friend in deed,,,"患难中的朋友才是真正的朋友;患难识知己,雪中送炭真君子",,,,,0,0,,,
a friend of yours,,,你的一位朋友,,,,,0,0,,,
a frog in the throat,,,轻度喉哑,,,,,0,0,,,
a front yard,,,前院,,,,,0,0,,,
a fruit of sb.'s loins,,,某人的孩子,,,,,0,0,,,
a fruit pie,,,水果馅饼,,,,,0,0,,,
a full general,,,四星上将,,,,,0,0,,,
a full team,,,"有特别才能的人,身怀绝技者",,,,,0,0,,,
a fund of,,,"丰富的,大量的,富于…",,,,,0,0,,,
a future life,,,来生,,,,,0,0,,,
a galaxy of,,,一群,,,,,0,0,,,
a gallery hit,,,卖弄技巧的表演,,,,,0,0,,,
a gallery shot,,,卖弄技巧的表演,,,,,0,0,,,
a gallery stroke,,,卖弄技巧的表演,,,,,0,0,,,
a gambling hell,,,赌窟,,,,,0,0,,,
a game not worth the candle,,,不值得做的事,,,,,0,0,,,
a game of,,,"一场,一盘,一局",,,,,0,0,,,
a game of chance,,,靠碰运气取胜的游戏,,,,,0,0,,,
a game of skill,,,靠技能的游戏,,,,,0,0,,,
a game preserve,,,猎物保护区,,,,,0,0,,,
a gang of,,,"一伙,一帮,一群",,,,,0,0,,,
a gaol bird,,,"囚犯,惯犯,恶棍,无赖",,,,,0,0,,,
a gas leak,,,煤气洩漏,,,,,0,0,,,
a gay bird,,,"快乐鸟,乐天派,寻欢作乐者",,,,,0,0,,,
a general election,,,普选,,,,,0,0,,,
a general outline,,,大纲,,,,,0,0,,,
a general reader,,,一般读者,,,,,0,0,,,
a general strike,,,总罢工,,,,,0,0,,,
a general thing,,,惯例,,,,,0,0,,,
a general war,,,全面战争,,,,,0,0,,,
a general's battle,,,战略战术的较量,,,,,0,0,,,
a gentleman at large,,,"有闲阶级的人, 无职业者",,,,,0,0,,,
a gentleman of fortune,,,冒险家,,,,,0,0,,,
a gentleman of the pad,,,"拦路行劫者,响马大盗",,,,,0,0,,,
a gentleman of the press,,,新闻记者,,,,,0,0,,,
a gentleman's agreement,,,君子协定,,,,,0,0,,,
a gentleman's gentleman,,,男仆,,,,,0,0,,,
a ghostly director,,,听忏悔的神父,,,,,0,0,,,
a ghostly father,,,听忏悔的神父,,,,,0,0,,,
a gift of nature,,,天赋,,,,,0,0,,,
a girl of the street,,,"街头女郎,妓女,娼妓",,,,,0,0,,,
a gleam of...,,,"一线..., 一丝...",,,,,0,0,,,
a glorious yet difficult task,,,一项光荣而艰巨的任务,,,,,0,0,,,
a go-go,,,"a. 摇摆舞的, 无节制的, 乱窜的, 活跃的, 最时髦的",,,,,0,0,,,
a gogo,,, 大量的,,,,,0,0,,,
a golden apple,,,"金苹果;西红柿,番茄",,,,,0,0,,,
a gone case,,,不可救药的人,,,,,0,0,,,
a gone coon,,,没有希望的人,,,,,0,0,,,
a gone feeling,,,飘飘然发晕的感觉,,,,,0,0,,,
a good,,,"相当,足足",,,,,0,0,,,
A good anvil fears no hammer,,,"好砧不怕鎚,真金不怕火",,,,,0,0,,,
A good appetite is a good sauce,,,饥不择食,,,,,0,0,,,
a good bargain,,,便宜货;合算的买卖,,,,,0,0,,,
a good berth,,,"良好的停泊地;好差事,好工作",,,,,0,0,,,
a good deal,ə ɡud di:l,, 许多,,,,,0,0,,,
a good deal of,,,很多的,,,,,0,0,,,
a good egg,,,好人,,,,,0,0,,,
a good few,,,相当多,,,,,0,0,,,
a good job,,,幸运事,,,,,0,0,,,
a good keeper,,,耐藏的物品,,,,,0,0,,,
a good lawyer,,,懂法的人,,,,,0,0,,,
a good layer,,,生蛋多的鸡,,,,,0,0,,,
a good life,,,"道德的生活, 活得到平均寿命的人, 好的生活",,,,,0,0,,,
a good lot,,,"大量, 很, 非常",,,,,0,0,,,
a good manager,,,"会当家的人,操持有方者",,,,,0,0,,,
a good many,,,很多,,,,,0,0,,,
a good onion,,,"讨人喜欢的人,好小子",,,,,0,0,,,
a good patch,,,"走运的时期,成功的时期",,,,,0,0,,,
a good pitch,,,"好球,投得好!",,,,,0,0,,,
a good shot,,,神枪手;猜得准,,,,,0,0,,,
a good sort,,,好人,,,,,0,0,,,
a good sort of body,,,好人,,,,,0,0,,,
a good supply of,,,供应充足的…,,,,,0,0,,,
a good time,,,一段美好时光,,,,,0,0,,,
a good turn,,,有利的举动,,,,,0,0,,,
a good while,,,"好些时候,很长时间",,,,,0,0,,,
a goodwill visit,,,友好访问,,,,,0,0,,,
a Gordian knot,,,"棘手的问题, 难解的结, 关键",,,,,0,0,,,
a grade,,,[经] 甲级,,,,,0,0,,,
a grain of,,,"一粒…,一颗…",,,,,0,0,,,
a grain of mustard seed,,,有极大发展前途的小东西,,,,,0,0,,,
a grain of salt,,,"一颗盐,一粒盐;打折扣,不全信",,,,,0,0,,,
a grand,,,[经] 一千美元,,,,,0,0,,,
a grand total,,,"总计,累计",,,,,0,0,,,
a grant in aid,,,"补助金,助学金",,,,,0,0,,,
a grease monkey,,,"汽车修理工,机械师",,,,,0,0,,,
a greasy grind,,,埋头苦读的学生,,,,,0,0,,,
a great deal,,,大量,,,,,0,0,,,
a great deal of,,,很多的,,,,,0,0,,,
a great diversity of...,,,多种多样的...,,,,,0,0,,,
a great gulf fixed,,,鸿沟,,,,,0,0,,,
a great lot,,,大量,,,,,0,0,,,
a great many,,,许许多多,,,,,0,0,,,
a great number of,,,许多,,,,,0,0,,,
a great quantity,,,大量,,,,,0,0,,,
a great swell,,,"大人物,头面人物",,,,,0,0,,,
a great volume of,,,大量的…,,,,,0,0,,,
a great volume of sound,,,一阵风,,,,,0,0,,,
a Greek gift,,,图谋害人的礼物,,,,,0,0,,,
a green grave,,,新坟,,,,,0,0,,,
a grey mare,,,胜过丈夫的妻子,,,,,0,0,,,
a gross medley of...,,,...的大杂烩,,,,,0,0,,,
a group army,,,集团军,,,,,0,0,,,
a group of,,,"一组,一队,一群,一伙,一批…",,,,,0,0,,,
a guerrilla area,,,游击区,,,,,0,0,,,
a guerrilla zone,,,游击区,,,,,0,0,,,
a hack of a lot of,,,好多好多…,,,,,0,0,,,
a hail of blows,,,"一阵打击,雨点般的拳头",,,,,0,0,,,
a hair to make a tether of,,,"小题大作,大惊小怪,兴风作浪",,,,,0,0,,,
a hand of banana,,,一串香蕉,,,,,0,0,,,
a hand of bananas,,,一串香蕉,,,,,0,0,,,
a handful of,,,"一小撮,少数",,,,,0,0,,,
a handsome sum of money,,,可观的一大笔款子,,,,,0,0,,,
a hanging matter,,,要处绞刑的案件,,,,,0,0,,,
a harbour of refuge,,,避风港,,,,,0,0,,,
a hard case,,,"不可救药的人, 难对付的人",,,,,0,0,,,
a hard dose to swallow,,,"一帖难咽的苦药,难以接受的事实",,,,,0,0,,,
a hard hit,,,"沉重的打击,破产;热恋,坠入情网",,,,,0,0,,,
a hard nut to crack,,,棘手的问题,,,,,0,0,,,
a hard row to hoe,,,乏味的工作,,,,,0,0,,,
a hatchet man,,,"雇用的刺客,打手,爪牙,走狗",,,,,0,0,,,
a haze of doubt,,,一块疑团,,,,,0,0,,,
a head,ei hed,, 一捆；一束；一头；一棵,,,,,0,0,,,
a head of cattle,,,一头牛,,,,,0,0,,,
a health resort,,,疗养胜地,,,,,0,0,,,
a healthful diet,,,营养餐,,,,,0,0,,,
a heap of,,,"一大堆,许多…",,,,,0,0,,,
a hearing aid,,,助听器,,,,,0,0,,,
a heart attack,,,心脏病发作,,,,,0,0,,,
a heart of gold,,,道德高尚的人,,,,,0,0,,,
a heart of granite,,,铁石心肠,,,,,0,0,,,
a heart of oak,,,果断的人,,,,,0,0,,,
a heart of steel,,,"铁石心肠,冷酷的心",,,,,0,0,,,
a hearty meal,,,丰盛的一餐,,,,,0,0,,,
a heat of steel,,,一炉钢,,,,,0,0,,,
a heavy course load,,,繁重的课程负担,,,,,0,0,,,
a heavy date,,,重要的约会,,,,,0,0,,,
a heavy purse,,,富裕,,,,,0,0,,,
a heavy swell,,,"穿着入时的人,穿着时髦的人",,,,,0,0,,,
a hell of,,,"极度的,糟透了的,好极了的…",,,,,0,0,,,
a hell of a mess,,,一塌糊涂,,,,,0,0,,,
a hell of a...,,,"极度的, 难以容忍的, 糟糕的, 极好的",,,,,0,0,,,
a hemisphere of special knowledge,,,专业知识的范围,,,,,0,0,,,
a hen on,,,图谋,,,,,0,0,,,
a herd of,,,一群,,,,,0,0,,,
a herd of cattle,,,一群牛,,,,,0,0,,,
a high pitch of excitement,,,极度的兴奋,,,,,0,0,,,
a highbred magazine,,,"高级趣味杂志, 上流社会看的杂志",,,,,0,0,,,
a hill of beans,,,"少量, 小事",,,,,0,0,,,
a hint of,,,"一点…,一丝…",,,,,0,0,,,
a hit at sb,,,对某人的讽刺,,,,,0,0,,,
a hive of activity,,,一片繁忙,,,,,0,0,,,
a hog in armour,,,举止笨拙的人,,,,,0,0,,,
a holy terror,,,"可怕的人,讨厌的家伙",,,,,0,0,,,
a home from home,,,象家里一样舒适的环境,,,,,0,0,,,
a home thrust,,,正中要害的一击,,,,,0,0,,,
a home truth,,,"老生常谈, 令人难堪的事实, 逆耳的老实话",,,,,0,0,,,
A horizon,,,"A层（腐殖堆积层, 等于淋溶层）",,,,,0,0,,,
a horizontal line,,,水平线,,,,,0,0,,,
a horn of plenty,,,富饶的象征,,,,,0,0,,,
a horse of another colour,,,完全另一回事,,,,,0,0,,,
a horse on sb.,,,针对某人的恶作剧,,,,,0,0,,,
a host of,,,"许多,一大群",,,,,0,0,,,
a hot lead,,,极好的线索,,,,,0,0,,,
a hot number,,,"热门货, 感情热烈的女子",,,,,0,0,,,
a hot potato,,,棘手的问题,,,,,0,0,,,
a hot time,,,"紧张时刻,难熬的日子",,,,,0,0,,,
a house of call,,,"零工待雇处, 常去的场所",,,,,0,0,,,
a house of cards,,,"纸牌做的房子, 不牢靠的计划",,,,,0,0,,,
a house of correction,,,教养院,,,,,0,0,,,
a house of detention,,,拘留所,,,,,0,0,,,
a house of God,,,教堂,,,,,0,0,,,
a house of ill fame,,,妓院,,,,,0,0,,,
a house of prayer,,,教堂,,,,,0,0,,,
a house of refuge,,,难民收容所,,,,,0,0,,,
a household word,,,人人皆知的词语,,,,,0,0,,,
a hue and cry,,,"通辑令, 叫喊声, 喊捉声, 喧哗",,,,,0,0,,,
a huis clos,ɑ:'wi:'klәu,,"[法]秘密地, 私下",,,,,0,0,,,
a human failing,,,人类的弱点,,,,,0,0,,,
a hundred and one,,,许多,,,,,0,0,,,
a hundred percent,,,"百分之百, 完全",,,,,0,0,,,
a hundred times,ei ˈhʌndrəd taɪmz,, 百倍,,,,,0,0,,,
A ignore B gate,,,[计] 与B无关的A门,,,,,0,0,,,
A is acccompanied by B,,,"(甲)伴有(乙), (甲)引起(乙)",,,,,0,0,,,
A is meant by B,,,(乙)的意思是(甲),,,,,0,0,,,
A is meant for B,,,(甲)是为(乙)作准备的,,,,,0,0,,,
A is used as B,,,甲被用作乙,,,,,0,0,,,
a Jack in office,,,自命不凡的小官,,,,,0,0,,,
a Jack of both side,,,骑墙派,,,,,0,0,,,
a Jack of straw,,,稻草人,,,,,0,0,,,
a jazz hound,,,舞迷,,,,,0,0,,,
a job interview,,,招工面试,,,,,0,0,,,
a job lot,,,整批买卖的杂货,,,,,0,0,,,
a jolly dog,,,快活的人,,,,,0,0,,,
a Judas kiss,,,"口蜜腹剑, 阴险的背叛",,,,,0,0,,,
a keeper of his words,,,说话算数的人,,,,,0,0,,,
a Kempis,,,[网络] 凯美人,,,,,0,0,,,
a kick in one's gallop,,,异想天开,,,,,0,0,,,
a kick in the pants,,,"意想不到的斥责,重大挫折",,,,,0,0,,,
a kick in the teeth,,,突然的挫折,,,,,0,0,,,
a kind of,,,"一种,一类",,,,,0,0,,,
a king's ransom,,,一笔巨款,,,,,0,0,,,
a knack of trade,,,"经商之道,行业诀窍",,,,,0,0,,,
a knight in shining armor,,,"力挽狂澜的人,白马王子",,,,,0,0,,,
a knight in shining armour,,,"力挽狂澜的完美人物,白马王子",,,,,0,0,,,
a knight of the brush,,,美术家,,,,,0,0,,,
a knight of the hammer,,,铁匠,,,,,0,0,,,
a knight of the pen,,,文人,,,,,0,0,,,
a knight of the road,,,"流动推销员, 流浪汉",,,,,0,0,,,
a knowing card,,,精明者,,,,,0,0,,,
a la,,,.....型式的,,,,,0,0,,,
a la carte,ɑ: lɑ: 'kɑ:t,,a. 按菜单点菜的\nadv. 按菜单点菜,,,,,0,0,,,
a la king,,,用含有青椒的,,,,,0,0,,,
a la mode,ɑ: lɑ: 'mәjd,,"a. 流行的, 时髦的, 加冰淇淋的",,,,,0,0,,,
a labor of love,,,"爱做的事,出自喜爱而做的事",,,,,0,0,,,
a labour of love,,,爱做的事,,,,,0,0,,,
a lace border,,,花边,,,,,0,0,,,
a lack of,,, 缺乏，缺少,,,,,0,0,,,
a lady by birth,,,出身名门的贵妇人,,,,,0,0,,,
a lady of easy virtue,,,放荡的女人,,,,,0,0,,,
a lame apology,,,"站不住脚的辩解,漏洞百出的借口",,,,,0,0,,,
a land battle,,,陆战,,,,,0,0,,,
a land flowing with milk and honey,,,鱼米之乡,,,,,0,0,,,
a lantern jaw,,,"尖下巴,瘦削的脸孔",,,,,0,0,,,
a large amount of,,,大量的,,,,,0,0,,,
a large ballot,,,很多的选票,,,,,0,0,,,
a large body of,,,"一大堆,许多…",,,,,0,0,,,
a large body of facts,,,一大堆数据,,,,,0,0,,,
a large number of,,,"大量的..., 许多...",,,,,0,0,,,
a large per cent of,,,"很大一部分的,大部分…",,,,,0,0,,,
a large proportion of,,,大部分的…,,,,,0,0,,,
a large quantity of,,,大量...,,,,,0,0,,,
a large variety of,,,"各种各样的..., 种种...",,,,,0,0,,,
a large yield of wheat,,,小麦的丰收,,,,,0,0,,,
a launching pad,,,导弹发射台,,,,,0,0,,,
a law maker,,,"立法者,立法机构",,,,,0,0,,,
a law unto oneself,,,独断专行者,,,,,0,0,,,
a lawn party,,,游园会,,,,,0,0,,,
a lay figure,,,"人体模型,模特儿;傀儡",,,,,0,0,,,
a lay man,,,"俗人,门外汉,外行",,,,,0,0,,,
a layer of,,,一层…,,,,,0,0,,,
a leading article,,,社论,,,,,0,0,,,
a leading card,,,"先例, 榜样",,,,,0,0,,,
a leak of information,,,情报的洩漏,,,,,0,0,,,
a leap in the dark,,,冒险的行动,,,,,0,0,,,
a leap year,,,闰年,,,,,0,0,,,
a lease of life,,,寿命,,,,,0,0,,,
a leash of days,,,一连三天,,,,,0,0,,,
a legal year,,,法定年,,,,,0,0,,,
a length of,,,一段,,,,,0,0,,,
a letter of sympathy,,,慰问信,,,,,0,0,,,
A level,,,n. 英国GCE考试甲级标准,,2,,,0,0,,,
a lie of whole cloth,,,十足的谎言,,,,,0,0,,,
a lieutenant general,,,陆军中将,,,,,0,0,,,
a life peer,,,终身担任的上院议员,,,,,0,0,,,
a light hand,,,熟练(的手艺),,,,,0,0,,,
a light purse,,,贫困,,,,,0,0,,,
a limb of the devil,,,顽童,,,,,0,0,,,
a line of,,,"一行,一列,一排",,,,,0,0,,,
a line of least resistance,,,"阻力最小的方向, 最容易的途径",,,,,0,0,,,
a lion in the way,,,拦路虎,,,,,0,0,,,
a liquidation sale,,,清仓拍卖,,,,,0,0,,,
a litter of pigs,,,一窝猪仔,,,,,0,0,,,
a little,,,"一些, 一点点, 一点儿, 稍微, 些许",,,1,,0,0,,,
A little bird told me,,,"有人私下告诉我,我听说",,,,,0,0,,,
a little bit,,,"有点,些许",,,,,0,0,,,
a little eternity,,,一段很长的时间,,,,,0,0,,,
a little now and a little then,,,"间断地,断断续续地",,,,,0,0,,,
a little rift within the lute,,,"最初的分歧,发疯的预兆",,,,,0,0,,,
a little tin god,,,自命不凡的人,,,,,0,0,,,
a little too thick,,,"太过分, 过度",,,,,0,0,,,
a little while,,,"一会儿,短时间",,,,,0,0,,,
a little while ago,,,方才,,,,,0,0,,,
a live programme,,,"实况转播的节目,现场直播",,,,,0,0,,,
a live wire,,,"通电电线, 有活力的人",,,,,0,0,,,
a living copy of the past,,,"依然如故,照旧",,,,,0,0,,,
a living hell,,,人间地狱,,,,,0,0,,,
a load of,,,"大量, 许多",,,,,0,0,,,
a loading area,,,装卸区,,,,,0,0,,,
a loaf of bread,,,一个面包,,,,,0,0,,,
a loan on security,,,担保贷款,,,,,0,0,,,
a local speciality,,,地方特产,,,,,0,0,,,
a lone wolf,,,不喜欢与人来往的人,,,,,0,0,,,
a long dozen,,,十三个,,,,,0,0,,,
a long shot,,,不大会成功的尝试,,,,,0,0,,,
a long shot gamble,,,孤注一掷,,,,,0,0,,,
a long time ago,,,很久以前,,,,,0,0,,,
a long way from,,,距离…遥远,,,,,0,0,,,
a long while ago,,,很长时间以前,,,,,0,0,,,
a long word,,,很长的时间,,,,,0,0,,,
a look of vacancy,,,茫然若失的神情,,,,,0,0,,,
a loose fish,,,放荡不羁者,,,,,0,0,,,
a losing battle,,,"没有希望胜利的战斗,失利的战斗",,,,,0,0,,,
a lost cause,,,已失败的事业;大势已去,,,,,0,0,,,
a lost sheep,,,"迷路的羊, 误入歧途的人",,,,,0,0,,,
a lot,,,"大量, 很, 非常",,,1,,0,0,,,
a lot of,,,许多的,,,,,0,0,,,
a love match,,,爱情结合的婚姻,,,,,0,0,,,
a lucky dip,,,"幸运袋,摸彩袋",,,,,0,0,,,
a lucky dog,,,"幸运儿,走运的家伙",,,,,0,0,,,
a lucky miss,,,侥幸免难,,,,,0,0,,,
a lump in one's throat,,,"喉咙哽住, 哽咽",,,,,0,0,,,
a lump in the throat,,,喉咙哽住,,,,,0,0,,,
a lump of selfishness,,,一个彻头彻尾的自私者,,,,,0,0,,,
a lump sum,,,"[经] 一次总付的金额, 一笔整数",,,,,0,0,,,
a lunar year,,,太阴年,,,,,0,0,,,
a made man,,,"肯定会成功的人,以崭露头脚者",,,,,0,0,,,
a magazine of wisdom,,,智慧的宝库,,,,,0,0,,,
a maiden work,,,处女作,,,,,0,0,,,
a mailed fist,,,"武力威胁,暴力",,,,,0,0,,,
a major general,,,陆军少将,,,,,0,0,,,
a majority of,,,"大部分,大多数",,,,,0,0,,,
a man about town,,,花花公子,,,,,0,0,,,
a man at the desk,,,"办事员,书记员",,,,,0,0,,,
a man born of woman,,,凡人,,,,,0,0,,,
a man in a thousand,,,"百里挑一者,出类拔萃的人",,,,,0,0,,,
a man of ability,,,"能干者,有本事的人",,,,,0,0,,,
a man of application,,,"勤奋工作者,专心致志者",,,,,0,0,,,
a man of Belial,,,"无赖, 堕落者",,,,,0,0,,,
a man of business,,,代理人,,,,,0,0,,,
a man of character,,,"有个性的人,性格坚强者",,,,,0,0,,,
a man of decision,,,"有决断能力的人,果断的人",,,,,0,0,,,
a man of dress,,,衣着讲究的男人,,,,,0,0,,,
a man of eminence,,,"名人,卓越人物",,,,,0,0,,,
a man of family,,,"有家室者,有妻儿老小者;名门子弟",,,,,0,0,,,
a man of fashion,,,"时髦人物,风头人物",,,,,0,0,,,
a man of figure,,,"人物,名人,要人,有声望的人",,,,,0,0,,,
a man of God,,,"圣徒, 牧师",,,,,0,0,,,
a man of great energy,,,精力充沛的人,,,,,0,0,,,
a man of great esteem,,,德高望重者,,,,,0,0,,,
a man of great resources,,,"足智多谋者,老谋深算者",,,,,0,0,,,
a man of high standing,,,"有很高地位,有很高声望的",,,,,0,0,,,
a man of his hands,,,有手艺的人,,,,,0,0,,,
a man of his word,,,"恪守信用者,言之有信者",,,,,0,0,,,
a man of intellectual breadth,,,知识渊博的人,,,,,0,0,,,
a man of iron,,,"意志坚强的人, 严酷的人",,,,,0,0,,,
a man of letters,,,"学者, 作家",,,,,0,0,,,
a man of light and leading,,,"权威人士,有先见之明者",,,,,0,0,,,
a man of mark,,,"名人, 要人",,,,,0,0,,,
a man of means,,,"富人,有钱人,有财产者",,,,,0,0,,,
a man of men,,,"卓越人物,杰出者",,,,,0,0,,,
a man of mettle,,,有勇气的人,,,,,0,0,,,
a man of moods,,,喜怒无常的人,,,,,0,0,,,
a man of mould,,,凡人,,,,,0,0,,,
a man of nerve,,,有胆量的人,,,,,0,0,,,
a man of no fixed abode,,,无固定住所者,,,,,0,0,,,
a man of one's word,,,守信的人,,,,,0,0,,,
a man of parts,,,有才能的人,,,,,0,0,,,
a man of polish,,,文雅人士,,,,,0,0,,,
a man of property,,,有产者,,,,,0,0,,,
a man of renown,,,"名人,知名人士",,,,,0,0,,,
a man of sin,,,罪人,,,,,0,0,,,
a man of straw,,,"稻草人, 假想的对手",,,,,0,0,,,
a man of temperate habits,,,"禀性温和的人,有节制的人",,,,,0,0,,,
a man of the world,,,深通世故的人,,,,,0,0,,,
a man of vision,,,"有眼光的人,有远见的人,高瞻远瞩者",,,,,0,0,,,
a man of wax,,,"模范人物,完人",,,,,0,0,,,
a man of wealth,,,"富人,有钱人",,,,,0,0,,,
a man of zeal,,,热心人,,,,,0,0,,,
a man on horseback,,,军事独裁者,,,,,0,0,,,
a man on top of his work,,,工作出色的人,,,,,0,0,,,
a man with the bark on,,,粗人,,,,,0,0,,,
a man with the broom,,,"想作一番改革者,热心改革的人",,,,,0,0,,,
a man with the muck,,,"到处打听丑闻的人,爱散布流言蜚语的人",,,,,0,0,,,
a marriage of convenience,,,基于利害关系的婚姻,,,,,0,0,,,
a mass of,,,"一块,一团,大量的",,,,,0,0,,,
a master hand,,,"能手,行家里手;大手笔,文学大师",,,,,0,0,,,
a master mind,,,"伟人,杰出人物,思想家",,,,,0,0,,,
a master stroke,,,"妙举,大成,丰功伟绩",,,,,0,0,,,
a mat of hair,,,一簇头发,,,,,0,0,,,
a matron of honour,,,伴娘,,,,,0,0,,,
a matter at issue,,,"有争议的问题,正在争论的问题",,,,,0,0,,,
a matter for wonder,,,惊奇的事情,,,,,0,0,,,
a matter in hand,,,当前的问题,,,,,0,0,,,
a matter of,,,"...左右, ...上下, 只是...的问题而已, 只需, 大约",,,,,0,0,,,
a matter of course,,,理所当然的事,,,,,0,0,,,
a matter of great account,,,一件很重要的事,,,,,0,0,,,
a matter of life and death,,,生死攸关的事,,,,,0,0,,,
a matter of opinion,,,看法不同的问题,,,,,0,0,,,
a matter of record,,,有案可查的事,,,,,0,0,,,
a maximum of,,,"至多,最多",,,,,0,0,,,
a mean fellow,,,"卑鄙的家伙,吝啬鬼",,,,,0,0,,,
a measure of,,,一定程度的,,,,,0,0,,,
a medical man,,,医生,,,,,0,0,,,
a mensa et thoro,," A kind of divorce which does not dissolve the\n   marriage bond, but merely authorizes a separate life of the husband and\n   wife.",[法] 分居,,,,,0,0,,,
a mental case,,,精神病患者,,,,,0,0,,,
a mere apology for...,,,勉强充作...的东西,,,,,0,0,,,
a mere fable,,,纯属无稽之谈,,,,,0,0,,,
a mere pose,,,"纯粹的姿态,仅仅是做出的样子",,,,,0,0,,,
a mere pose for,,,不过是...的伪装,,,,,0,0,,,
a message of greetings,,,"贺电,贺信",,,,,0,0,,,
a message of mourning,,,"唁电,志哀信",,,,,0,0,,,
a middle school in affiliation,,,附属中学,,,,,0,0,,,
a midget radio,,,袖珍收音机,,,,,0,0,,,
a mile,,,一哩,,,,,0,0,,,
a military area,,,军区,,,,,0,0,,,
a million times,,,一百万次,,,,,0,0,,,
a mind reader,,,能猜出别人心思的人,,,,,0,0,,,
a mine layer,,,布雷舰,,,,,0,0,,,
a mine of information,,,知识的宝库,,,,,0,0,,,
a mine yawl,,,布雷快艇,,,,,0,0,,,
a mine zone,,,布雷区,,,,,0,0,,,
a minimum of,,,"至少,最少,最起码",,,,,0,0,,,
a minute,,,一分钟；一会儿,,,,,0,0,,,
a missing person,,,失踪人员,,,,,0,0,,,
a mite of a child,,,小得可怜的孩子,,,,,0,0,,,
a mite on an elephant,,,"大象身上一小虱, 大小悬殊",,,,,0,0,,,
a moment ago,ə ˈməumənt əˈɡəu,, 刚才; 将才,,,,,0,0,,,
a money of account,,,n. 计算货币,,,,,0,0,,,
a Mongolian yurt,,,蒙古包,,,,,0,0,,,
a monkey with a long tail,,,抵押,,,,,0,0,,,
a month of Sundays,,,很久,,,,,0,0,,,
a month or so,,,一个月左右,,,,,0,0,,,
a motor bicycle,,,摩託车,,,,,0,0,,,
a mountain of,,,"山一样的一大堆,大量的…",,,,,0,0,,,
a mountain of flesh,,,高大结实的人,,,,,0,0,,,
a mountain range,,,山脉,,,,,0,0,,,
a mountain recess,,,"丛山深处,山隈",,,,,0,0,,,
a mountain retreat,,,"山庄,世外桃源,香格里拉",,,,,0,0,,,
a mountainous area,,,山区,,,,,0,0,,,
a movie queue,,,等待买电影票的长列,,,,,0,0,,,
a mug of,,,一大杯…,,,,,0,0,,,
a multitude of,,,"大批的,大量的,许许多多的…",,,,,0,0,,,
a mushroom millionaire,,,暴发户,,,,,0,0,,,
a mushroom town,,,新兴城镇,,,,,0,0,,,
a muster of,,,"一群…,一批…,一大堆…",,,,,0,0,,,
a muster of peacocks,,,一群孔雀,,,,,0,0,,,
a name to conjure with,,,威力巨大的名字,,,,,0,0,,,
a narrow escape,,,九死一生,,,,,0,0,,,
a narrow margin of profit,,,薄利,,,,,0,0,,,
a narrow scrape,,,"险些儿陷入困境,差一点倒霉,九死一生,千钧一发",,,,,0,0,,,
a narrow squeak,,,"九死一生的脱险, 勉强的成功",,,,,0,0,,,
a narrow victory,,,"勉强取得的胜利,险胜",,,,,0,0,,,
a nasty one,,,"责骂, 使人一蹶不振的打击",,,,,0,0,,,
a nasty piece of work,,,"阴谋, 下流的家伙",,,,,0,0,,,
a nation of shopkeepers,,,"小店主之国,善于做买卖的民族",,,,,0,0,,,
a natural for sth,,,天生适合做某事的人,,,,,0,0,,,
a natural inference,,,必然的推论,,,,,0,0,,,
a naval battle,,,海战,,,,,0,0,,,
a near escape,,,九死一生,,,,,0,0,,,
a near go,,,极侥幸的逃脱,,,,,0,0,,,
a near miss,,,"侥幸脱险,险些相撞",,,,,0,0,,,
a near thing,,,侥幸的脱险,,,,,0,0,,,
a near touch,,,九死一生,,,,,0,0,,,
a necessary house,,,厕所,,,,,0,0,,,
a negative plate,,,"底片,感光板",,,,,0,0,,,
a negligible quantity,,,可忽略的因素,,,,,0,0,,,
a Negro in petticoats,,,残暴的女人,,,,,0,0,,,
a nest of,,,"一窝…,一套…",,,,,0,0,,,
a network of falsehoods,,,"一大堆谎言,谎话连篇",,,,,0,0,,,
a neutral sort of person,,,"无显着特色的人,平平淡淡的人",,,,,0,0,,,
a new broom,,,新上任的官员,,,,,0,0,,,
A new broom sweeps clean,,,新官上任三把火,,,,,0,0,,,
a new lease of life,,,"富于希望的, 新生",,,,,0,0,,,
a newspaper installment,,,报刊的连载,,,,,0,0,,,
a nice bit of,,,相当多的,,,,,0,0,,,
a nice distinction,,,"细微的区别,微妙的区别",,,,,0,0,,,
a nice ear,,,"敏锐的耳朵,听觉敏锐",,,,,0,0,,,
a nice fit,,,十分合适的人或物,,,,,0,0,,,
a nice shade of meaning,,,意思上的细微区别,,,,,0,0,,,
a nigger in the woodpile,,,隐私,,,,,0,0,,,
a nine days wonder,,,轰动一时后便被忘却的事,,,,,0,0,,,
a nodding acquaintance,,,点头之交,,,,,0,0,,,
a nonce word,,,临时造出来的词,,,,,0,0,,,
a nose of wax,,,"耳朵软的人, 容易塑捏的东西",,,,,0,0,,,
a nose to light candles at,,,酒糟鼻,,,,,0,0,,,
a notch above the others,,,高人一等,,,,,0,0,,,
a nuclear family,,,核心家庭,,,,,0,0,,,
a number of,,,许多的,,,,,0,0,,,
a pack of,,,"一盒,一包;一伙…,一群…",,,,,0,0,,,
a pack of lies,,,连篇的谎言,,,,,0,0,,,
a pack of wolves,,,一群狼,,,,,0,0,,,
a package of,,,一包…,,,,,0,0,,,
a packet of,,,"一盒…,一捆…,一包…",,,,,0,0,,,
a packet of troubles,,,一大堆麻烦事,,,,,0,0,,,
a packet vessel,,,"邮船,班船",,,,,0,0,,,
a packing list,,,装箱单,,,,,0,0,,,
a pad of notes,,,一扎钞票,,,,,0,0,,,
a page boy,,,"侍童,小听差",,,,,0,0,,,
a pail of,,,一桶…,,,,,0,0,,,
a pain in the ass,,,"讨厌的家伙,讨厌的事情",,,,,0,0,,,
a pain in the neck,,,"讨厌的家伙, 可恶的家伙, 使人厌烦的责任, 使人厌烦的义务",,,,,0,0,,,
a painter in oils,,,油画家,,,,,0,0,,,
a pair of,,,"一对..., 一付...",,,,,0,0,,,
a pair of drawers,,,一条衬裤,,,,,0,0,,,
a pair of spectacles,,,一副眼镜,,,,,0,0,,,
a pair of tongs,,,一把钳子,,,,,0,0,,,
a par of exchange,,,"汇兑牌价,外汇平价",,,,,0,0,,,
a paradise for children,,,儿童乐园,,,,,0,0,,,
a part of,ə pɑ:t ɔv,, 部分,,,,,0,0,,,
a particle of,,,"一点点,少量的…",,,,,0,0,,,
a passage of arms,,,"交战, 争论",,,,,0,0,,,
a passed master,,,老手,,,,,0,0,,,
a past master,,,"行家,里手,能工巧匠",,,,,0,0,,,
a pasturing area,,,牧区,,,,,0,0,,,
a pat of butter,,,一小块奶油,,,,,0,0,,,
a pat on the back,,,"鼓励,赞许",,,,,0,0,,,
a patch of,,,"一块,一片",,,,,0,0,,,
a patent fact,,,明显的事实,,,,,0,0,,,
a path strewn with roses,,,安乐的一生,,,,,0,0,,,
a pay raise,,,加薪,,,,,0,0,,,
a peacock in his pride,,,开屏的孔雀,,,,,0,0,,,
a pearl among women,,,巾帼英杰,,,,,0,0,,,
a peck of,,,"很多,大量的",,,,,0,0,,,
a peck of troubles,,,"一大堆困难,很多的烦恼",,,,,0,0,,,
a peg to hang on,,,借口;话题;适当的时机,,,,,0,0,,,
a peg too low,,,"抑郁的,醉醺醺的",,,,,0,0,,,
a penal code,,,刑法,,,,,0,0,,,
a penelope's web,,,永远完成不了的工作,,,,,0,0,,,
a period of,ei ˈpiəriəd ɔv,, 阵子,,,,,0,0,,,
a person of color,,,有色人种的人,,,,,0,0,,,
a petticoat affair,,,桃色事件,,,,,0,0,,,
a piece of,,,"一块..., 一片...",,,,,0,0,,,
a piece of cake,,,轻松的事,,,,,0,0,,,
a piece of china,,,一件瓷器,,,,,0,0,,,
a piece of furniture,,,一件家具,,,,,0,0,,,
a piece of goods,,,人,,,,,0,0,,,
a piece of nasty work,,,"下流卑鄙的家伙,恶棍",,,,,0,0,,,
a piece of news,,,"一条消息,一则新闻",,,,,0,0,,,
a piece of piss,,,"极其容易的工作,和撒尿一样容易的事情",,,,,0,0,,,
a piece of property,,,一项财产,,,,,0,0,,,
a piece of resistance,,,"主要产品,主菜,出类拔萃的人或物",,,,,0,0,,,
a piece of work,,,"一件工作, 难事, 一件作品",,,,,0,0,,,
a pigeon pair,,,龙凤双胞胎,,,,,0,0,,,
a pile of,,,"一堆,一垛…",,,,,0,0,,,
a pile of shit,,,"废话, 胡说, 废物, 卑鄙者",,,,,0,0,,,
a pill to cure an earthquake,,,"n. 软弱的措施,不彻底的办法",,,,,0,0,,,
a pinch of,,,"一小撮…,微量的…",,,,,0,0,,,
a pirate listener,,,"偷听者,窃听者",,,,,0,0,,,
a pirated version,,,"非法翻印的版本,海盗版",,,,,0,0,,,
a piss pot,,,"尿壶,痰盂",,,,,0,0,,,
a pitched battle,,,n. 难分难解的酣战,,,,,0,0,,,
a pity,,,n. 遗憾,,,,,0,0,,,
a place in the sun,,,显要的地位,,,,,0,0,,,
a plain bearing,,,滑动轴承,,,,,0,0,,,
a plan of operations,,,作战计划,,,,,0,0,,,
a play doctor,,,剧本改编者,,,,,0,0,,,
a play on words,,,"双关语,俏皮话",,,,,0,0,,,
a play upon words,,,"双关语, 俏皮话",,,,,0,0,,,
a plenty of,,,大量；许多,,,,,0,0,,,
a plot of,,,一块,,,,,0,0,,,
a pluck of wool,,,拔下的一把羊毛,,,,,0,0,,,
a plume of smoke,,,一缕烟,,,,,0,0,,,
a plump lie,,,"弥天大谎,昭然若揭的谎言",,,,,0,0,,,
a point in dispute,,,"有争议的论点,争端",,,,,0,0,,,
a point of honor,,,与面子有关的事,,,,,0,0,,,
a point of honour,,,为维护脸面必须做的事,,,,,0,0,,,
a point of no return,,,"航线临界点, 只能进不能退的地步",,,,,0,0,,,
a point of safe return,,,n. 安全返航点,,,,,0,0,,,
a point of vantage,,,有利地位,,,,,0,0,,,
a point of view,,,观点,,,,,0,0,,,
a pole brace,,,电桿拉线,,,,,0,0,,,
a political arena,,,n. 政治舞台,,,,,0,0,,,
a poor fish,,,"可怜的家伙,可怜虫",,,,,0,0,,,
a poor snake,,,"穷苦人,做苦力的人",,,,,0,0,,,
a portable radio,,,便携式收音机,,,,,0,0,,,
a portion of,,,"一部分的…;一份,一客",,,,,0,0,,,
a position of eminence,,,显赫的地位,,,,,0,0,,,
a posteriori,," Characterizing that kind of reasoning which derives\n   propositions from the observation of facts, or by generalizations from\n   facts arrives at principles and definitions, or infers causes from\n   effects. This is the reverse of a priori reasoning.\n Applied to knowledge which is based upon or derived\n   from facts through induction or experiment; inductive or empirical.","[计] 后验的, 凭经验的, 归纳的",,,,,0,0,,,
a posteriori estimation,,,[计] 后验估计,,,,,0,0,,,
a pound of flesh,,,合法不合理的事,,,,,0,0,,,
a pound to a penny,,,"十有八九,可能性极大",,,,,0,0,,,
a power of,,,"极大的,很多",,,,,0,0,,,
a power of attorney,,,"n. 委託书,代理权",,,,,0,0,,,
a powre supply,,,[电] A电源,,,,,0,0,,,
A pox on him,,,他该死,,,,,0,0,,,
a practical joke,,,恶作剧,,,,,0,0,,,
a practicing doctor,,,开业医生,,,,,0,0,,,
a preface from the pen of,,,由…代写的序言,,,,,0,0,,,
a prescription against,,,治疗…的药方,,,,,0,0,,,
a press interview,,,记者採访,,,,,0,0,,,
a pretty go,,,"怪事,奇怪",,,,,0,0,,,
a pretty hash,,,"乱七八糟,一团糟",,,,,0,0,,,
a pretty kettle of fish,,,"一团糟,一塌煳涂",,,,,0,0,,,
a pretty mess,,,"一蹋煳涂,乱七八糟",,,,,0,0,,,
a pretty packet,,,一大笔钱,,,,,0,0,,,
a pretty pass,,,困境,,,,,0,0,,,
a pretty penny,,,"一大笔钱,相当可观的一笔钱",,,,,0,0,,,
a price list,,,价目表,,,,,0,0,,,
a priest of Bacchus,,,酒鬼,,,,,0,0,,,
a primary rainbow,,,虹,,,,,0,0,,,
a priori,.eiprai'ɒ:rai," Characterizing that kind of reasoning which deduces\n   consequences from definitions formed, or principles assumed, or which\n   infers effects from causes previously known; deductive or deductively.\n   The reverse of a posteriori.\n Applied to knowledge and conceptions assumed, or\n   presupposed, as prior to experience, in order to make experience\n   rational or possible.","由因及果的, 演绎的, 先验的\n[法] 公理的, 自明的",,,,,0,0,,,
a priori limitation,,,[法] 预定限制,,,,,0,0,,,
a prison bird,,,"囚犯,惯犯",,,,,0,0,,,
a profound sleep,,,n. 酣睡,,,,,0,0,,,
a profusion of,,,"很多,大量",,,,,0,0,,,
a program parade,,,节目预告,,,,,0,0,,,
a protracted struggle,,,"长期斗争,持久战",,,,,0,0,,,
a public figure,,,"知名人士,抛头露面的人物,头面人物",,,,,0,0,,,
a pulp magazine,,,低级趣味的杂志,,,,,0,0,,,
a punch press,,,"冲床,冲孔机,打卡机",,,,,0,0,,,
a punching bag,,,供拳击用的沙袋,,,,,0,0,,,
a put-up job,,,"骗局, 圈套",,,,,0,0,,,
a putty medal,,,小奖赏,,,,,0,0,,,
a quantity of,,,"一些,若干",,,,,0,0,,,
a quarter of,,,四分之一的,,,,,0,0,,,
a queen of hearts,,,美人,,,,,0,0,,,
a queer bird,,,怪人,,,,,0,0,,,
a queer cat,,,怪人,,,,,0,0,,,
a queer fish,,,"疯子,怪人",,,,,0,0,,,
a queue of,,,"一队,一行,一长列…",,,,,0,0,,,
a quiver full of children,,,子女多的大家庭,,,,,0,0,,,
a quorum of athletes,,,一批优秀运动员,,,,,0,0,,,
a racing yacht,,,竞赛用快艇,,,,,0,0,,,
a radio ham,,,无线电业余爱好者,,,,,0,0,,,
a radio telephone,,,无线电话,,,,,0,0,,,
a rag doll,,,布娃娃,,,,,0,0,,,
a ragged school,,,"贫民学校,破烂的校学校",,,,,0,0,,,
a rail advice,,,铁路到货通知书,,,,,0,0,,,
a rail fence,,,"栅栏,篱笆",,,,,0,0,,,
a railway juncture,,,铁路枢纽站,,,,,0,0,,,
a rain check,,,留待天晴补看的票根;延期举行,,,,,0,0,,,
a rain of bullets,,,枪林弹雨,,,,,0,0,,,
a rain of congratulations,,,一连串的祝贺,,,,,0,0,,,
a rainbow of,,,"各种各样的..., 五颜六色的...",,,,,0,0,,,
a rainy day,,,"n. 雨天,穷困时",,,,,0,0,,,
a raise in salary,,,"加薪,加工资",,,,,0,0,,,
a random guess,,,"瞎猜,乱猜",,,,,0,0,,,
a random shot,,,"胡乱的射击,流弹",,,,,0,0,,,
a range of,ə reindʒ ɔv,, 一系列; 一些; 一套,,,,,0,0,,,
a rash advance,,,"鲁莽前进,冒进",,,,,0,0,,,
a rat leaving a sinking ship,,,n. 不能共患难的人,,,,,0,0,,,
a rat race,,,激烈的竞争,,,,,0,0,,,
a rave review,,,大加赞赏的评论,,,,,0,0,,,
a raw beginner,,,缺乏经验的生手,,,,,0,0,,,
a raw brick,,,砖坯,,,,,0,0,,,
a raw deal,,,不公平的对待,,,,,0,0,,,
a raw hand,,,"生手,新兵",,,,,0,0,,,
a ray of,,,"一线…,一丝…,少量…",,,,,0,0,,,
a ray of hope,,,一线希望,,,,,0,0,,,
a ray of truth,,,"一丝真理,有点道理",,,,,0,0,,,
a razor blade,,,刀片,,,,,0,0,,,
a reading list,,,阅读书目,,,,,0,0,,,
a real jam,,,"上等货,难得的享受",,,,,0,0,,,
a real treat,,,"真正的享受,真正快乐的事情",,,,,0,0,,,
a rear area,,,n. 后方,,,,,0,0,,,
a red letter day,,,"节日,假日,大喜日",,,,,0,0,,,
a reel of film,,,一盘影片,,,,,0,0,,,
a regular army,,,n. 正规军,,,,,0,0,,,
a regular banquet,,,豪华的宴会,,,,,0,0,,,
a regular pest,,,十足的坏蛋,,,,,0,0,,,
a regulating dam,,,拦洪坝,,,,,0,0,,,
a regulation game,,,正式比赛,,,,,0,0,,,
a reign of terror,,,恐怖统治,,,,,0,0,,,
a remedy against,,,防治…的药物,,,,,0,0,,,
a reminiscent mood,,,n. 怀旧情绪,,,,,0,0,,,
a remodelled army,,,经过改编的军队,,,,,0,0,,,
a required course,,,必修课,,,,,0,0,,,
a rescue party,,,抢救组,,,,,0,0,,,
a residence zone,,,住宅区,,,,,0,0,,,
a retaining fee,,,n. 律师费,,,,,0,0,,,
a retro,,,[经] 拖欠,,,,,0,0,,,
a rhetorical question,,,反问句,,,,,0,0,,,
a rich cake,,,重油蛋糕,,,,,0,0,,,
a right angle,,,n. 直角,,,,,0,0,,,
a right guy,,,可靠的人,,,,,0,0,,,
a riot of colour,,,"色彩缤纷,争芳斗妍",,,,,0,0,,,
a riot of sound,,,"声音嘈杂,人声鼎沸",,,,,0,0,,,
a road hog,,,"横冲直撞的司机,交通肇事者",,,,,0,0,,,
a roar of anger,,,一阵怒号,,,,,0,0,,,
a roar of laughter,,,一阵哄笑,,,,,0,0,,,
a Roland for an Oliver,,,"势均力敌, 以牙还牙",,,,,0,0,,,
a roll of,,,一卷,,,,,0,0,,,
a roll of film,,,一卷胶卷,,,,,0,0,,,
a roll of honor,,,阵亡将士名单,,,,,0,0,,,
a roll of the dice,,,"掷骰子,碰运气,可能性",,,,,0,0,,,
a roller bearing,,,滚柱轴承,,,,,0,0,,,
a rope of sand,,,"不牢固的结合, 无结果的事",,,,,0,0,,,
a rough diamond,,,"未加工的天然钻石, 外粗内秀之人",,,,,0,0,,,
a round of talks,,,一轮谈判,,,,,0,0,,,
a round of visits,,,一系列的访问;巡回出诊,,,,,0,0,,,
a round peg in a square hole,,,n. 不适宜担当某职务的人,,,,,0,0,,,
a rousing welcome,,,热烈欢迎,,,,,0,0,,,
a row of,,,"一排,一行",,,,,0,0,,,
a rum start,,,惊人的事情,,,,,0,0,,,
a rummage sale,,,"清仓拍卖, 捐赠品义卖",,,,,0,0,,,
a run for one's money,,,"花钱得到的满足, 激烈的竞争",,,,,0,0,,,
a running cold,,,流鼻涕的感冒,,,,,0,0,,,
a running commentary,,,当场连续的评述,,,,,0,0,,,
a running fire,,,"连发, 一连串的批评指责",,,,,0,0,,,
a rural area,,,n. 农村地区,,,,,0,0,,,
a sack of flour,,,一袋面粉,,,,,0,0,,,
a sacred cow,,,"n. 圣牛,神圣之物",,,,,0,0,,,
a sad dog,,,"放荡的人, 鲁莽的人",,,,,0,0,,,
a sad sack,,,"讨厌的女孩;好心办坏事的人,难相处的人",,,,,0,0,,,
a sailing boat,,,帆船,,,,,0,0,,,
a saliing ship,,,大帆船,,,,,0,0,,,
a saucy hat,,,俏丽的帽子,,,,,0,0,,,
a saucy smil,,,慧黠的微笑,,,,,0,0,,,
a savage lion,,,勐狮,,,,,0,0,,,
a saving grace,,,可取之处,,,,,0,0,,,
a score of,,,"二十,几十,许多…",,,,,0,0,,,
a scrap of paper,,,一张废纸,,,,,0,0,,,
a scrap of the pen,,,"大笔一挥,签字",,,,,0,0,,,
a scrape of the pen,,,"签字, 简单手令",,,,,0,0,,,
a scratch of pen,,,n. 签名,,,,,0,0,,,
a scratch of the pen,,,签名,,,,,0,0,,,
a scream of laughter,,,纵声大笑,,,,,0,0,,,
a sea battle,,,n. 海战,,,,,0,0,,,
a sea lawyer,,,鲨鱼;强词夺理的水手;斤斤计较者,,,,,0,0,,,
a sea of faces,,,人山人海,,,,,0,0,,,
a sea of fire,,,一片火海,,,,,0,0,,,
a sea of flames,,,一片火海,,,,,0,0,,,
a sea of troubles,,,无穷的烦恼,,,,,0,0,,,
a sea wolf,,,"海狼,狼鱼;海盗,潜艇",,,,,0,0,,,
a sealed book,,,"天书, 高深莫测的事物",,,,,0,0,,,
a second birth,,,再生,,,,,0,0,,,
a secondary rainbow,,,霓,,,,,0,0,,,
a sense of direction,,,辨别方向的能力,,,,,0,0,,,
a sensible change,,,显着的变化,,,,,0,0,,,
a sentence of lash,,,"鞭刑,笞刑",,,,,0,0,,,
a sequence of,,,"一个…的序列,一系列…",,,,,0,0,,,
a series of,,,"一系列..., 一批...",,,,,0,0,,,
a set of,,,"一组,一套,一副,一批,一连串",,,,,0,0,,,
a set of features,,,"容貌,五官",,,,,0,0,,,
a set of forks,,,一套餐叉,,,,,0,0,,,
a set of furniture,,,一套家具,,,,,0,0,,,
a set phrase,,,"固定短语,固定搭配,词组",,,,,0,0,,,
a shade,,,一点点,,,,,0,0,,,
a shade of,,,"些许,少许的…",,,,,0,0,,,
a shade of difference,,,"细微区别,微小区别",,,,,0,0,,,
a shadow cabinet,,,影子内阁,,,,,0,0,,,
a sham battle,,,n. 军事演习,,,,,0,0,,,
a sham fight,,,"模拟战斗,军事演习",,,,,0,0,,,
a share,,,[经] A种股票,,,,,0,0,,,
a sharp angle,,,n. 锐角,,,,,0,0,,,
a sheer fraud,,,彻头彻尾的骗局,,,,,0,0,,,
a sheet in the wind,,,"略有醉意,微醉",,,,,0,0,,,
a sheet of,,,"一片,一块,一张,一层",,,,,0,0,,,
a shipyard,,,"造船厂, 造般所",,,,,0,0,,,
a shopping list,,,购物单,,,,,0,0,,,
a short cut,,,"近路, 捷径",,,,,0,0,,,
a short shrift,,,"临终忏悔, 临死前的短暂时间",,,,,0,0,,,
a short time,,,一会儿,,,,,0,0,,,
a short while ago,,,方才,,,,,0,0,,,
a shot,,,射击\n开枪\n子弹\n射击手,,,,,0,0,,,
a shot in the arm,,,"兴奋剂,刺激因素",,,,,0,0,,,
a shot in the dark,,,"放黑枪;胡乱的猜测,瞎猜",,,,,0,0,,,
a shot in the locker,,,"备用金, 最后的办法, 最后一颗炮弹",,,,,0,0,,,
a shotgun marriage,,,"怀孕所迫的结婚, 强迫的结合",,,,,0,0,,,
a shoulder to cry on,,,患难时可以依赖的人或安慰,,,,,0,0,,,
a shower of stones,,,雨点般的石头,,,,,0,0,,,
a shy fish,,,"腼腆者,羞羞答答的家伙",,,,,0,0,,,
a sick market,,,萧条的市场,,,,,0,0,,,
a sidereal year,,,恒星年,,,,,0,0,,,
a sight for sore eyes,,,"悦目的景象,令人心旷神怡的景象,受欢迎的人,稀客",,,,,0,0,,,
a sight for the gods,,,"不寻常的东西, 惊人的场面",,,,,0,0,,,
a sightseeing,,,观光旅行,,,,,0,0,,,
a sign manual,,,"亲笔签名,手势",,,,,0,0,,,
a signal of distress,,,遇难信号,,,,,0,0,,,
a silver doctor,,,钓鱼用的假饵,,,,,0,0,,,
a silver tongue,,,流利的口才,,,,,0,0,,,
a simple diet,,,n. 粗茶淡饭,,,,,0,0,,,
a single,,,n. 单一\n[网络] 单可；单一的；单人间吗,,,,,0,0,,,
a single combat,,,n. 两人决斗,,,,,0,0,,,
a single woman,,,"n. 单身女子,老处女",,,,,0,0,,,
a sitting duck,,,易捕获的猎物,,,,,0,0,,,
a sixty-four dollar question,,,"最重要的问题, 最后也是最难的问题",,,,,0,0,,,
a skeleton at the feast,,,令人扫兴的事或人,,,,,0,0,,,
a skeleton in the closet,,,家丑,,,,,0,0,,,
a skeleton in the cupboard,,,家丑,,,,,0,0,,,
a skull and crossbones,,,n. 骷髅旗,,,,,0,0,,,
a slanging match,,,谩骂,,,,,0,0,,,
a slant of wind,,,n. 一阵顺风,,,,,0,0,,,
a slap in the face,,,"耳光, 突然的责备",,,,,0,0,,,
a slap on the back,,,"鼓励,促进,赞扬",,,,,0,0,,,
a slap on the wrist,,,轻微的处罚,,,,,0,0,,,
a slap-bang shop,,,小饭店,,,,,0,0,,,
a sleight of hand,,,"戏法, 魔术, 花招, 熟练的手法",,,,,0,0,,,
a slice of,,,"一片,一小块,一部分",,,,,0,0,,,
a slice of ham,,,一片火腿肉,,,,,0,0,,,
a slice of luck,,,一桩好运气,,,,,0,0,,,
a slip of a boy,,,瘦长的年轻男子,,,,,0,0,,,
a slip of a girl,,,瘦长的姑娘,,,,,0,0,,,
a slip of memory,,,"一时忘记,记错",,,,,0,0,,,
a slip of the lip,,,"口误,失言",,,,,0,0,,,
a slip of the pen,,,笔误,,,,,0,0,,,
a slip of the tongue,,,"失言, 口误",,,,,0,0,,,
a sly dog,,,"暗中偷欢的人, 偷鸡摸狗的人",,,,,0,0,,,
a smack in the eye,,,"一记耳光,突如其来的打击",,,,,0,0,,,
a small number of,,,少量的...,,,,,0,0,,,
a small proportion of,,,小部分...,,,,,0,0,,,
a smart few,,,"相当多,不少",,,,,0,0,,,
a smart guy,,,精明的家伙,,,,,0,0,,,
a smash hit,,,"巨大的成功,轰动",,,,,0,0,,,
a smooth article,,,圆滑的人,,,,,0,0,,,
a smooth face,,,"没胡子的脸, 一副讨好的面孔",,,,,0,0,,,
a snake,,,n. (Asnake)人名；(埃塞)阿斯纳克,,,,,0,0,,,
a snake in sb.'s bosom,,,对某人恩将仇报的人,,,,,0,0,,,
a snake in the bosom,,,"恩将仇报的家伙,忘恩负义者,养虎遗患",,,,,0,0,,,
a snake in the grass,,,潜伏的危险,,,,,0,0,,,
a solar year,,,太阳年,,,,,0,0,,,
a soldier of fortune,,,兵痞,,,,,0,0,,,
a soldier's battle,,,勇气和力量的较量,,,,,0,0,,,
a son of Adam,,,"男人, 男孩",,,,,0,0,,,
a son of Bacchus,,,酒鬼,,,,,0,0,,,
a son of dripping,,,厨子,,,,,0,0,,,
a son of ebony,,,黑人,,,,,0,0,,,
a son of Momus,,,滑稽的人,,,,,0,0,,,
a son of the morning,,,n. 趁早赶路的人,,,,,0,0,,,
a son of the soil,,,"本地人, 农民",,,,,0,0,,,
a song and dance,,,"歌舞表演, 遁词, 废话",,,,,0,0,,,
a song hit,,,流行歌曲,,,,,0,0,,,
a sop in the pan,,,油煎面包,,,,,0,0,,,
a sore point,,,"痛处,隐衷;要害",,,,,0,0,,,
a sore spot,,,"痛处,隐衷;要害",,,,,0,0,,,
a sorry sight,,,"难看的样子,悲惨的景象",,,,,0,0,,,
a sort of,,,"一种,某种,勉强称得上的…",,,,,0,0,,,
a soul radio station,,,黑人广播电台,,,,,0,0,,,
a sound mind in a sound body,,,n. 有健康的身体才有健康的精神,,,,,0,0,,,
a sounding balloon,,,探测气球,,,,,0,0,,,
a span of,,,一段…,,,,,0,0,,,
a spark of,,,"一点儿,丝毫",,,,,0,0,,,
a spark of interest,,,一点点兴趣,,,,,0,0,,,
a speaking acquaintance,,,n. 见面聊几句的朋友,,,,,0,0,,,
a special administrative area,,,n. 专区,,,,,0,0,,,
a species of,,,"一种,一类",,,,,0,0,,,
a speech disorder,,,语言障碍,,,,,0,0,,,
a spent bullet,,,强弩之末,,,,,0,0,,,
a spiral stair,,,螺旋式楼梯,,,,,0,0,,,
a split second,,,"一剎那,一瞬间,顷刻,片刻",,,,,0,0,,,
a spot of,,,a. 少量的,,,,,0,0,,,
a spring chicken,,,"没有经验的年轻人,黄毛丫头",,,,,0,0,,,
a spy glass,,,小型望远镜,,,,,0,0,,,
a square deal,,,公平的对待,,,,,0,0,,,
a square meal,,,充足的饭菜,,,,,0,0,,,
a square yard,,,一平方码,,,,,0,0,,,
a stab in the back,,,"诽谤, 伤人暗箭",,,,,0,0,,,
a stack of bones,,,"骨瘦如柴的人,瘦骨嶙峋的马",,,,,0,0,,,
a stack of people,,,一大群人,,,,,0,0,,,
a staff lecture,,,"职工讲座,为职工开设的课程",,,,,0,0,,,
a staff member,,,一个职员,,,,,0,0,,,
a staff of domestic,,,一群仆人,,,,,0,0,,,
a stage,,,[机] A阶树脂,,,,,0,0,,,
a stage pose,,,"舞台姿势,亮相",,,,,0,0,,,
a stamp mill,,,捣碎机,,,,,0,0,,,
a stand of colors,,,军旗,,,,,0,0,,,
a standing army,,,n. 常备军,,,,,0,0,,,
a standing joke,,,"笑柄, 总被嘲笑",,,,,0,0,,,
a startling find,,,惊人的发现,,,,,0,0,,,
a state banquet,,,国宴,,,,,0,0,,,
a state of disorder,,,混乱状态,,,,,0,0,,,
a state of siege,,,戒严状态,,,,,0,0,,,
a steal mill,,,轧钢厂,,,,,0,0,,,
a step forward,,,前进一步,,,,,0,0,,,
a stiff neck,,,固执,,,,,0,0,,,
a stock joke,,,陈腐的笑话,,,,,0,0,,,
a stock of,,,"储存的,一批",,,,,0,0,,,
a stony gaze,,,冷眼凝视,,,,,0,0,,,
a stool of repentance,,,悔罪席,,,,,0,0,,,
a stool pigeon,,,"能够把别的鸽带回家的鸽子;诱骗者;密探,奸细,眼线",,,,,0,0,,,
a storage dam,,,蓄水闸,,,,,0,0,,,
a store keeper,,,店主,,,,,0,0,,,
a store of goods,,,许多货物,,,,,0,0,,,
a store of preserves,,,大量的蜜饯,,,,,0,0,,,
a storm in a teacup,,,"小题大作, 大惊小怪",,,,,0,0,,,
a storm of,,,"暴风雨般的,勐烈的一阵",,,,,0,0,,,
a storm of anger,,,"一阵狂怒,怒气冲冲",,,,,0,0,,,
a story interview,,,新闻採访,,,,,0,0,,,
a straight angle,,,n. 平角,,,,,0,0,,,
a straight eye,,,能看出某物是否直的眼力,,,,,0,0,,,
a straight fight,,,一对一的竞选,,,,,0,0,,,
a straight race,,,全力以赴的竞赛,,,,,0,0,,,
a strain of,,,"一点点,有点,些许…",,,,,0,0,,,
a strange particle,,,奇异粒子,,,,,0,0,,,
a straw boss,,,n. 工头助手,,,,,0,0,,,
a straw in the wind,,,"蹟象,苗头,先兆,预兆",,,,,0,0,,,
a straw poll,,,"民意测验,假投票,非正式投票",,,,,0,0,,,
a streak of,,,"一道,一条,一系列,一点点,些许…",,,,,0,0,,,
a streak of bad luck,,,一连串厄运,,,,,0,0,,,
a streak of lightning,,,一道闪电,,,,,0,0,,,
a stream of,,,一连串的...,,,,,0,0,,,
a street battle,,,n. 巷战,,,,,0,0,,,
a string of,ə striŋ ɔv,,n. 一串的，一系列，一批; 一连串,,,,,0,0,,,
a string to it,,,附带条件,,,,,0,0,,,
a strip of,,,"一条,狭长的一块",,,,,0,0,,,
a stroke above,,,"比…高明一些,胜人一筹",,,,,0,0,,,
A student,,,一位学生,,,,,0,0,,,
a stuffed shirt,,,"自命不凡者,自负而又无能的人,华而不实的家伙",,,,,0,0,,,
a stumbling block,,,n. 绊脚石,,,,,0,0,,,
a subject bibliography,,,按学科分类的参考书目,,,,,0,0,,,
a submillimeter wave,,,[无]亚毫米波,,,,,0,0,,,
a succession of,,,"一系列,一连串,接连不断的",,,,,0,0,,,
a sudden eruption of anger,,,勃然大怒,,,,,0,0,,,
a suit of,,,"一套,一副",,,,,0,0,,,
a suite of apartment,,,一套公寓,,,,,0,0,,,
a summer residence,,,避暑别墅,,,,,0,0,,,
a summer retreat,,,避暑山庄,,,,,0,0,,,
a supply,,,[电] A电源,,,,,0,0,,,
a supplymentary angle,,,n. 补角,,,,,0,0,,,
a sure find,,,"必定能找到的猎物藏身处,必定能找到的人或物",,,,,0,0,,,
a sure warrant of success,,,成功的可靠保证,,,,,0,0,,,
a surge of,,,"汹涌澎湃的,高涨的",,,,,0,0,,,
a surging crowd,,,"蜂拥的人群,潮水般的人群",,,,,0,0,,,
a surprise packet,,,"内容出人意料的小包;意想不到的事情,惊喜",,,,,0,0,,,
a swarm of,,,"一大群,蜂拥而至的",,,,,0,0,,,
a swell at tennis,,,网球好手,,,,,0,0,,,
a swell cat,,,好家伙,,,,,0,0,,,
a swelled head,,,"骄傲,忘乎所以",,,,,0,0,,,
a swing around the circle,,,发表政见的巡回旅行,,,,,0,0,,,
a swollen opinion of,,,"自视过高, 自高自大",,,,,0,0,,,
a tad,,,一点点,,,,,0,0,,,
a tale of a tub,,,无稽之谈,,,,,0,0,,,
a tank for swimming,,,游泳池,,,,,0,0,,,
a tea fight,,,茶话会,,,,,0,0,,,
a tea hound,,,"爱交际的男人,女人气的男人;吸毒成瘾的人",,,,,0,0,,,
a team of,,,"一队,一组…",,,,,0,0,,,
a telegraph blank,,,电报稿纸,,,,,0,0,,,
a television mast,,,"电视天线,电视塔",,,,,0,0,,,
a tempest in a barrel,,,小题大作,,,,,0,0,,,
a tempest in a teapot,,,"小题大作,大惊小怪,轩然大波",,,,,0,0,,,
a tempest of applause,,,暴风雨般的掌声,,,,,0,0,,,
a tempo,ɑ: ˈtempəʊ,, （音乐术语）回原速,,,,,0,0,,,
a tender spot,,,痛处,,,,,0,0,,,
a tennis lawn,,,网球场,,,,,0,0,,,
a tergo,ɑ:'tεəɡəu,," 从背后；在背后, 在后面",,,,,0,0,,,
a thick growth of bushes,,,浓密的灌丛,,,,,0,0,,,
a thing of naught,,,毫无价值的东西,,,,,0,0,,,
a thing of the past,,,"过时的事物,历史",,,,,0,0,,,
a thing of yesterday,,,"最近的事, 最近的东西",,,,,0,0,,,
a thorn in sb.'s flesh,,,"眼中钉, 肉中刺",,,,,0,0,,,
a thorn in the flesh,,,"肉中刺,眼中钉;使某人苦恼的事情",,,,,0,0,,,
a thought,,,"稍许, 一点点, 少量",,,,,0,0,,,
a thousand and one,,,"一千零一, 许许多多",,,,,0,0,,,
a thousand times easier than,,,比...容易千万倍,,,,,0,0,,,
a thousand to one,,,"千对一, 几乎绝对的",,,,,0,0,,,
a thread of hope,,,一线希望,,,,,0,0,,,
a throb of pain,,,一阵痛苦,,,,,0,0,,,
a tidal wave of crime,,,犯罪率高涨,,,,,0,0,,,
a tie vote,,,相等的票数,,,,,0,0,,,
a tight match,,,势均力敌的比赛,,,,,0,0,,,
a time bill,,,"时间表,时刻表",,,,,0,0,,,
a tin god,,,"受到过分尊敬的人,自命不凡者",,,,,0,0,,,
a tip of the iceberg,,,冰山露出水面的小尖顶;小中见大的征兆,,,,,0,0,,,
a toad under a hammer,,,经常受压迫的人,,,,,0,0,,,
a tongue not understanded of the people,,,n. 外国话,,,,,0,0,,,
a tool shed,,,"工具棚,工具房",,,,,0,0,,,
a total,,,n. 总数为,,,,,0,0,,,
a total of,,,"总计为,总共…",,,,,0,0,,,
a touch,ə tʌtʃ,," 略微, 稍许",,,,,0,0,,,
a tough guy,,,硬汉,,,,,0,0,,,
a tough nut,,,"大胆果断的人, 暴躁的人",,,,,0,0,,,
a tough nut to crack,,,"棘手的问题,难以对付的人",,,,,0,0,,,
a tour of duty,,,"值班, 值日勤务",,,,,0,0,,,
a tower of strength,,,中流砥柱,,,,,0,0,,,
a trace,,,[电] A扫描轨迹,,,,,0,0,,,
a train of,,,一连串,,,,,0,0,,,
a transformaton,,,"[机] 变换, 变态",,,,,0,0,,,
a treat,,,犒劳\n款待,,,,,0,0,,,
a trial lawyer,,,辩护律师,,,,,0,0,,,
a trifle,,,"有点儿, 稍微",,,,,0,0,,,
a Triton of the minnows,,,鹤立鸡群者,,,,,0,0,,,
a troop of,,,"一群,许多",,,,,0,0,,,
a tropical year,,,回归年,,,,,0,0,,,
a truce to,,,别再...了,,,,,0,0,,,
a true blue,,,忠实成员,,,,,0,0,,,
a tungsten blues,,,[机] 钨蓝,,,,,0,0,,,
a twice-told tale,,,尽人皆知的事,,,,,0,0,,,
a twist in one's tongue,,,口齿不清,,,,,0,0,,,
a twist of the wrist,,,熟练的技巧,,,,,0,0,,,
a type graphite,,,[机] A型石墨,,,,,0,0,,,
a type graphtie,,,[机] A型石墨,,,,,0,0,,,
a type of,,,"一种,一类",,,,,0,0,,,
a union by treaty,,,由条约缔结的联盟,,,,,0,0,,,
a US postal zone,,,美国邮区,,,,,0,0,,,
a used car,,,"旧汽车,报废的汽车",,,,,0,0,,,
a vacillating person,,,三心二意的人,,,,,0,0,,,
a variety,,,种种,,,,,0,0,,,
a variety of,,,"各种各样的..., 种种...",,,,,0,0,,,
A vary from B in...,,,"甲与乙在...方面不同, 甲与乙的不同点就在于...",,,,,0,0,,,
a vegetable salad,,,生菜沙拉,,,,,0,0,,,
a veil of silence,,,一片寂静,,,,,0,0,,,
a vein of coal,,,煤层,,,,,0,0,,,
a velvet glove,,,表面温和的东西,,,,,0,0,,,
a velvet paw,,,"肉爪(猫的), 笑里藏刀",,,,,0,0,,,
a very knave,,,十足的恶棍,,,,,0,0,,,
a vicious circle,,,"n. 恶性循环,循环论证",,,,,0,0,,,
a vicious spiral,,,n. 恶性循环,,,,,0,0,,,
a victim of disease,,,"病人,患者",,,,,0,0,,,
a visit for the stork,,,n. 婴儿的诞生,,,,,0,0,,,
a visit from the stork,,,婴儿的诞生,,,,,0,0,,,
a voice in the wilderness,,,"荒野里的叫声, 无人理睬的改革主张",,,,,0,0,,,
a voice of great volume,,,音量宏大的嗓音,,,,,0,0,,,
a wad of bills,,,一叠钞票,,,,,0,0,,,
a walking dictionary,,,活字典,,,,,0,0,,,
a walking library,,,"活字典,知识渊博的人",,,,,0,0,,,
a walking skeleton,,,骨瘦如柴的人,,,,,0,0,,,
a war of nerves,,,神经战,,,,,0,0,,,
a war to the knife,,,"白刃战,生死搏斗,你死我活的斗争",,,,,0,0,,,
a war whoop,,,"战斗吶喊,战争叫嚣",,,,,0,0,,,
a war zone,,,战区,,,,,0,0,,,
a warm corner,,,激战地区,,,,,0,0,,,
a warm welcome,,,热烈的欢迎,,,,,0,0,,,
a warrant for arrest,,,"逮捕证,拘票",,,,,0,0,,,
a waste of waters,,,一片汪洋,,,,,0,0,,,
a watch dog,,,"看家狗,看门狗",,,,,0,0,,,
A watched pot never boils,,,心急水不开,,,,,0,0,,,
a wave of,,,"蜂拥而至的,拥挤的一批",,,,,0,0,,,
a wave of the hand,,,挥手,,,,,0,0,,,
a wealth of,,,"丰富的,大量的…",,,,,0,0,,,
a wealth of experience,,,丰富的经验,,,,,0,0,,,
a week later,,,一星期后,,,,,0,0,,,
a week of Sundays,,,"很长的时间, 很久",,,,,0,0,,,
a welcome mat,,,门前的擦鞋垫,,,,,0,0,,,
a wet blanket,,,令人扫兴的人(或物),,,,,0,0,,,
a wet hen,,,"讨厌的人, 泼妇",,,,,0,0,,,
a wet smack,,,讨厌的人,,,,,0,0,,,
a whale at,,,"善于...的人, 热心于...的人",,,,,0,0,,,
a whale for,,,"善于...的人, 热心于...的人",,,,,0,0,,,
a whale of a...,,,"极大的, 极好的, 了不起的",,,,,0,0,,,
a whale on,,,"善于...的人, 热心于...的人",,,,,0,0,,,
a while,,,一会儿,,,,,0,0,,,
a whirl of dust,,,尘土飞扬,,,,,0,0,,,
a whirl of social engagements,,,一连串的社交活动,,,,,0,0,,,
a whirlpool of emotion,,,百感交集,,,,,0,0,,,
a whisper of trees,,,树叶的沙沙声,,,,,0,0,,,
a white bait,,,银鱼,,,,,0,0,,,
a white crow,,,罕见的东西,,,,,0,0,,,
a white elephant,,,"沉重的负担, 无用的累赘东西",,,,,0,0,,,
a white lie,,,无恶意的谎话,,,,,0,0,,,
a white night,,,"白夜, 失眠的夜晚",,,,,0,0,,,
a whited sepulchre,,,"伪君子, 伪善者",,,,,0,0,,,
a whole lot of,,,"很多,全部,整整一批",,,,,0,0,,,
a whole shooting match,,,"整个团体,全体群众",,,,,0,0,,,
a whole stack of,,,"一大堆,许多,大量",,,,,0,0,,,
a wholesale dealer,,,批发商,,,,,0,0,,,
a wide margin,,,大幅度地;留有很大的余地,,,,,0,0,,,
a wide place in the road,,,n. 小城镇,,,,,0,0,,,
a wide range of,,,"范围广泛的,一连串的,变化幅度大的,参差不平",,,,,0,0,,,
a wide selection of,,,种类齐全的…,,,,,0,0,,,
a widow's mite,,,少而可贵的捐献,,,,,0,0,,,
a wild goose chase,,,n. 徒劳的举动,,,,,0,0,,,
a wild-goose chase,,,"徒劳的搜索, 无益的举动",,,,,0,0,,,
a window on the world,,,世界之窗,,,,,0,0,,,
a wolf in sheep's clothing,,,披着羊皮的狼,,,,,0,0,,,
a woman of bad fame,,,"声名狼籍的女人,妓女",,,,,0,0,,,
a woman of letters,,,女作家,,,,,0,0,,,
a woman of the streets,,,妓女,,,,,0,0,,,
a woman of the world,,,世故的女人,,,,,0,0,,,
a woman with a past,,,有一段不光彩历史的女人,,,,,0,0,,,
a wonderful time,,,n. 一段美好时光,,,,,0,0,,,
a word and a blow,,,一言不合就动手,,,,,0,0,,,
a word in season,,,"合时宜的话, 受欢迎的话",,,,,0,0,,,
A word in your ear,,,附耳过来说句私房话,,,,,0,0,,,
a word out of season,,,"不合时宜的话, 不受欢迎的话",,,,,0,0,,,
a world of,,,"很多,大量",,,,,0,0,,,
a yang ko troup,,,秧歌队,,,,,0,0,,,
a yard of clay,,,陶制长烟管,,,,,0,0,,,
a yawning chasm,,,裂着大口的陷窟,,,,,0,0,,,
a yawning hole,,,豁开的洞,,,,,0,0,,,
a year and a day,,,"满一年, 一整年",,,,,0,0,,,
a year of abundance,,,"丰收之年,丰年",,,,,0,0,,,
a yeast taste,,,酵母味,,,,,0,0,,,
a yellow dog,,,杂种狗;卑鄙的家伙;胆小鬼,,,,,0,0,,,
a yellow-dog contract,,,以受雇工人不加入工会为条件的雇用契约,,,,,0,0,,,
a yen for travel,,,旅行的渴望,,,,,0,0,,,
a yet easier task,,,更容易的工作,,,,,0,0,,,
a yet more difficult task,,,更困难的工作,,,,,0,0,,,
a yet unfinished task,,,尚未完成的任务,,,,,0,0,,,
a yet worse mistake,,,更为严重的错误,,,,,0,0,,,
a young animal,,,幼小的动物,,,,,0,0,,,
a young child,,,幼童,,,,,0,0,,,
a young country,,,新兴的国家,,,,,0,0,,,
a young family,,,幼小子女,,,,,0,0,,,
a young man,,,青年男子,,,,,0,0,,,
a young man in a hurry,,,n. 急躁的改革者,,,,,0,0,,,
a young manner,,,青春焕发的神态,,,,,0,0,,,
a young person,,,年轻人,,,,,0,0,,,
a young state,,,年轻的国家,,,,,0,0,,,
a young tree,,,幼小的树,,,,,0,0,,,
a youthful cadre,,,年轻的干部,,,,,0,0,,,
a youthful river,,,幼年河,,,,,0,0,,,
a zero-zero fog,,,能见度等于零的浓雾,,,,,0,0,,,
a zigzag path,,,"蜿蜒的小径, (弯曲的)羊肠小道",,,,,0,0,,,
a zone in depth,,,纵深地带,,,,,0,0,,,
a zone of communication,,,战区后勤地带,,,,,0,0,,,
a zone of fire,,,射界,,,,,0,0,,,
a zone of influence,,,势力范围,,,,,0,0,,,
a zoological garden,,,动物园,,,,,0,0,,,
a zoomorphic deity,,,动物形的神,,,,,0,0,,,
a'-dipyridyl a,,,"[医] α,α'-双吡啶",,,,,0,0,,,
A'man,,,[网络] 一个男人；一个人；男子,,,,,0,0,,,
a-,," A, as a prefix to English words, is derived from various sources.\n   (1) It frequently signifies on or in (from an, a forms of AS. on),\n   denoting a state, as in afoot, on foot, abed, amiss, asleep, aground,\n   aloft, away (AS. onweg), and analogically, ablaze, atremble, etc. (2)\n   AS. of off, from, as in adown (AS. ofd/ne off the dun or hill). (3) AS.\n   a- (Goth. us-, ur-, Ger. er-), usually giving an intensive force, and\n   sometimes the sense of away, on, back, as in arise, abide, ago. (4) Old\n   English y- or i- (corrupted from the AS. inseparable particle ge-,\n   cognate with OHG. ga-, gi-, Goth. ga-), which, as a prefix, made no\n   essential addition to the meaning, as in aware. (5) French a (L. ad\n   to), as in abase, achieve. (6) L. a, ab, abs, from, as in avert. (7)\n   Greek insep. prefix / without, or privative, not, as in abyss, atheist;\n   akin to E. un-.","pref. 不, 缺少, 无\n[医] 不, 无, 缺; 离",,,,,0,0,,,
a-10s,,,【航空学】(美国)全天候低空飞行攻击机,,,,,0,0,,,
A-139,,,"[医] 癌抑散, 双乙烯亚胺苯醌, 亚胺醌, A一三九(抗肿瘤药)",,,,,0,0,,,
a-6s,,,＝intruder,,,,,0,0,,,
a-aaaa,,,n. 五星级,,,,,0,0,,,
a-arm,,,n. A形摆臂,,,,,0,0,,,
a-b box,,,"[计] 切换箱, 多路切换箱",,,,,0,0,,,
a-b power pack,,,[电] 甲乙电源,,,,,0,0,,,
a-b test a-b,,,[电] 测试,,,,,0,0,,,
a-b toll system,,,"[电] 甲乙长途制, A-B长途制",,,,,0,0,,,
a-b toll trunk,,,"[电] 甲乙长途中继线, AB长途中断线制",,,,,0,0,,,
a-b-c,",eɪ bi: 'si:",,n. 基础知识；字母表\nabbr. 美国广播公司（American Broadcasting Company）；澳大利亚广播公司（Australian Broadcasting Corporation）；出生在美国的华人（American - born Chinese）,,,,,0,0,,,
a-ba,ɑ:'bɑ:,,abbr. 美国银行家协会（American Bankers Association）\nn. (Aba)人名；(意、罗、埃塞、塞内、赤几)阿巴；(匈)奥鲍；(西)阿瓦,,,,,0,0,,,
a-battery,,,[电] 甲电池,,,,,0,0,,,
a-be,eib,,n. 亚伯（男子名，等于Abraham）,,,,,0,0,,,
a-block,,,滑车拉到头,,,,,0,0,,,
A-bomb,'eibɔm,n a nuclear weapon in which enormous energy is released by nuclear fission (splitting the nuclei of a heavy element like uranium 235 or plutonium 239),n. 原子弹\nvt. 用原子弹轰炸,,,,,0,0,s:a-bombs,,
A-bombs,"'ei,bɔm",n. a nuclear weapon in which enormous energy is released by nuclear fission (splitting the nuclei of a heavy element like uranium 235 or plutonium 239),"n. [美国英语]；原子弹 (＝atomic bomb)\nvt. 用原子弹轰击(或轰炸, 毁灭)",,,,,0,0,0:a-bomb/1:s,,
a-c,,,[化] 交流; 交变电流,,,,,0,0,,,
a-c bias,,,[电] 交流偏压,,,,,0,0,,,
a-c bridge,,,[电] 交流式电桥,,,,,0,0,,,
a-c cemponent of plate current,,,[电] 屏极电流交流成份,,,,,0,0,,,
a-c circuit,,,[电] 交流电路,,,,,0,0,,,
a-c circuit breaker,,,[电] 交流断路器,,,,,0,0,,,
a-c coupling,,,[电] 交流耦合,,,,,0,0,,,
a-c cycle,,,[电] 交流频率,,,,,0,0,,,
a-c d-c receiver,,,[电] 交直流接收器,,,,,0,0,,,
a-c directional overcurrent relay,,,[电] 交流方向性超流断电器,,,,,0,0,,,
a-c dump,,,[电] 交流倾销,,,,,0,0,,,
a-c dynamo,,,[电] 交流电机,,,,,0,0,,,
a-c erasing head,,,[电] 交流抹擦头,,,,,0,0,,,
a-c generator,,,[电] 交流发电机,,,,,0,0,,,
a-c hum,,,[电] 交流声,,,,,0,0,,,
a-c imrt-arc welder,,,[电] 交流定弧熔接器,,,,,0,0,,,
a-c machive,,,[电] 交流电机,,,,,0,0,,,
a-c magnetic biasing,,,[电] 交流磁偏,,,,,0,0,,,
a-c motor,,,[电] 交流电动机,,,,,0,0,,,
a-c noise,,,[电] 交流杂音,,,,,0,0,,,
a-c noise immunity,,,[电] 交流杂音免除,,,,,0,0,,,
a-c phase meter,,,[电] 交流相位计,,,,,0,0,,,
a-c plate resistance,,,[电] 交流屏极电阻,,,,,0,0,,,
a-c positioning,,,[电] 交流定倍,,,,,0,0,,,
a-c power,,,[电] 交流电力,,,,,0,0,,,
a-c power supply,,,[电] 交流功率供应,,,,,0,0,,,
a-c receiver,,,[电] 交流接收机,,,,,0,0,,,
a-c reclosing relay,,,[电] 交流复闭断电器,,,,,0,0,,,
a-c relay,,,[电] 交流电中继站,,,,,0,0,,,
a-c resistance,,,[电] 交流电阻,,,,,0,0,,,
a-c source,,,[电] 交流电源,,,,,0,0,,,
a-c time overcurrent relay,,,[电] 交流时间超流继电器,,,,,0,0,,,
a-c transducer,,,[电] 交流转换器,,,,,0,0,,,
a-c transformer,,,[电] 交流变压器,,,,,0,0,,,
a-c transmission,,,[电] 交流输电,,,,,0,0,,,
a-c tube,,,[电] 交流管,,,,,0,0,,,
a-c.,,,"[医] 耳颈动脉的, 房颈动脉的",,,,,0,0,,,
a-car,,,n. (Acar)人名；(土)阿贾尔；(阿拉伯、罗、法)阿卡尔,,,,,0,0,,,
a-ch,,,abbr. 自动化交易所（Automated Clearing House）\nn. (Ach)人名；(柬)阿；(德)阿赫,,,,,0,0,,,
a-class,,,头等\n甲级,,,,,0,0,,,
a-come,,,n. (Acome)人名；(法)阿科姆,,,,,0,0,i:a-coming,,
a-coming,,-ing form of a-come,(a-come 的现在分词) n. (Acome)人名；(法)阿科姆,,,,,0,0,0:a-come/1:i,,
a-couple,,,一对夫妇；夫妻俩,,,,,0,0,p:a-coupled,,
a-coupled,,past tense of a-couple,(a-couple 的过去时) 一对夫妇；夫妻俩,,,,,0,0,0:a-couple/1:p,,
a-cup,,,abbr. 针术（acupuncture）,,,,,0,0,s:a-cups,,
a-cups,,plural of a-cup,(a-cup 的复数) abbr. 针术（acupuncture）,,,,,0,0,0:a-cup/1:s,,
a-d,",ei 'di:",,n. 公元,,,,,0,0,,,
a-d converter,,,[电] ad转变器,,,,,0,0,,,
A-denopterin,,,[化] 4-氨基二甲叶酸,,,,,0,0,,,
a-display,,,[电] A-显示法,,,,,0,0,,,
a-e-a,,,abbr. 原子能法（Atomic Energy Authority）；演员协会（Actors ' Equity Association）；美国经济协会（American Economic Association）；成人教育协会（Adult Education Association）；美国教育协会（American Education Association）,,,,,0,0,,,
a-f,æf,,abbr. 视频，音频（audio frequency）；空军（Air Force）；法国航空公司（Air France）\nn. (Af)人名；(瑞典)阿夫,,,,,0,0,,,
A-face centered lattice,,,[化] A心点格,,,,,0,0,,,
a-feared,ə'fiəd,,adj. 受惊的，恐惧的\nv. 恐惧（afear的过去分词）,,,,,0,0,,,
a-fib,,,abbr. 心房纤颤（atrial fibrillation）,,,,,0,0,,,
a-flat,,,n. (Aflat)人名；(罗)阿弗拉特,,,,,0,0,,,
a-flutter,ə'flʌtə,,a. 飘扬的；激动的\nadv. 飘扬,,,,,0,0,i:a-fluttering,,
a-fluttering,,-ing form of a-flutter,(a-flutter 的现在分词) adj. 飘扬的；激动的\nadv. 飘扬,,,,,0,0,0:a-flutter/1:i,,
a-flying,,,[网络] 一飞,,,,,0,0,,,
a-frame,"'ei,freim",,[机] A型架,,,,,0,0,s:a-frames,,
a-frames,,plural of a-frame,(a-frame 的复数) [机] A型架,,,,,0,0,0:a-frame/1:s,,
A-G ratio,,,[医] 白蛋白球蛋白比率,,,,,0,0,,,
a-ga,'ɑːgə,,n. 将军；大官；宗教领袖\nn. (Aga)人名；(阿拉伯、伊朗、阿塞、土库、巴基)阿迦；(法、意、罗)阿加,,,,,0,0,,,
a-game,,,一次博弈,,,,,0,0,,,
a-gley,ə'gleɪ; ə'gliː,,adv. 斜斜地；弯曲地,,,,,0,0,,,
a-go,ə'gəʊ,,"adv. 以前, 以往\na. 以前的；过去的\nn. (Ago)人名；(英、西、意、塞、瑞典)阿戈",,,,,0,0,i:a-going,,
a-go-go,ə'gəugəu,,a. 活泼的；精力充沛的,,,,,0,0,,,
a-going,,-ing form of a-go,"(a-go 的现在分词) adv. 以前, 以往\na. 以前的；过去的\nn. (Ago)人名；(英、西、意、塞、瑞典)阿戈",,,,,0,0,0:a-go/1:i,,
a-grade,,,甲级,,,,,0,0,s:a-grades,,
a-grades,,plural of a-grade,(a-grade 的复数) 甲级,,,,,0,0,0:a-grade/1:s,,
a-growing,,,[网络] 增长,,,,,0,0,,,
a-half,,,一半,,,,,0,0,,,
a-historical,",eihis'tɔrik,-kəl",,adj. 与历史无关的,,,,,0,0,,,
a-hole,,,屁眼儿\n肛门\n令人讨厌的人\n愚蠢的\n窝囊的\n可恶的,,,,,0,0,,,
A-horizon,,,n. 上层(甲层)土壤(腐植土)\n[网络] A层位；淋溶层；表土层,,,,,0,0,,,
a-l,ɑ:l,,abbr. 美国联盟（American League）；美国军团（American Legion）；阿尔巴尼亚（Albania，欧洲一国家名）；美国亚拉巴马州（Alabama）\nn. (Al)人名；(英)阿尔(Albert 在美国的昵称),,,,,0,0,,,
a-law,,,[电] A法则,,,,,0,0,,,
a-level,,," <英>英语学校里某一课程结束时举行的高深考试, 高深级考试及格",,,,,0,0,s:a-levels/d:a-levelled,,
a-levelled,,past participle of a-level,"(a-level 的过去分词)  <英>英语学校里某一课程结束时举行的高深考试, 高深级考试及格",,,,,0,0,0:a-level/1:d,,
a-levels,,plural of a-level,"(a-level 的复数)  <英>英语学校里某一课程结束时举行的高深考试, 高深级考试及格",,,,,0,0,0:a-level/1:s,,
A-line,,n. women's clothing that has a fitted top and a flared skirt that is widest at the hemline,呈 A 字型的,,,,,0,0,,,
a-lines,,,呈 A 字型的,,,,,0,0,,,
a-list,,n. a list of names of specially favored people," (very best) 最好的, 最优秀的, 最酷的",,,,,0,0,d:a-listed,,
a-listed,,past participle of a-list,"(a-list 的过去分词)  (very best) 最好的, 最优秀的, 最酷的",,,,,0,0,0:a-list/1:d,,
a-lister,,,一线演员\n一线明星,,,,,0,0,,,
a-listers,,,n. A-list的变形,,,,,0,0,,,
a-lp,ælp,,n. 高山\nn. (Alp)人名；(土、瑞典)阿尔普,,,,,0,0,,,
a-m,em,,abbr. 调幅\nv. 是\nn. (Am)人名；(柬)安,,,,,0,0,,,
a-m threshold,,,[电] 幅调临限,,,,,0,0,,,
a-m tuner,,,[电] 幅变调谐器,,,,,0,0,,,
a-m/f-m receiver,,,[电] 调幅/调频接收机,,,,,0,0,,,
a-m/f-m tuner,,,[电] 调幅/调频调谐器,,,,,0,0,,,
a-margin,,,[机] A边界,,,,,0,0,,,
a-men,ɑː'men; eɪ-,,int. （表示衷心赞成）阿门；（祈祷时的结尾语）阿门\nn. 祈祷的结束语；赞成\nadv. 真实地\nn. (Amen)人名；(法)阿芒；(英、罗、阿拉伯)阿门,,,,,0,0,,,
a-mi,ɑ:'mi:,,abbr. 高级材料情报（Advanced Material Information）；美国食用肉类研究所（American Meat Institute）；航空英里指示器（Air Mileage Indicator）\nn. (Ami)人名；(匈)奥米；(法、西、以、德)阿米,,,,,0,0,,,
a-n radio range a-n,,,[电] 无线电范围,,,,,0,0,,,
a-n signal a-n,,,[电] 讯号,,,,,0,0,,,
A-ninopterin,,,[化] 锑银矿,,,,,0,0,,,
a-ok,ˌeɪ əʊ ˈkeɪ,s in perfect condition or order," <美> 极好, 妙极, 完美的",,,,,0,0,,,
a-okay,'eiəu'kei,s in perfect condition or order,"[主美国口语]\na. [A(LL) OK]极妙的, 极好的, 完善的, 完美(无缺)的；一切正常(或就绪)的[一般赞许词]\nadv. 一切正常而顺当地；完美地, 极好地",,,,,0,0,,,
a-one,ˈeɪˈwʌn,s of the highest quality,"a. 第一等的, 第一流的",,,,,0,0,,,
a-p,,,abbr. 美国联合通讯社（Associated Press）；空气污染（Air Pollution）；大气规划（Air Program）；汇编程序（Assembly Program）\nn. (Ap)人名；(中)鸭(广东话·威妥玛),,,,,0,0,,,
a-p-a,,,abbr. 美国心理学协会（American Psychological Association）；预约定价安排（Advance Pricing Arrangement）\nn. (Apa)人名；(意、土、塞、印、加纳)阿帕,,,,,0,0,,,
a-particle,,,[机] A-质点,,,,,0,0,s:a-particles,,
a-particles,,plural of a-particle,(a-particle 的复数) [机] A-质点,,,,,0,0,0:a-particle/1:s,,
a-peltatin,,,[化] α-盾叶鬼臼素; α-足叶草脂素,,,,,0,0,,,
a-plenty,ə'plentɪ,,adv. 丰富地，充裕地\nadj. 丰富的；非常\nn. 丰富；大量,,,,,0,0,,,
a-plus,,,正数\n加号,,,,,0,0,,,
a-political,eɪpə'lɪtɪk(ə)l,,adj. 不关心政治的；无政治意义的,,,,,0,0,,,
a-prime,,, [医]亚甲型,,,,,0,0,,,
a-r,a:,,abbr. 应收款（Account Receivable）；验收条件（Acceptance Requirement）；陆军条例（Army Regulation）\nn. (Ar)人名；(土)阿尔,,,,,0,0,,,
a-r-n-i-e,,,n. (Arnie)人名；(英)阿尼,,,,,0,0,,,
a-rab,'ærəb,,adj. 阿拉伯的\nn. 阿拉伯人；阿拉伯马,,,,,0,0,,,
a-rain,,,n. (Arain)人名；(乌干)阿拉因,,,,,0,0,i:a-raining,,
a-raining,,-ing form of a-rain,(a-rain 的现在分词) n. (Arain)人名；(乌干)阿拉因,,,,,0,0,0:a-rain/1:i,,
A-road,'ei'rәjd,,"<英>A级公路,主车道",,1,,,0,0,,,
a-scan,,,[电] A-扫描,,,,,0,0,,,
A-scan ultrasonography,,,[网络] A超,,,,,0,0,,,
a-scope,,,[电] A-眼界,,,,,0,0,,,
a-scott,,,雅诗阁（机构名）\n阿斯科特（人名）,,,,,0,0,,,
a-series,,,一系列,,,,,0,0,,,
a-share,,,a种股票,,,,,0,0,,,
A-side,'ei'said,,n. A面（磁带等的）,,,,,0,0,,,
a-sit,,,n. (Asit)人名；(印)阿西特,,,,,0,0,i:a-sitting,,
a-sitting,,-ing form of a-sit,(a-sit 的现在分词) n. (Asit)人名；(印)阿西特,,,,,0,0,0:a-sit/1:i,,
A-stage resin,,,[化] 甲阶树脂; 甲阶酚醛树脂; 可熔(可溶)酚醛树脂; 酚醛树脂A,,,,,0,0,,,
a-star,,,A型显,,,,,0,0,,,
a-student,,,一位学生,,,,,0,0,,,
a-supply,,,[电] A-供应,,,,,0,0,,,
a-t,,,abbr. anti-tank 反坦克,,,,,0,0,,,
A-team,,n. a group of elite soldiers or a leadership group of advisors or workers in an organization,特遣队\n先遣队,,,,,0,0,,,
A-test,'ei'test,,n. 原子爆炸试验,,,,,0,0,,,
a-to-z,,,从头到尾；非常熟悉,,,,,0,0,,,
A-type steel,,,[化] 甲类钢,,,,,0,0,,,
a-v,ɑ:v; ɔ:v,,abbr. 简易型（Austere Version）；《圣经》钦定英译本（Authorized Version）；音频（audio）视频（video）的简称,,,,,0,0,,,
A-V nicking,,,[医] 动静脉局部缩窄,,,,,0,0,,,
A-V node,,,"房室结（心脏的一部分, atrioventricular node）",,,,,0,0,,,
a-way,,,心路（歌曲名）,,,,,0,0,,,
a-week,,,一周\n一星期,,,,,0,0,,,
a-wing,ə'wiŋ,,adj. 飞翔的\nadv. 飞翔地\nv. 使敬畏；使惊叹（awe的现在分词）,,,,,0,0,,,
a-x,æks,,vt. 削减；用斧修整；解雇\nn. 斧头\nn. (Ax)人名；(德、芬)阿克斯,,,,,0,0,,,
a-year,,,一年,,,,,0,0,,,
A-Z,",eitә'zed",,无所不包的,,,,,0,0,,,
A-Z test,,,[医] 阿-宋二氏试验(检孕),,,,,0,0,,,
a.,,,"[医] 调节, 适应, 安培, 阳极, 正极, 前, 水, 水剂, 动脉",,,,,0,0,,,
A. A. Michelson,,,[网络] A.迈克尔森A.,,,,,0,0,,,
A. A. Milne,,,n. 艾伦·亚历山大·米恩,,,,,0,0,,,
A. B. C. diuretic,,,[医] A.B.C.利尿剂(含乙酸钾、碳酸氢盐及尿酸盐),,,,,0,0,,,
A. B. C. method,,,[医] A.B.C.法(明矾、血、粘土沉淀清洁法),,,,,0,0,,,
a. c.,,,[医] 饭前[服],,,,,0,0,,,
A. C. D. solution,,,"[医] 抗凝枸橼酸葡萄酸溶液, A.C.D.溶液",,,,,0,0,,,
A. C. E. mixture,,,"[医] ACE合剂(酒精1.0,氯仿2.0,乙醚3.0)",,,,,0,0,,,
A. Conan Doyle,,,[网络] 道尔,,,,,0,0,,,
A. E. Burnside,,,[网络] 伯恩赛德,,,,,0,0,,,
A. E. Housman,,,[网络] 豪斯曼；英国诗人豪斯曼,,,,,0,0,,,
A. E. Kennelly,,,[网络] A. E.肯尼利,,,,,0,0,,,
A. M.,,,"[医] 米角, 公尺角, 轴近中的, 安培计",,,,,0,0,,,
A. M. A.,,,[医] 美国医学会,,,,,0,0,,,
A. Noam Chomsky,,,[网络] A.诺姆乔姆斯基,,,,,0,0,,,
A. P. L. hormone,,,"[医] [垂体]前叶样激素, 绒[毛]膜促性腺激素",,,,,0,0,,,
A. S.,,,[医] 左耳,,,,,0,0,,,
A. T. S.,,,"[医] 破伤风血清, 神经肌肉紧张状态",,,,,0,0,,,
A. testudineus,,,[网络] A.。,,,,,0,0,,,
A. U.,,,[医] 埃[斯特雷姆氏]单位,,,,,0,0,,,
A. V.,,,[医] 房室的,,,,,0,0,,,
A. W.,,,[医] 原子量,,,,,0,0,,,
a.-c. interval,,,[医] 心房颈动脉间期,,,,,0,0,,,
A.A.,,,[医] 智力成就年龄,,,,,0,0,,,
A.B.,,,[医] 原子弹,,,,,0,0,,,
A.B.C.,,,[医] 轴颊颈的,,,,,0,0,,,
A.B.C. diuretic,,,"[医] A.B.C.利尿剂(醋酸钾碳酸氢钠,枸橼酸钠的合剂)",,,,,0,0,,,
A.B.C. liniment,,,"[医] A.B.C.搽剂, 乌头颠茄氯仿搽剂",,,,,0,0,,,
A.B.G.,,,[医] 轴颊龈的,,,,,0,0,,,
A.B.L.,,,[医] 轴颊舌的,,,,,0,0,,,
A.C.,,,"[化] 交流; 交变电流\n[医] 空气传导, 交电流, 交变电流, 阳极通电, 轴颈的",,,,,0,0,,,
A.C. arc welder,,,[化] 交流电焊机,,,,,0,0,,,
A.C. arc welding,,,[化] 交流电弧焊,,,,,0,0,,,
A.C.asynchronous motor,,,[化] 交流异步电动机,,,,,0,0,,,
A.C.D.,,,[医] 绝对心浊音,,,,,0,0,,,
A.C.E. mixture,,,[医] A.C.E.合剂(醇、氯仿、醚合剂),,,,,0,0,,,
A.C.S.,,,[医] 抗网织细胞毒素血清,,,,,0,0,,,
A.D.,ænәu'dɔminai,r in the Christian era; used before dates after the supposed year Christ was born,公元\n[医] 右耳,,,,,0,0,,,
A.D.C.,,,[医] 轴远中颈的,,,,,0,0,,,
A.D.G.,,,[医] 远中龈轴的,,,,,0,0,,,
A.D.I.,,,[医] 轴远[中]切缘的,,,,,0,0,,,
A.D.O.,,,"[医] 轴远中Ж的, 轴远中咬合的",,,,,0,0,,,
A.D.P.,,,[医] 二磷酸腺甙(腺[甙]二磷),,,,,0,0,,,
A.E.,,n Irish writer whose pen name was A.E. (1867-1935),[医] 抗毒素单位,,,,,0,0,,,
A.F.C.,,,自动频率控制,,,,,0,0,,,
A.F.S.,,,[机] 美国铸造学会,,,,,0,0,,,
A.F.S. grain fineness number,,,[机] A.F.S.粒度指数,,,,,0,0,,,
A.G.,,,[医] 轴龈的,,,,,0,0,,,
A.G.V.,,,[医] 苯胺龙胆紫,,,,,0,0,,,
A.I.,,,"[医] 人工授精, 轴切的",,,,,0,0,,,
A.I.D.,,,"[医] 供者人工授精, 异配[人工]授精",,,,,0,0,,,
A.I.H.,,,[医] 同配授精,,,,,0,0,,,
a.k.a.,,,abbr. also known as又名…; 也叫作…,,,,,0,0,,,
A.L.,,,[医] 轴舌的,,,,,0,0,,,
A.L.C.,,,[医] 轴舌颈的,,,,,0,0,,,
A.L.G.,,,[医] 轴舌龈的,,,,,0,0,,,
A.L.O.,,,"[医] 轴舌Ж的, 轴舌咬合的",,,,,0,0,,,
A.L.W.,,,[医] 弧、圈、涡(戈尔顿氏指纹特征),,,,,0,0,,,
A.La.,,,[医] 轴唇的,,,,,0,0,,,
A.La.L.,,,[医] 轴唇舌的,,,,,0,0,,,
a.m,,,abbr. （拉）午前；早上（ante meridiem）,,,,,0,0,,,
a.m.,,s before noon\nr before noon,"上午, 午前",,2,,,0,0,,,
A.M.C.,,,[医] 轴近中颈的,,,,,0,0,,,
A.M.D.,,,[医] 轴近中远侧的,,,,,0,0,,,
A.M.G.,,,[医] 轴近中龈的,,,,,0,0,,,
A.M.I.,,,[医] 轴近中切的,,,,,0,0,,,
A.M.P.,,,[医] 一磷酸腺甙,,,,,0,0,,,
A.O.M.,,,[医] 产科硕士,,,,,0,0,,,
A.P.,,,"[医] 轴髓的, 垂体前叶",,,,,0,0,,,
A.P.C.,,,[医] 复方阿司匹林,,,,,0,0,,,
A.P.F.,,,[医] 动物蛋白因素,,,,,0,0,,,
A.P.I. baum'e gravity,,,[机] A.P.I.波美比重单位,,,,,0,0,,,
A.P.I.M.,,,[医] 国际医学专业协会,,,,,0,0,,,
A.P.L.,,,[医] 前叶样[激素],,,,,0,0,,,
A.P.T.,,,[医] 明矾沉淀类毒素,,,,,0,0,,,
A.P.T.T.,,,[医] 明矾沉淀破伤风类毒素,,,,,0,0,,,
a.peroxodisulfate,,,[化] 过二硫酸铵,,,,,0,0,,,
A.Q.,,,"[医] 能力商数, 成绩商数",,,,,0,0,,,
A.q.l.,,,[电] 可接受质量水平,,,,,0,0,,,
A.R.C.,,,[医] 视风膜异常对应,,,,,0,0,,,
A.r.s.r.,,,[电] 航路监测雷达,,,,,0,0,,,
a.s.r.,,,[电] 机场监测雷达,,,,,0,0,,,
A.S.S.,,,[医] [髂]前上棘,,,,,0,0,,,
A.T.,,,[医] 旧结核菌素,,,,,0,0,,,
A.T.10,,,[医] 二氢速甾醇,,,,,0,0,,,
A/C,,,"公元前, 往来帐户, 活期存款帐户",,,,,0,0,,,
A/D,,,abbr. 模拟数字转换（Analog to Digital）,,,,,0,0,,,
a/d converter controller,,,[电] 类比数位转换控制器,,,,,0,0,,,
a/o,"o,a",,(=account of) 帐上,,,,,0,0,,,
A/R/,,,[化] 分析纯; 二级纯,,,,,0,0,,,
A/UX,,,[计] A/UX操作系统,,,,,0,0,,,
A/V,,,abbr. 按价（ad valorem）；音频/视频（audio/video）,,,,,0,0,,,
a1,'ei'wʌn,,a. 第一等的,,,,,0,0,,,
a1 at lloyd's,,,[经] 劳埃氏船级评定A1级,,,,,0,0,,,
A2,,,[医] 主动脉第二声,,,,,0,0,,,
a3,,,n. A3号纸（尺寸为420×297mm的）,,,,,0,0,,,
a4,,,n. A4型纸（规格为297×210毫米的纸）,,,,,0,0,,,
a5,,,n. A5型纸（标准的纸张尺寸）,,,,,0,0,,,
AA,ɔ:,n. a dry form of lava resembling clinkers,"[计] 绝对地址, 农业自动化, 自动应答\n[医] 各, 各个",,,,,9087,0,,,
AA-AMP,,,[医] 氨基酸一磷酸腺甙,,,,,0,0,,,
AAA,,n an aneurysm of the abdominal aorta associated with old age and hypertension,[医] 急性焦虑发作,,,,,26942,0,,,
AAA disease,,,[医] 钩[口线]虫病,,,,,0,0,,,
aaa-rated,,, 票面等级，票面额,,,,,0,0,,,
aaa.,,,"[医] 汞合金, 汞齐",,,,,0,0,,,
aaaa,,,abbr. 美国广告代理商协会（The American Association of Advertising Agencies）,,,,,0,0,,,
aaaaa,,,n. 五星级,,,,,0,0,,,
aaaargh,,,"啊……（非正式, 表大叫）",,,,,0,0,,,
aaad,,,abbr. American Athletic Association for the Deaf 美国聋人运动协会; apparent amino acid digestibility 表观的氨基酸可消化性; acute type A aortic dissection 急性A型主动脉夹层形成; aromatic L-amino acid decarboxylase 芳香族L-氨基酸脱羧酶,,,,,0,0,,,
aaah,,,abbr. American Association for the Advancement of the Humanities 美国人权促进会,,,,,46638,36733,p:aaahed,,
aaahed,,past tense of aaah,(aaah 的过去时) abbr. American Association for the Advancement of the Humanities 美国人权促进会,,,,,0,0,0:aaah/1:p,,
AAAL,,,[American Academy of Arts and Letters的缩略]美国艺术和文学学会,,,,,0,0,,,
aaap,,,abbr. airborne associative array processor 【计算机】机载相联阵列处理机,,,,,0,0,,,
AAAS,,n. an aneurysm of the abdominal aorta associated with old age and hypertension,"[American Association for the Advancement of Science 的缩略]美国科学发展协会, [American Academy of Arts and Sciences的缩略]美国科学艺术研究院",,,,,0,0,,,
aabc,,,abbr. American Association of Bible Colleges 美国圣经学院协会; American Amateur Baseball Congress 美国业余棒球代表大会; Association for the Advancement of Blind Children <美国>盲童发展协会; Associated Air Balance Council 航空收支平衡理事会,,,,,0,0,,,
aabomycin,",æbә'maisin",,阿博霉素,,,,,0,0,,,
aac,,,abbr. 自动振幅控制（automatic ampltiude control）,,,,,0,0,s:aacs,,
aacc,,,abbr. 美国自动控制委员会；American Automatic Control Council；美国谷物化学师协会；American Association of Cereal Chemists,,,,,0,0,,,
aacd,,,abbr. aging-associated cognitive decline 老龄相关认知衰退; American Association for Counseling and Development 美国咨询发展协会; antenna adjustable current distribution 天线可调电流分配; axial anterior chamber depth 轴向眼前房深度,,,,,0,0,,,
Aachen,'ɑ:kәn,n. a city in western Germany near the Dutch and Belgian borders; formerly it was Charlemagne's northern capital,亚琛[德意志联邦共和国西部城市],,,,,27320,0,,,
aacjc,,,abbr. American Association of Community and Junior Colleges 美国社团和初级学院联合会,,,,,0,0,,,
aacn,,,abbr. acinar cell nodules 腺泡细胞小结; American Association of Colleges of Nursing 美国护理学院协会; atypical acinar cells 非典型腺泡细胞,,,,,0,0,,,
AACON,,,[计] 机构记帐控制系统,,,,,0,0,,,
aacp,,,abbr. 美国药学院协会（American Association of Colleges of Pharmacy）；高级空中指挥部（Advanced Airborne Command Post）；美国儿童精神病学学会（American Academy of Child Psychiatry）；美国脑瘫学会（American Association of Cerebral Palsy）,,,,,0,0,,,
AACS,,,[计] 高级异步通信系统,,,,,0,0,0:aac/1:s,,
aacsb,,,abbr. American Assembly of Collegiate Schools of Business 美国工商管理学院联合会; American Association of Collegiate Schools of Business 美国国际管理联合会,,,,,0,0,,,
aacte,,,abbr. American Association of Colleges for Teacher Education 美国教师教育学院联合会,,,,,0,0,,,
aad,,,n. (Aad)人名；(荷、阿拉伯)阿德\nabbr. 前方弹药库（Advanced Ammunition Depot）；原子吸收检测器（atomic absorption detector）,,,,,0,0,,,
AADC,,,[计] 通用数字计算机,,,,,0,0,,,
Aadre's test,,,[医] 昂德雷氏试验(检奎宁),,,,,0,0,,,
AADS,,,[计] 自动应用开发系统,,,,,0,0,,,
aaduction,,,"[医] 收[作用], 内收[作用]",,,,,0,0,,,
AAE,,,[计] 自动应答设备,,,,,0,0,,,
aaea,,,abbr. American Agricultural Economics Association 美国农业经济学学会; American Agricultural Editors Association 美国农业编辑协会,,,,,0,0,,,
AAF,,,[Army Air Forces的缩略]陆军航空队[美国],,,,,0,0,,,
aafc,,,abbr. 防空火力控制（Anti-Aircraft Fire Control）；加拿大农业及农食品部（Agriculture and Agri-Food Canada）,,,,,0,0,,,
aafco,,,abbr. Association of American Feed Control Officials 美国饲料控制委员会; Association of American Fertilizer Control Officials 美国肥料控制委员会,,,,,0,0,,,
aag,,,abbr. 美国地理学家协会（Association of American Geographers）；高射炮（Anti-Aircraft Gun）,,,,,0,0,,,
aagaard,,, [人名] 埃格德,,,,,0,0,,,
aage,,,n. (Aage)人名；(丹)奥格；(瑞典)奥耶,,,,,0,0,,,
aaginose,,,"[医] 咽峡炎的, 咽痛的, 绞痛的",,,,,0,0,,,
aah,ɑ:,v express admiration and pleasure by uttering `ooh' or `aah',"abbr.[军] Armored Artillery Howitzer, 装甲榴弹炮\nabbr.[军] Advanced Attack Helicopter, 先进攻击直升机",,,,,17447,27720,s:aahs/i:aahing/p:aahed,,
aahe,,, [医][=Association for the Advancement of Health Education]卫生教育发展协会,,,,,0,0,,,
aahed,,past tense of aah\nv express admiration and pleasure by uttering `ooh' or `aah',"(aah 的过去时) abbr.[军] Armored Artillery Howitzer, 装甲榴弹炮\nabbr.[军] Advanced Attack Helicopter, 先进攻击直升机",,,,,0,0,0:aah/1:p,,
aahhing,,-ing form of aah\nv express admiration and pleasure by uttering `ooh' or `aah',"(aah 的现在分词) abbr.[军] Armored Artillery Howitzer, 装甲榴弹炮\nabbr.[军] Advanced Attack Helicopter, 先进攻击直升机",,,,,0,0,0:aah/1:i,,
aahing,,-ing form of aah\nv express admiration and pleasure by uttering `ooh' or `aah',"(aah 的现在分词) abbr.[军] Armored Artillery Howitzer, 装甲榴弹炮\nabbr.[军] Advanced Attack Helicopter, 先进攻击直升机",,,,,0,0,0:aah/1:i,,
aahp,,, [医][=American Association for Hospital Planning]美国医院规划协会,,,,,0,0,,,
aahper,,," [医][=American Alliance for Health,Physical Education and recreation]美国卫生、体育和娱乐联合会",,,,,0,0,,,
aahperd,,,abbr. American Alliance for Health;  Physical Education;  Recreation;  and Dance 美国健康体育教育娱乐与舞蹈联合会,,,,,0,0,,,
aahs,,plural of aah\nv express admiration and pleasure by uttering `ooh' or `aah',"(aah 的复数) abbr.[军] Armored Artillery Howitzer, 装甲榴弹炮\nabbr.[军] Advanced Attack Helicopter, 先进攻击直升机",,,,,0,0,0:aah/1:s,,
aai,,,n. 空对空识别,,,,,0,0,,,
aaia,,,abbr. Associate of the Association of International Accountants 国际会计师协会准会员; Association of American Indian Affairs 美国印度事务协会,,,,,0,0,,,
aaii,,,abbr. American Association of Individual Investors 美国个人投资者协会; Association for the Advancement of Invention and Innovation 美国发明，革新促进协会,,,,,0,0,,,
aaj,,,"abbr. American Association for Justice 美国司法协会; Arab Airways, Jerusalem 阿拉伯航空公司; Axel Axelson Johnson (Johnson Line) 艾力克森·约翰逊一周半跳（约翰逊顺序）; American Alpine Journal <美国阿尔卑斯报>（期刊）",,,,,0,0,,,
AAJA,,,[Afro-Asian Journalists' Association的缩略]亚非新闻工作者协会,,,,,0,0,,,
aajc,,,abbr. 美国亚裔维权中心（The Asian American Justice Center）；Java教学软件（Authorized Academic Java Campus）,,,,,0,0,,,
aak,,, [医][=Alloactivated killers]同种（异体）活性的杀伤细胞,,,,,0,0,,,
aaker,,,n. (Aaker)人名；(英)阿克,,,,,0,0,,,
AAL,ɑ:l,,[计] 绝对汇编语言,,,,,0,0,,,
Aaland islands,'aulɑ:nd,,= Aland Islands,,,,,0,0,,,
aalboot,'ɔ:lbu:t,,(荷兰的)一种捕鳗帆船,,,,,0,0,,,
Aalborg,'ɔ:lbɔ:^,n a city and port in northern Jutland,奥尔堡[丹麦],,,,,0,0,,,
aalducens oculi,,,[医] 内直肌(眼),,,,,0,0,,,
Aalenian,ɑ:'lenjәn,,阿连阶(中侏罗世的最早期或下侏罗世的最晚期地层),,,,,0,0,,,
aalii,ɑ:'li:i,n a small Hawaiian tree with hard dark wood,"坡柳, 车桑子",,,,,0,0,,,
aaliyah,,,阿莉娅(人名),,,,,0,0,,,
aall,,,n. (Aall)人名；(挪、英)奥尔,,,,,0,0,,,
Aallibalis,,,阿拉巴蒂斯布,,,,,0,0,,,
AALPS,,,自动空运计划制定系统,,,,,0,0,,,
aals,a:l,,abbr. 绝对汇编语言（absolute assembly language）；对空探照灯（Anti-Aircraft Light）；北极航空医学实验室（Arctic Aeromedical Laboratory）\nn. (Aal)人名；(荷)阿尔,,,,,0,0,,,
Aalst,'ɑ:lst,n. a town in central Belgium,"n. 阿尔斯特（比利时中西部城市, 等于Alost）",,,,,0,0,,,
aalto,,,n. (Aalto)人名；(英、芬)阿尔托\n阿尔托,,,,,0,0,,,
AAM,,"n. A Dutch and German measure of liquids, varying in different\n   cities, being at Amsterdam about 41 wine gallons, at Antwerp 36 1/2, at\n   Hamburg 38 1/4.",空对空导弹,,,,,0,0,s:aams,,
aama,,,abbr. 美国汽车制造商协会（American Automobile Manufacturers Association）；市场准人的行政管理措施（Administrative Aspects of Market Access）,,,,,0,0,,,
aamasul,'ɔ:mәsu:l,,乙二[二硫代氨基甲酸]锰与硫的混合物,,,,,0,0,,,
AAMC,,,abbr. 美国医学院协会（American Association of Medical Colleges）,,,,,0,0,,,
aamd,,, [医][=American Association on Mental Deficiency]美国心理缺陷协会,,,,,0,0,,,
AAME,,,[计] 美国微处理机工程师协会,,,,,0,0,,,
aames,,,abbr. American Association for Middle East Studies 美国中东研究协会,,,,,0,0,,,
aamft,,,abbr. American Association for Marriage and Family Therapy 美国婚姻与家庭治疗协会,,,,,0,0,,,
aami,,, [医][=Association of Allergists for Mycological Investigations]真菌学研究变态反应学家协会,,,,,0,0,,,
aamodt,,, [人名] 阿莫特,,,,,0,0,,,
aamr,,, [医][=American Academy of Mental Retardation]美国精神发育迟缓学会,,,,,0,0,,,
Aams,,"plural of AAM\nn. A Dutch and German measure of liquids, varying in different\n   cities, being at Amsterdam about 41 wine gallons, at Antwerp 36 1/2, at\n   Hamburg 38 1/4.",(AAM 的复数) 空对空导弹,,,,,0,0,0:aam/1:s,,
aan,,,abbr. 氨基乙腈（amino acetonitrile）,,,,,0,0,,,
Aanderaa,,,[网络] 安德拉；挪威安德拉,,,,,0,0,,,
aang,,,n. (Aang)人名；(印尼)阿昂,,,,,0,0,,,
aann,,,abbr. American Association of Neuroscience Nurses 美国神经科学护士协会; autoassociative neural network 自动联想神经网络,,,,,0,0,,,
aans,,,abbr. American Academy of Neurology 美国神经病学协会,,,,,0,0,,,
Aanulata,,,[医] 环节动物类,,,,,0,0,,,
aao,,,abbr. 美国眼科协会（American Academy of Ophthalmology）；美国正牙学协会（American Association of Orthodontists）；英澳天文台（Anglo-Australian Observatory）；行政上诉办公室（Administrative Appeals Office）,,,,,0,0,,,
aaos,,,abbr. 美国矫形外科学会（American Academy of Orthopedic Surgeons）,,,,,0,0,,,
AAP,,,"[计] 分析员辅助程序, 相联阵列处理机, 附加应用处理机",,,,,0,0,,,
aapa,,,abbr. 亚太航空协会（Association Of Asia Pacific Airlines）；美国助理内科医师协会（American Academy of Physician's Assistants）；美洲港务局协会（American Association of Port Authorities）,,,,,0,0,,,
aapamoor,'ɑ:pәmjә(r),,"n. [生]丘泽,高低位镶嵌沼泽",,,,,0,0,,,
aapc,,, [医][=antibiotic-associated pseudomembranous colitis]抗菌素相关性假膜性结肠炎,,,,,0,0,,,
AAPL,,,[计] 阵列处理语言,,,,,0,0,,,
aapo,,,abbr. All-African Peoples Organization 全非洲人民组织,,,,,0,0,,,
aapor,,,abbr. American Association for Public Opinion Research 美国舆论研究协会,,,,,0,0,,,
aaprotect,'æprәtekt,,"双[二甲基二硫代氨基甲酸 -S, S']锌",,,,,0,0,,,
aapss,,,abbr. 美国政治和社会科学研究院（American Academy of Political and Social Science）,,,,,0,0,,,
aapt,,,abbr. American Association of Physics Teachers 美国物理教师协会; Association of Asphalt Paving Technologists <美国>沥青铺路技师协会; aminoalcohol phosphotransferase 氨基乙醇磷酸转移酶; aortic arch plaque thickness 主动脉弓斑块厚度,,,,,0,0,,,
Aar,ɑ:(r),n a river in north central Switzerland that runs northeast into the Rhine,"n. 阿勒河(位于瑞士中部,亦作Aare)",,,,,0,0,,,
Aarau,'ɑ:rau,,n. 阿劳（瑞士北部城市名）,,,,,0,0,,,
aarberg,,, [地名] [瑞士] 阿尔贝格,,,,,0,0,,,
aardvark,'ɑ:dvɑ:k,n. nocturnal burrowing mammal of the grasslands of Africa that feeds on termites; sole extant representative of the order Tubulidentata,n. 土豚,,,,,0,42238,s:aardvarks,,
aardvarks,,-s form of aardvark\nn. nocturnal burrowing mammal of the grasslands of Africa that feeds on termites; sole extant representative of the order Tubulidentata,(aardvark 的第三人称 -s形式) n. 土豚,,,,,0,0,0:aardvark/1:s,,
aardwolf,'ɑ:dwulf,n. striped hyena of southeast Africa that feeds chiefly on insects,n. 土狼,,,,,0,0,,,
aardwolves,'ɑːdwʊlf,,n. [脊椎] 土狼,,,,,0,0,,,
aare,'ɑ:rə,n. a river in north central Switzerland that runs northeast into the Rhine,"n. 阿勒河（瑞士中部河流, 等于Aar）",,,,,0,0,,,
Aare River,,,[网络] 阿勒河；亚拉河；沿著阿勒河,,,,,0,0,,,
Aargau,'ɑ:ɡau,,n. 阿尔高（瑞士北部的州）,,,,,0,0,,,
aargh,ɑ:,, 啊 ,,,,,18154,0,,,
Aarhus,'ɔ:hu:s,n port city of Denmark in eastern Jutland,奥尔胡斯(丹麦港市),,,,,0,0,,,
aari,,,abbr. arcuate artery resistance index 弓状动脉抵抗力指数,,,,,0,0,,,
aaric,,,蘑菇,,,,,0,0,,,
AARNet,,,[计] 澳州学术及科技网,,,,,0,0,,,
aaron,'eәrәn,n. United States professional baseball player who hit more home runs than Babe Ruth (born in 1934)\nn. (Old Testament) elder brother of Moses and first high priest of the Israelites; created the golden calf,"n. 亚伦（男子名）；[圣经]亚伦（摩西之兄, 犹太教的第一祭司长）",,,,,12804,0,,,
Aaron Burr,,,n. 阿龙·伯尔,,,,,0,0,,,
Aaron Copland,,,科普兰,,,,,0,0,,,
Aaron Montgomery Ward,,,[网络] 沃德；华德,,,,,0,0,,,
Aaron's beard,'eәrәnz,,"n. [植]金丝桃之类, 梅花草, 草莓虎耳草",,,,,0,0,,,
Aaron's rod,,,[建] 亚伦杖装饰；麒麟草；亚伦魔杖（圣经中希伯来人的第一个祭司长）,,,,,0,0,,,
Aaron's sign,,,[医] 阿隆氏征(阑尾炎时的一种体征),,,,,0,0,,,
Aaronic,eә'rɔnik,a. Alt. of Aaronical,a. 亚伦的,,,,,0,0,,,
aaronical,εə'rɔnikl,"a. Pertaining to Aaron, the first high priest of the Jews.",a. = Aaronic；教皇(般)的,,,,,0,0,,,
Aaronite,"'εərə,nait",,n. 亚伦的后裔；利未人,,,,,0,0,,,
aarons,,,n. (Aarons)人名；(英)阿伦斯,,,,,0,0,,,
aaronson,,,n. (Aaronson)人名；(荷)阿龙松；(英)阿伦森,,,,,0,0,,,
aarp,,n an association of people to promote the welfare of senior citizens,abbr. 美国退休者协会（American Association of Retired Persons）；[计]Apple Talk地址转换协议（AppleTalk Address Resolution Protocol）,,,,,0,0,,,
aarpophalangeal reflex,,,[医] 腕指反射,,,,,0,0,,,
AARS,,n a river in north central Switzerland that runs northeast into the Rhine,[计] 自动地址识别子系统,,,,,0,0,,,
aarschot,,, [地名] [比利时] 阿尔斯霍特,,,,,0,0,,,
aart,,,n. (Aart)人名；(俄、荷)阿尔特\nabbr. 美国康复疗法协会（american association of radiologic technology）,,,,,0,0,,,
aarti,,,n. (Aarti)人名；(芬)阿尔蒂,,,,,0,0,,,
AAS,,n an associate degree in applied science\nn a dry form of lava resembling clinkers\nn an international organization that provides a support group for persons trying to overcome alcoholism\nn an associate degree in arts,[计] 先进管理系统\n[化] 原子吸收分光光度法,,,,,0,0,,,
aasa,,,abbr. Astronomical and Astrophysical Society of America 美国天文学及天体学学会; American Association of School Administrators 美国学校管理者协会; amino acid sequence analysis 氨基酸序列分析; Associate of the Australian Society ofAccountants 澳大利亚会计师学会联盟,,,,,0,0,,,
aascu,,,abbr. American Association of State Colleges and Universities 美国国立大学，学院协会,,,,,0,0,,,
aase,,,n. (Aase)人名；(挪、瑞典)奥瑟,,,,,0,0,,,
aasen,,, [人名] 奥森; [地名] [德国] 阿森,,,,,0,0,,,
aashto,,,abbr. 美国国家公路与运输协会标准（American Association of State Highway and Transportation Officials）,,,,,0,0,,,
aasi,,,abbr. Advertising Agency Service Interchange 广告公司服务中介; American Academy for Scientific Interrogation 美国科学审问研究所; American Association for Scientific Interrogation 美国科学审问协会,,,,,0,0,,,
aasl,,,abbr. antiaircraft searchlight 防空探照灯,,,,,0,0,,,
aaslh,,,abbr. American Association for State and Local History 美国州与地方历史协会,,,,,0,0,,,
aasmus,,,[医] 气喘,,,,,0,0,,,
aasp,'ɑ:sp,, [医][=acute atrophic spinal paralysis]急性萎缩性脊柱麻痹,,,,,0,0,,,
aasvogel,'ɑ:sfәugәl,,n. 南非兀鹫,,,,,0,0,,,
Aasynchronous transmission,,,[计] 异步传输,,,,,0,0,,,
aat,,,abbr. alpha-l antitrypsin α-1抗胰蛋白酶,,,,,0,0,s:aats,,
aat regular intervals,,,[法] 定期,,,,,0,0,,,
aatc,,,abbr. Anti-Aircraft Training Center 防空培训中心,,,,,0,0,,,
aate,,,abbr. American Association of Teachers of Esperanto 美国世界语教员协会; Association of Australian Teachers of English 澳大利亚英语教员协会,,,,,0,0,,,
Aateck,'ætәk,,福代硫(杀菌剂),,,,,0,0,,,
aatigermin,,,"[医] 安替格明(成药,治流行性感冒,神经痛等症)",,,,,0,0,,,
aatitetanolysin,,,[医] 抗破伤风[溶血]素,,,,,0,0,,,
Aatram,'ætrәm,,津安混剂(混合型除草剂),,,,,0,0,,,
Aatrex,'ætrәks,,阿特拉津(选择性除草剂),,,,,0,0,,,
aats,,plural of aat,(aat 的复数) abbr. alpha-l antitrypsin α-1抗胰蛋白酶,,,,,0,0,0:aat/1:s,,
aatt,,,abbr. American Association for Textile Technology 美国纺织技术协会,,,,,0,0,,,
aau,,,abbr. （美国）业余体育联合会（Amateur Athletic Union）；美国大学联合会（Association of American Universities）；自动寻址单元（Automatic Addressing Unit）,,,,,0,0,,,
aaug,,,abbr. Argonne Accelerator Users Group <美国>阿贡加速器用户小组,,,,,0,0,,,
AAUP,,,abbr. 美国大学教授联合会（American Association of University Professors）；美国大学出版社协会（American Association of University Presses）,,,,,0,0,,,
AAUW,,,abbr. 美国大学妇女联合会（American Association of University Women）,,,,,0,0,,,
aav,,,abbr. 空降突击车（Airborne Assault Vehicle）；两栖突击车（Amphibious Assault Vehicle）,,,,,0,0,,,
AAVE,,,[网络] 美国黑人英语(African American Vernacular English)；非裔美国黑人英语；缓急,,,,,0,0,,,
aavso,,,abbr. American Association of Variable Star Observers 美国变星观测者协会,,,,,0,0,,,
aawb,,,abbr. 亚非作家常设局（Afro-Asian Writers' Bureau）,,,,,0,0,,,
aayretic typhoid,,,[医] 无热伤寒,,,,,0,0,,,
aazpa,,,abbr. American Association of Zoological Parks and Aquariums 美国动物园和水族馆协会,,,,,0,0,,,
ab,æb,n. the eleventh month of the civil year; the fifth month of the ecclesiastical year in the Jewish calendar (in July and August)\nn. the blood group whose red cells carry both the A and B antigens,"prep. 从, 自\n[计] 地址总线",,,,,30644,0,i:abbing,,
ab antiquo,,,[法] 自过去; 自昔日; 昔日的; 旧时的,,,,,0,0,,,
ab extra,æb'ekstrә,,从外面,,,,,0,0,,,
ab inconvenienti,,,[拉丁语]以不便为由,,,,,0,0,,,
ab incunabulis,,,"[拉丁语]从襁褓中, 自幼",,,,,0,0,,,
ab initio,.æbi'niʃiәu,,从头开始\n[法] 自始; 从头开始; 从开始起,,,,,0,0,,,
ab intestato,,,[经] 无遗嘱的继承,,,,,0,0,,,
ab intra,,,从内部,,,,,0,0,,,
ab origine,.æbәә'ridʒәni:,,从起初,,,,,0,0,,,
ab ovo,.æb'әuvәu,,自始,,,,,0,0,,,
ab uno disce omnes,æb'ju:nәj'disi:'ɔmni:z,,由一斑而窥全豹,,,,,0,0,,,
ab urbe condita,,,na. 由罗马建都(公元前753年)起算\n[网络] 罗马建城纪年；罗马史；建城以来史,,,,,0,0,,,
ab-,," A prefix in many words of Latin origin. It signifies from, away\n   , separating, or departure, as in abduct, abstract, abscond. See A-(6).","[医] 离, 从",,,,,0,0,,,
ab-ampere,,,[电] 绝对安培,,,,,0,0,,,
ab-oukine,,,[医] 阿布奥开病(雅司病的土名),,,,,0,0,,,
ab-so-lute-ly,'æbsəluːtlɪ,,adv. 绝对地；完全地,,,,,0,0,,,
ab.,,,[医] 抗体,,,,,0,0,,,
aba,'ɑ:bә,n. a loose sleeveless outer garment made from aba cloth; worn by Arabs\nn. a fabric woven from goat hair and camel hair,"n. 宽大无袖长袍, 驼毛织物",,,,,29882,0,s:abas,,
ABA transit number,,,[网络] 美国银行家协会交换号码,,,,,0,0,,,
Ababa,,,n. (Ababa)人名；(塞)阿巴巴,,,,,17876,0,,,
abac,'æbәk,,"<英>(=nomogram)[数]算图,诺模图",,,,,0,0,,,
abaca,.æbә'kɑ:,n. Philippine banana tree having leafstalks that yield Manila hemp used for rope and paper etc,"n. 马尼拉麻, 麻蕉\n[医] 马尼拉麻",,,,,0,0,,,
abaci,'æbәsai,n a tablet placed horizontally on top of the capital of a column as an aid in supporting the architrave\nn a calculator that performs arithmetic functions by manually sliding counters on rods or in grooves,pl. 算盘,,,,,0,0,,,
abacin,,,[化] 复方新诺明片,,,,,0,0,,,
abacinate,,,[网络] 抵制,,,,,0,0,,,
abaciscus,",æbә'siskәs",n. One of the tiles or squares of a tessellated pavement;\n   an abaculus.,"嵌饰, 嵌工用的石[瓦]",,,,,0,0,,,
abacist,'æbәsist,n. One who uses an abacus in casting accounts; a calculator.,n. 用算盘者,,,,,0,0,,,
aback,ә'bæk,r. having the wind against the forward side of the sails\nr. by surprise,"adv. 向后, 朝后, 突然, 船顶风地",,1,,,11826,12786,,,
abaco,,,abbr. Great and Little Abaco islands 大阿巴科群岛和小阿巴科群岛,,,,,0,0,s:abacos,,
abacos,,plural of abaco,(abaco 的复数) abbr. Great and Little Abaco islands 大阿巴科群岛和小阿巴科群岛,,,,,0,0,0:abaco/1:s,,
abacter,,,[法] 一次盗窃一一家畜者,,,,,0,0,,,
abacterial,.eibæk'tiәriәl,,a. 非细菌性的\n[医] 非细菌性的; 无细菌的,,,,,0,0,,,
abactinal,æb'æktinәl,a. (of radiate animals) located on the surface or end opposite to that on which the mouth is situated,"a. 离辐的, 无触角的",,,,,0,0,,,
abactio,ә'bækʃiәu,,[拉](=induced abortion)人工流产,,,,,0,0,,,
abaction,,n. Stealing cattle on a large scale.,[法] 盗窃家畜,,,,,0,0,,,
abactor,ə'bæktə,n. One who steals and drives away cattle or beasts by herds\n   or droves.,"n. 马贼, 牛贼",,,,,0,0,,,
abactos venter,,,[医] 人工流产,,,,,0,0,,,
abaculi,ə'bækjulai,pl.  of Abaculus,n. abaculus的变形,,,,,0,0,,,
abaculus,ә'bækjulәs,"n. A small tile of glass, marble, or other substance, of\n   various colors, used in making ornamental patterns in mosaic pavements.","镶嵌用的小石[玻璃]砖, 嵌块",,,,,0,0,,,
abacus,'æbәkәs,n. a tablet placed horizontally on top of the capital of a column as an aid in supporting the architrave\nn. a calculator that performs arithmetic functions by manually sliding counters on rods or in grooves,n. 算盘\n[计] 算盘,,,,,33592,30850,,,
abacuses,'æbəkəs,pl.  of Abacus,n. 算盘,,,,,0,0,0:abacuse/1:s,,
abad,,,n. (Abad)人名；(阿拉伯、意、土库)阿巴德；(西)阿瓦德,,,,,0,0,,,
abada,,n. The rhinoceros.,n. (Abada)人名；(西)阿瓦达；(法)阿巴达,,,,,0,0,,,
Abadan,æbә'dɑ:n,n a port city in southwestern Iran,阿巴丹岛[伊朗],,,,,0,0,,,
abaddon,ә'bædәn,"n. The destroyer, or angel of the bottomless pit; -- the same\n   as Apollyon and Asmodeus.\nn. Hell; the bottomless pit.","n. 亚巴顿, 地狱",,,,,0,0,,,
abadi,,,n. (Abadi)人名；(英)阿巴迪；(匈)奥鲍迪；(阿拉伯、印尼)阿巴迪,,,,,0,0,,,
abadia,,, [地名] [西班牙] 阿瓦迪亚,,,,,0,0,,,
abadie,,,n. (Abadie)人名；(法、阿拉伯)阿巴迪；(西)阿瓦迭,,,,,0,0,,,
Abadie's sign,,,[医] 阿巴迪氏征(突眼性甲状腺时上睑提肌痉挛;脊髓痨时跟腱反射消失),,,,,0,0,,,
Abadies sign,,,[医] 阿巴迪氏征(突眼性甲状腺肿时上睑提肌痉挛;脊髓痨时跟腱反射消失),,,,,0,0,,,
abaft,ә'bɑ:ft,r at or near or toward the stern of a ship or tail of an airplane,"adv. 在船尾, 向船尾\nprep. 在...后面",,,,,0,0,,,
abag,,,abbr. Association of Bay Area Governments 海湾地区政府联合会; Association of Bay Area Governments (San Francisco) 海湾地区管理协会（旧金山）,,,,,0,0,,,
abagail,,,n. (Abagail)人名；(英)阿比盖尔,,,,,0,0,,,
abagtha,ə'bæɡθə,,n. 亚拔他（波斯王亚哈随鲁宫中七宦官之一）,,,,,0,0,,,
abaiser,ә'beisә,n. Ivory black or animal charcoal.,象牙黑,,,,,0,0,,,
abaisse,ә'beis,,"千层饼, 大蛋糕",,,,,0,0,,,
abaissement,ә'beismәnt,,降下,,,,,0,0,,,
abajo,,, [地名] 下（西班牙语）,,,,,0,0,,,
Abakan,"'ɑ:,bɑ:'kɑ:n",,n. 亚巴坎（俄罗斯联邦中南部城市名）,,,,,0,0,,,
abalah,ә:'bælә,,(=bablabs)阿拉伯胶树豆,,,,,0,0,,,
abalak,,, [地名] [俄罗斯、尼日尔] 阿巴拉克,,,,,0,0,,,
abalienate,æ'beiljәneit,v. t. To transfer the title of from one to another; to\n   alienate.\nv. t. To estrange; to withdraw.\nv. t. To cause alienation of (mind).,"v. [律]移转, 让渡(产权或财产)",,,,,0,0,,,
abalienated,,,"[医] 精神紊乱, 精神错乱的",,,,,0,0,,,
abalienatio,,,"[医] 精神紊乱, 精神错乱",,,,,0,0,,,
abalienatio mentis,,,"[医] 精神紊乱, 精神错乱",,,,,0,0,,,
abalienation,"ә,beiliә'neiʃәn",n. The act of abalienating; alienation; estrangement.,精神错乱,,,,,0,0,,,
abalo,,,n. (Abalo)人名；(西)阿瓦洛；(多哥)阿巴洛,,,,,0,0,,,
abalone,æbә'lәuni,n. any of various large edible marine gastropods of the genus Haliotis having an ear-shaped shell with pearly interior,n. 鲍,,,,,0,27076,s:abalones,,
abalones,,plural of abalone\nn. any of various large edible marine gastropods of the genus Haliotis having an ear-shaped shell with pearly interior,(abalone 的复数) n. 鲍,,,,,0,0,0:abalone/1:s,,
abalyn,æbә'lain,,"[化]松香甲(基)酯, 阿巴林",,,,,0,0,,,
abambulacral,"æ'bæmbu,lәkrәl",,[动]非步带的,,,,,0,0,,,
abamectin,,,[化] 阿巴美丁,,,,,0,0,,,
abamp,"'æb,æmp",,abbr. absolute ampere (10 amperes) 绝对安培(10安),,,,,0,0,,,
abampere,æb'æmpeә,n. a unit of current equal to 10 amperes,[机] 麻田散体,,,,,0,0,,,
abamurus,",æbә'mjurәs",,"挡土墙, 扶壁, 支墩块",,,,,0,0,,,
aban,,,n. 波斯历八月,,,,,0,0,,,
abana,,, [地名] [土耳其] 阿巴纳,,,,,0,0,,,
aband,,v. t. To abandon.\nv. t. To banish; to expel.,n. 壹个组合（乐队）,,,,,0,0,,,
abandon,ә'bændәn,"n. the trait of lacking restraint or control; reckless freedom from inhibition or worry\nv. forsake, leave behind\nv. give up with the intent of never claiming again\nv. stop maintaining or insisting on; of ideas or claims","vt. 放弃, 抛弃, 遗弃, 使屈从, 沉溺, 放纵\nn. 放任, 无拘束, 狂热",,3,1,gk cet4 cet6 ky toefl gre,2057,2182,d:abandoned/p:abandoned/i:abandoning/3:abandons,,
abandon a patent,,,[法] 放弃专利权,,,,,0,0,,,
abandon oneself to,,,沉溺于,,,,,0,0,,,
abandon sb to his fate,,,"听任某人由命运摆布,任由某人自生自灭",,,,,0,0,,,
abandon sb to the mercy of,,,"使…受…的支配,听任…由…摆布",,,,,0,0,,,
abandoned,ә'bændәnd,s. forsaken by owner or inhabitants\ns. free from constraint,"a. 被抛弃的, 无约束的, 恣意放荡的",,3,1,toefl,9617,6184,0:abandon/1:dp/p:abandoned/d:abandoned,,
abandoned call,,,[计] 未接通呼叫,,,,,0,0,,,
abandoned infant,,,"[法] 弃婴, 被遗弃的婴儿",,,,,0,0,,,
abandoned land,,,[法] 荒地,,,,,0,0,,,
abandoned motion,,,"[法] 已取消的申请, 被取消的动议",,,,,0,0,,,
abandoned person,,,[网络] 被遗弃的人,,,,,0,0,,,
abandoned property,,,[法] 被抛弃的财产,,,,,0,0,,,
abandoned ship,,,"[法] 被委付船只, 被弃船只",,,,,0,0,,,
abandoned woman,,,"[法] 被遗弃的妇女, 妓女, 坏女人",,,,,0,0,,,
abandonedly,,adv. Unrestrainedly.,adv. abandoned的变形,,,,,0,0,,,
abandonee,ә.bændә'ni:,n. One to whom anything is legally abandoned.,"n. 弃物受领人, 被委付人\n[经] 受领(或有权受领)被遗弃财物者",,,,,0,0,,,
abandoner,ә'bændәnә,n. One who abandons.,"n. 遗弃者, 委付者\n[经] 委付者, 放弃者",,,,,0,0,,,
abandoning,,"v forsake, leave behind\nv give up with the intent of never claiming again\nv leave behind empty; move out of\nv stop maintaining or insisting on; of ideas or claims\nv leave someone who needs or counts on you; leave in the lurch",v. 放弃；屈服（abandon的现在分词）,,,,,43075,0,0:abandon/1:i,,
abandoning party,,,[经] 遗弃一方,,,,,0,0,,,
abandonment,ә'bændәmәnt,n. the act of giving something up\nn. the voluntary surrender of property (or a right to property) without attempting to reclaim it or give it away,"n. 放弃, 抛弃, 放纵\n[经] 委付, 废弃, 放弃(采矿权)",,,,toefl,8591,9919,s:abandonments,,
abandonment charge,,,[经] 废弃费用,,,,,0,0,,,
abandonment clause,,,[经] 放弃条款,,,,,0,0,,,
abandonment cost,,,"[经] 遗弃成本, 遗弃费用",,,,,0,0,,,
abandonment in extractive industries,,,[经] 采掘工业的废弃,,,,,0,0,,,
abandonment loss,,,[经] 遗弃损失,,,,,0,0,,,
abandonment of action,,,[经] 放弃诉讼,,,,,0,0,,,
abandonment of appeal,,,"[法] 放弃上诉, 撤销上诉",,,,,0,0,,,
abandonment of children,,,[法] 遗弃子女,,,,,0,0,,,
abandonment of claim,,,[法] 放弃索赔,,,,,0,0,,,
abandonment of conract,,,"[法] 撤销契约, 不承认或否认契约",,,,,0,0,,,
abandonment of domicile,,,"[法] 放弃户籍, 废止住所",,,,,0,0,,,
abandonment of facilities or service,,,[经] 设施与服务的遗弃,,,,,0,0,,,
abandonment of husband,,,[法] 遗弃丈夫,,,,,0,0,,,
abandonment of right,,,[法] 放弃权利; 弃权,,,,,0,0,,,
abandonment of ship,,,[经] 船舶的废弃,,,,,0,0,,,
abandonment of voyage,,,[法] 放弃航次,,,,,0,0,,,
abandonment of wife,,,[法] 遗弃妻子,,,,,0,0,,,
abandonments,,plural of abandonment\nn. the act of giving something up\nn. the voluntary surrender of property (or a right to property) without attempting to reclaim it or give it away,"(abandonment 的复数) n. 放弃, 抛弃, 放纵\n[经] 委付, 废弃, 放弃(采矿权)",,,,,0,0,0:abandonment/1:s,,
abandons,əˈbændənz,"n the trait of lacking restraint or control; reckless freedom from inhibition or worry\nn a feeling of extreme emotional intensity\nv forsake, leave behind\nv give up with the intent of never claiming again\nv leave behind empty; move out of\nv stop maintaining or insisting on; of ideas or claims\nv leave someone who needs or counts on you; leave in the lurch",v. 离弃( abandon的第三人称单数 ); 放弃; 遗弃; 陷入,,,,,0,0,0:abandon/1:3,,
abap,,,高级商业应用编程语言（Advanced Business Application Program）,,,,,0,0,,,
abapertural,ә'bæpәtjurәl,,[动]离螺口的,,,,,0,0,,,
abapical,ә'bæpikәl,,"[生]离尖的, 远离尖端的, 尖以外的",,,,,0,0,,,
abapical pole,,,[医] 反顶极,,,,,0,0,,,
abaptiston,",æbæp'tistәn",,n. 圆锯(用于脑部手术),,,,,0,0,,,
abaqus,,,n. 有限元分析（软件名）,,,,,0,0,,,
abar,,,高级炮兵捕获雷达（advanced battery acquisition radar）,,,,,0,0,,,
abarbanel,,, [人名] 阿巴伯内尔,,,,,0,0,,,
abarognosis,"ә,bærɔ^'nәusis",,"[医]无重量感,辨重不能, 压觉缺失",,,,,0,0,,,
abarthrosis,",æbɑ:'θrәusis",,动关节,,,,,0,0,,,
abarticular,",æbɑ:'tikulә",,"非关节的, 关节外的",,,,,0,0,,,
abarticular gout,,,[医] 关节外痛风,,,,,0,0,,,
abarticulation,",æbɑ:tikju:'leiʃәn",n dislocation of a joint,动关节,,,,,0,0,,,
abas,'ɑ:bәs,n a loose sleeveless outer garment made from aba cloth; worn by Arabs\nn a fabric woven from goat hair and camel hair,vt.打倒,,,,,0,0,0:aba/1:s,,
abasable,ә'beisәbl,,"a. 可贬黜的, 可降低的",,,,,0,0,,,
abase,ә'beis,v cause to feel shame; hurt the pride of,"vt. 降低...的地位, 降低...的品格, 贬抑, 使谦卑",,,,gre,41733,41704,i:abasing/p:abased/3:abases/d:abased,,
abase oneself,,,谦卑,,,,,0,0,,,
abased,'a:bəs,"imp. & p. p. of Abase\na. Lowered; humbled.\na. Borne lower than usual, as a fess; also, having the ends of\n   the wings turned downward towards the point of the shield.",vt. 打倒\nn. 诺谟图\nn. (Abas)人名；(阿拉伯、印尼、伊朗、哈萨、吉尔、塔吉、乌兹、阿塞、土库、科摩、俄)阿巴斯,,,,,0,0,1:pd/0:abase,,
abasement,ә'beismәnt,n. a low or downcast state,"n. 贬抑, 屈辱, 谦卑",,,,,46436,43658,,,
abaser,,"n. He who, or that which, abases.",n. abase的变形,,,,,0,0,,,
abases,əˈbeɪsiz,n a loose sleeveless outer garment made from aba cloth; worn by Arabs\nn a fabric woven from goat hair and camel hair\nv cause to feel shame; hurt the pride of,v. 使谦卑( abase的第三人称单数 ); 使感到羞耻; 使降低（地位、身份等）; <古>降下,,,,,0,0,0:abase/1:3,,
abash,ә'bæʃ,v cause to be embarrassed; cause to feel self-conscious,"vt. 使不安, 使羞愧, 使困窘",,,,gre,48446,41079,d:abashed/i:abashing/p:abashed/3:abashes,,
abashed,ә'bæʃd,s. feeling or caused to feel uneasy and self-conscious,"a. 不安的, 窘迫的",,,,toefl,34390,28626,d:abashed/0:abashed/1:d,,
abashedly,,adv. In an abashed manner.,羞愧地,,,,,0,0,,,
abashes,əˈbæʃiz,v cause to be embarrassed; cause to feel self-conscious,"v. 使羞愧, 使局促, 使窘迫( abash的第三人称单数 )",,,,,0,0,1:3/0:abash,,
abashidze,,,n. (Abashidze)人名；(俄)阿巴希泽,,,,,0,0,,,
abashing,ə'bæʃ,p. pr. & vb. n. of Abash,vt. 使困窘；使羞愧；使局促不安,,,,,0,0,1:i/0:abash,,
abashment,ә'bæʃmәnt,n. feeling embarrassed due to modesty,"n. 羞愧, 害臊",,,,,0,0,,,
abasi,,,n. (Abasi)人名；(刚(金)、巴基)阿巴西,,,,,0,0,,,
abasia,ә'beiziә,n inability to walk,n. [医] (神经系统疾病引发的)步行不能,,,,,0,0,,,
abasia astasia,,,[医] 立行不能,,,,,0,0,,,
abasia trepidans,,, [医]震颤性步行不能,,,,,0,0,,,
abasic,,a of or relating to abasia (inability to walk),[医] 步行不能的,,,,,0,0,,,
Abasidia lichtheimli,,,[医] 伞状毛霉菌,,,,,0,0,,,
abasin,ә'beisin,,"阿巴辛, 乙酰阿大林(乙酰二乙基溴化乙酰脲)",,,,,0,0,,,
abasing,'a:bəs,p. pr. & vb. n. of Abase,vt. 打倒\nn. 诺谟图\nn. (Abas)人名；(阿拉伯、印尼、伊朗、哈萨、吉尔、塔吉、乌兹、阿塞、土库、科摩、俄)阿巴斯,,,,,0,0,0:abase/1:i,,
abask,ә'bɑ:sk,,"adv. 在舒适的温暖中, 暖洋洋地",,,,,0,0,,,
abassi,,n. Alt. of Abassis,n. (Abassi)人名；(巴基)阿巴西,,,,,0,0,,,
Abat,,,[化] 双硫磷,,,,,0,0,,,
abat-vent,,,[化] 通风帽,,,,,0,0,,,
abatable,,"a. Capable of being abated; as, an abatable writ or\n   nuisance.",可以降价的\n可以撤消的\n可以废除的,,,,,0,0,,,
abatable nuisance,,,[网络] 可怕的滋扰,,,,,0,0,,,
abatacept,,,阿巴西普（药名）,,,,,0,0,,,
abatage,,,[医] 屠宰,,,,,0,0,,,
abatardissement,,,[医] 种族衰退,,,,,0,0,,,
abate,ә'beit,v. become less in amount or intensity,"vt. 减少, 减轻, 减弱, 废除, 打折扣\nvi. 减轻, 减弱, 减少, 失效, 被废除",,1,,toefl gre,13783,13243,d:abated/i:abating/p:abated/3:abates,,
abate a cause of cation,,,[法] 中止诉讼原因,,,,,0,0,,,
abate a debt,,,[法] 减免债务,,,,,0,0,,,
abate a nuisance,,,排除骚扰,,,,,0,0,,,
abate a price,,,[经] 还价,,,,,0,0,,,
abate a tax,,,减税,,,,,0,0,,,
abate sb of sth,,,剥夺某人的某物,,,,,0,0,,,
abated,ə'beɪt,imp. & p. p. of Abate,vt. 减轻；减少；废除\nvi. 减轻；失效\nn. (Abate)人名；(英、意、法、埃塞)阿巴特,,,,,0,0,0:abate/1:dp,,
abatement,ә'beitmәnt,n. the act of abating,"n. 减少, 减轻, 缓和, 折扣, 撤消, 中止\n[化] 废料; 失效",,,,,23566,16332,s:abatements,,
abatement claim,,,"[经] 请求裁减(税), 要求减(降)价",,,,,0,0,,,
abatement from penalty,,,[法] 减刑,,,,,0,0,,,
abatement of a nuisance,,,[网络] 减轻滋扰,,,,,0,0,,,
abatement of action,,,"[法] 撤销诉讼, 中止诉讼",,,,,0,0,,,
abatement of debts,,,"[法] 废除债务, 减轻债务",,,,,0,0,,,
abatement of fire hazard,,,"[法] 消除火患, 减轻火灾危害",,,,,0,0,,,
abatement of freehold,,,[法] 地产减少,,,,,0,0,,,
abatement of legacies,,,[法] 遗产或遗赠物的放弃,,,,,0,0,,,
abatement of nuisance,,,"[法] 减轻损害, 排除妨害, 减少干扰",,,,,0,0,,,
abatement of purchase money,,,[法] 压低买价,,,,,0,0,,,
abatement of taxes,,,[经] 减税,,,,,0,0,,,
abatement order,,,"[法] 废除令, 撤销令",,,,,0,0,,,
abatements,,plural of abatement\nn. the act of abating,"(abatement 的复数) n. 减少, 减轻, 缓和, 折扣, 撤消, 中止\n[化] 废料; 失效",,,,,0,0,0:abatement/1:s,,
abatementum,,,[法] 强夺财产,,,,,0,0,,,
abater,,"n. One who, or that which, abates.","[法] 撤销者, 诉讼中止原因, 除害者",,,,,0,0,,,
abates,əˈbeɪts,v make less active or intense\nv become less in amount or intensity,v. 减少( abate的第三人称单数 ); 减去; 降价; 撤消（诉讼）,,,,,0,0,0:abate/1:3,,
Abati drying oven,,,[化] 阿巴提干燥箱; 阿巴提干燥烘箱,,,,,0,0,,,
abatic,,a of or relating to abasia (inability to walk),[医] 步行不能的,,,,,0,0,,,
abating,,v make less active or intense\nv become less in amount or intensity,n. [机械]硬度降低,,,,,0,0,0:abate/1:i,,
abating rents,,,[法] 减少租金,,,,,0,0,,,
abatis,'æbәtis,n a line of defense consisting of a barrier of felled or live trees with branches (sharpened or with barbed wire entwined) pointed toward the enemy,"n. 鹿砦, 有刺铁丝网",,,,,0,0,,,
abatised,'æbətɪs,a. Provided with an abatis.,n. 【军事】；鹿砦,,,,,0,0,,,
abatment,,,"[电] 消除, 减除",,,,,0,0,,,
abator,,"n. One who abates a nuisance.\nn. A person who, without right, enters into a freehold on the\n   death of the last possessor, before the heir or devisee.",撤消者\n废除者,,,,,0,0,,,
abattage,ɑ:bә'tɑ:ʒ,,n. 为防止传染而被屠杀的有病之牲畜,,,,,0,0,,,
abattis,'æbәtis,n a line of defense consisting of a barrier of felled or live trees with branches (sharpened or with barbed wire entwined) pointed toward the enemy,"n. 鹿砦, 铁丝网",,,,,0,0,,,
abattle,,,[网络] 战役；战斗；一场战斗,,,,,0,0,,,
abattoir,'æbәtwɑ:,n. a building where animals are butchered,"n. 屠场, 角斗场\n[医] 屠宰场",,,,,21485,34021,s:abattoirs,,
abattoirs,'æbətwɑː,pl.  of Abattoir,n. 屠宰场；角斗场,,,,,0,0,0:abattoir/1:s,,
abatvoix,,,吸音板,,,,,0,0,,,
abaxial,æb'æksiәl,a. facing away from the axis of an organ or organism,a. 离开轴心的\n[化] 离轴的,,,,,0,0,,,
abaxially,,,背轴地,,,,,0,0,,,
abaxile,,a. Away from the axis or central line; eccentric.,"[医] 远轴的, 离轴的, 轴外的",,,,,0,0,,,
abay,,n. Barking; baying of dogs upon their prey. See Bay.,n. 阿拜（哈萨克斯坦男子名）,,,,,0,0,,,
abaya,ә'beijә,n. (Arabic) a loose black robe from head to toe; traditionally worn by Muslim women,"n. 毛织物, (阿拉伯式)长袍",,,,,0,37347,s:abayas,,
abayas,,plural of abaya\nn. (Arabic) a loose black robe from head to toe; traditionally worn by Muslim women,"(abaya 的复数) n.毛织物, (阿拉伯式)长袍",,,,,0,0,0:abaya/1:s,,
abaza,,,n. (Abaza)人名；(俄)阿巴扎；(阿拉伯、塞、土、土库、哈萨、塔吉、吉尔、法)阿巴扎,,,,,0,0,,,
abb,æb,n an urban hit squad and guerrilla group of the Communist Party in the Philippines; formed in the 1980s,"n. 等外羊毛, 纬纱\n[计] 积木块阵列",,,,,36972,0,,,
Abba,'æbә,"n. Father; religious superior; -- in the Syriac, Coptic, and\n   Ethiopic churches, a title given to the bishops, and by the bishops to\n   the patriarch.",n. 阿爸父(耶稣对上帝的尊称),,,,,25039,0,,,
abbacies,'æbəsɪ,pl.  of Abbacy,n. 任期；男修道院院长之职位；管区,,,,,0,0,0:abbacy/1:s,,
abbacy,'æbәsi,n. the jurisdiction or office of an abbot,n. 修道院院长的职位(或管区、任期),,,,,0,0,s:abbacies,,
abbado,,,n. (Abbado)人名；(意、英)阿巴多,,,,,0,0,,,
Abbai,,,n. (Abbai)人名；(埃塞)阿拜,,,,,0,0,,,
Abbas,,,"n. 阿巴斯（地名, 伊朗最大港口）；阿巴斯王朝",,,,,25818,0,,,
abbasi,,,n. (Abbasi)人名；(阿拉伯)阿巴西；(巴基)阿巴西,,,,,0,0,,,
Abbasid,ә'bæsid; 'æbәsid,,(阿拉伯帝国)阿巴斯王朝(750-1258) 的统治者,,,,,0,0,,,
abbasids,ə'bæsids,,n. 阿巴斯王朝（750-1258，阿拉伯帝国的第二个王朝，因崇尚黑色，中国史书称为“黑衣大食”）,,,,,0,0,,,
abbass,,,n. (Abbass)人名；(伊朗)阿巴斯,,,,,0,0,,,
abbassid,ə'bæsid; 'æbə-; ə'bæsaid,,n. 【历史】(阿拉伯帝国)阿拔斯王朝(750～1258)的哈里发\nadj. (阿拉伯帝国)阿拔斯王朝的,,,,,0,0,,,
abbate,ɑːb'bɑːteɪ,,n. (意大利的)修道院院长；教士,,,,,0,0,,,
abbatial,ә'beiʃәl,"a. of or having to do with or belonging to an abbey or abbot, or abbess","a. 修道院的, 修道院院长的",,,,,0,0,,,
abbau,,,"[医] 分解, 分解代谢",,,,,0,0,,,
abbaye,,,n. (Abbaye)人名；(法)阿贝,,,,,0,0,,,
abbe,'æbei,n. a French abbot,"n. 男修道院院长, 神父",,,,,0,42662,3:abbes,,
Abbe condenser,,,[化] 阿贝聚光器,,,,,0,0,,,
Abbe criterion,,,[计] 阿贝判据,,,,,0,0,,,
Abbe invariant,,,[化] 阿贝不变量,,,,,0,0,,,
Abbe principle of image formation,,,[化] 阿贝成像原理,,,,,0,0,,,
Abbe refractometer,,,[化] 阿贝折射计\n[医] 阿贝氏折射计,,,,,0,0,,,
Abbe sine condition,,,[化] 阿贝正弦条件,,,,,0,0,,,
Abbe's condenser,,,[医] 阿贝氏聚光器,,,,,0,0,,,
Abbe's operation,,,[医] 阿贝氏手术(肠侧面吻合术),,,,,0,0,,,
Abbe's rings,,,[医] 阿贝氏肠线环(用于肠吻合术),,,,,0,0,,,
Abbe's string method,,,[医] 阿贝氏线割法(治食管狭窄),,,,,0,0,,,
Abbe-Zeiss counting cell,,,[医] 阿-蔡二氏计数池(血细胞计数器),,,,,0,0,,,
abbell,,, [人名] 阿贝尔,,,,,0,0,,,
abbertite,'æbә:tait,,黑沥青,,,,,0,0,,,
abbes,,-s form of abbe\nn. a French abbot,"(abbe 的第三人称 -s形式) n. 男修道院院长, 神父",,,,,0,0,0:abbe/1:3,,
abbess,'æbes,n. the superior of a group of nuns,n. 女修道院院长,,,,,27922,29063,s:abbesses,,
abbesses,ˈæbɪsiz,n. the superior of a group of nuns,n. 女修道院院长( abbess的复数形式 ),,,,,0,0,0:abbess/1:s,,
abbett,,, [人名] 阿贝特,,,,,0,0,,,
Abbeville,'æbivil,,n. 阿布维尔（法国一城市）,,,,,47123,0,,,
Abbevillian,",æbi'viliәn",,a. & n.阿布维利文化(的)( 指欧洲旧石器时代初期较早阶段的文化),,,,,0,0,,,
abbey,'æbi,n. a church associated with a monastery or convent\nn. a convent ruled by an abbess\nn. a monastery ruled by an abbot,n. 大修道院,,2,,,3572,17783,s:abbeys,,
abbeys,'æbɪ,pl.  of Abbey,"n. 大修道院, 大寺院；修道院中全体修士或修女\nn. (Abbey)人名；(法)阿贝；(英)阿比(教名Abigail的昵称)",,,,,0,0,0:abbey/1:s,,
abbeystead,'æbisted,,n. 修道院所在地,,,,,0,0,,,
abbi,,,高级乳腺活检（Advanced Breast Biopsy Instrumentation）,,,,,0,0,,,
abbie,'æbi:,,n. 阿比（女子名）,,,,,0,0,,,
abbing,,-ing form of ab\nn. the eleventh month of the civil year; the fifth month of the ecclesiastical year in the Jewish calendar (in July and August)\nn. the blood group whose red cells carry both the A and B antigens,"(ab 的现在分词) prep. 从, 自\n[计] 地址总线",,,,,0,0,0:ab/1:i,,
abbink,,,n. (Abbink)人名；(英)阿宾克,,,,,0,0,,,
abbitt,,, [人名] 阿比特,,,,,0,0,,,
abbot,'æbәt,n. the superior of an abbey of monks,"n. 男修道院院长, 大寺院男住持",,,,,9276,21439,s:abbots,,
Abbot's paste,,,[医] 艾波特氏糊(杀牙神经用),,,,,0,0,,,
abbot-general,,,[网络] 总院牧,,,,,0,0,,,
abbotcy,ˊæbәtsi,,n. 大修道院院长之职;管区等,,,,,0,0,,,
abbots,ˈæbəts,n. the superior of an abbey of monks,n. 男修道院院长( abbot的复数形式 ); 隐修院院长; 大寺院男住持; 男修道院院长的职务,,,,,0,0,0:abbot/1:s,,
Abbotsford,'æbətsfəd,,n. 阿博茨福德（苏格兰一城市）,,,,,0,0,,,
abbotship,ˊæbәtʃip,,n. 大修道院院长之职,,,,,0,0,,,
Abbott,'æbət,,n. 阿尔伯特（人名）；雅培（公司名）,,,,,13084,0,,,
Abbott Lawrence Lowell,,,[网络] 洛厄尔；继任者劳威尔,,,,,0,0,,,
Abbott's method,,,[医] 艾波特氏法(治疗脊柱侧凸),,,,,0,0,,,
Abbott-Miller tube,,,"[医] 艾-米二氏管, 米-艾二氏管, 双腔肠管(注入及抽出两用的肠管)",,,,,0,0,,,
Abbott-Rawson tube,,,"[医] 艾-罗二氏管(双筒管,胃肠吻合用)",,,,,0,0,,,
abbotts,'æbət,,n. 雅培（公司名）；阿尔伯特（人名）,,,,,0,0,,,
abboud,,,n. (Abboud)人名；(英、阿拉伯)阿布德,,,,,0,0,,,
abbr,'æbr,, abbreviation 缩写,,,,,0,0,,,
abbr.,,,abbr. 同“abbreviation”；同“abbreviated”\n[网络] 缩写；略语；的缩写,,,,,0,0,,,
abbrev,,,[计] 缩写,,,,,0,0,,,
abbreviate,ә'bri:vieit,v. shorten,"vt. 缩写, 使...简略, 缩短\nvi. 使用缩写词",,,,toefl gre,20690,22759,d:abbreviated/i:abbreviating/p:abbreviated/3:abbreviates,,
abbreviated,,s. (of clothing) very short\ns. cut short in duration,"[计] 缩写的, 短缩的, 简写的, 简略的, 缩略的\n[医] 减短的, 缩减的, 省略的",,,,,21124,18452,d:abbreviated/0:abbreviated/1:d,,
abbreviated address,,,"[计] 短缩的地址, 缩址",,,,,0,0,,,
abbreviated address calling,,,[计] 缩址呼叫,,,,,0,0,,,
abbreviated addressing,,,[计] 短缩编址,,,,,0,0,,,
abbreviated analysis,,,[化] 简略分析,,,,,0,0,,,
abbreviated argument,,,[计] 短缩变元,,,,,0,0,,,
abbreviated call,,,"[计] 短缩呼叫, 简呼",,,,,0,0,,,
abbreviated character,,,"[计] 简化字符, 缩写字符",,,,,0,0,,,
abbreviated dialing,,,[计] 简略拨号,,,,,0,0,,,
abbreviated form,,,"[计] 缩写形式, 简写形式",,,,,0,0,,,
abbreviated formula,,,[化] 缩写式,,,,,0,0,,,
abbreviated header,,,[计] 缩写标题,,,,,0,0,,,
abbreviated keyword,,,[计] 简缩关键字,,,,,0,0,,,
abbreviated name,,,[计] 略语名称,,,,,0,0,,,
abbreviated table,,,[计] 简缩表,,,,,0,0,,,
abbreviated volute,,,[化] 简化蜗壳,,,,,0,0,,,
abbreviates,əˈbri:vi:ˌeɪts,v reduce in scope while retaining essential elements\nv shorten,v. 使简短( abbreviate的第三人称单数 ); 缩简; 缩略; 使用缩写词,,,,,0,0,1:3/0:abbreviate,,
abbreviating,ə'briːvɪeɪt,p. pr. & vb. n. of Abbreviate,"vt. 缩写, 使省略；使简短\nvi. 使用缩写词",,,,,0,0,0:abbreviate/1:i,,
abbreviation,ә.bri:vi'eiʃәn,n. a shortened form of a word or phrase\nn. shortening something by omitting parts of it,"n. 缩写词, 缩写, 缩短, 节略",,,,cet6 toefl ielts,15465,20008,s:abbreviations,,
abbreviations,əbri:v'ɪeɪʃnz,n. a shortened form of a word or phrase\nn. shortening something by omitting parts of it,n. 缩写( abbreviation的复数形式 ); 缩写词; 略语,,,,,0,0,0:abbreviation/1:s,,
abbreviative,,,[计] 缩写,,,,,0,0,,,
abbreviative notation,,,"[计] 缩写记号, 缩写标记, 短缩表示",,,,,0,0,,,
abbreviator,ә'bri:vieitә,n one who shortens or abridges or condenses a written work,n. 缩写者,,,,,0,0,,,
abbreviators,,,使用缩写词的人( abbreviator的名词复数 ),,,,,0,0,,,
abbreviatory,"ә'bri:vi,eitәri",a. Serving or tending to abbreviate; shortening;\n   abridging.,"[计] 缩写的, 省略的, 短缩的, 简略的",,,,,0,0,,,
abbreviature of adjudication,,,[法] 裁判要旨,,,,,0,0,,,
abbroachment,ә'brәutʃmәnt,,对市场的垄断,,,,,0,0,,,
abbs,,n an urban hit squad and guerrilla group of the Communist Party in the Philippines; formed in the 1980s,abbr. 建筑论坛,,,,,0,0,,,
abby,'æbi,,n. 艾比（女子名）,,,,,39657,0,,,
abbys,'æbi,,艾比(女子名)[Abigail的昵称],,,,,0,0,,,
ABC,'eibi:'si:,n the elementary stages of any subject (usually plural),"预定章程, 美国广播公司, 澳大利亚广播公司, 字母表, 基础知识\n[计] 记帐预算计价系统, 通用插件板计算机, 美国广播公司, 自动编码系统",,2,,,12798,0,s:abcs,,
abc analysis,,,"[经] ABC分析, ABC分类控制法",,,,,0,0,,,
abc classification,,,[经] ABC分类法,,,,,0,0,,,
abc control system,,,[经] ABC存货控制制度,,,,,0,0,,,
abc sex,,"Sex only on Anniversaries, Birthdays and Christmas\n> They've been married so long they only have abc sex\n",,,,,,0,0,,,
abc universal commercial telegraphic code,,,[经] ABC世界商业电码,,,,,0,0,,,
ABC's,,,n. 基础知识；字母表 (ABC的变形),,,,,0,0,,,
abc-clio,ˌeɪbi:ˈsi: ˈklaiəu,,"abbr. American Bibliographical Center-Clio Press (Santa Barbara, California) 美国文献中心/克利俄出版社（圣巴巴拉，加利福尼亚）",,,,,0,0,,,
abc-tv,,,abbr. Australian Broadcasting Commission-television 澳大利亚广播电视委员会,,,,,0,0,,,
abcc,,,abbr. 自动亮度反差调整（automatic brightness contrast control）,,,,,0,0,,,
abcd,,,abbr. 加快收寄投递系统（Accelerated Business Collection and Delivery）,,,,,0,0,,,
abcde,,,abbr. 一个更好的CD编码器（A Better CD Encoder）,,,,,0,0,,,
abcfm,,,abbr. American Board of Commissioners for Foreign Missions 美国国外布道团委员会,,,,,0,0,,,
abchalazal,",æbkә'leizәl",,"[植]离合点的, 合点外的",,,,,0,0,,,
abciximab,,,阿昔单抗,,,,,0,0,,,
abcoulomb,æb'ku:lɔm,n. a unit of electrical charge equal to 10 coulombs,[电] 绝对库伦,,,,,0,0,,,
Abcs,,plural of ABC\nn the elementary stages of any subject (usually plural),"(ABC 的复数) 预定章程, 美国广播公司, 澳大利亚广播公司, 字母表, 基础知识\n[计] 记帐预算计价系统, 通用插件板计算机, 美国广播公司, 自动编码系统",,,,,0,0,0:abc/1:s,,
abd,,,abbr. [俚]准博士（All But Dissertation）,,,,,30001,0,,,
abd-el,,,n. (Abdel)人名；(阿拉伯、哈萨、塔吉、吉尔、乌兹、阿塞、土库、乍、塞)阿卜杜勒,,,,,0,0,,,
abdali,,,n. (Abdali)人名；(阿拉伯)阿卜杜利,,,,,0,0,,,
abdalla,,,n. (Abdalla)人名；(葡、塞)阿布达拉；(西)阿夫达利亚；(阿拉伯、坦桑)阿卜杜拉,,,,,0,0,,,
Abdallah,,,n. (Abdallah)人名；(坦桑、阿拉伯)阿卜杜拉,,,,,30126,0,,,
abde,,,abbr. airport bird-detection equipment 机场飞鸟探测设备,,,,,0,0,,,
abdeen,,,n. (Abdeen)人名；(阿拉伯)阿卜丁,,,,,0,0,,,
Abdel,,,n. (Abdel)人名；(阿拉伯、哈萨、塔吉、吉尔、乌兹、阿塞、土库、乍、塞)阿卜杜勒,,,,,29282,0,,,
abdel-aziz,,,n. (Abdelaziz)人名；(阿拉伯)阿卜杜勒-阿齐兹,,,,,0,0,,,
abdelaziz,,,n. (Abdelaziz)人名；(阿拉伯)阿卜杜勒-阿齐兹,,,,,0,0,,,
abdelhamid,,,n. (Abdelhamid)人名；(阿拉伯)阿卜杜勒-哈米德,,,,,0,0,,,
Abdelkader,,,n. (Abdelkader)人名；(阿拉伯)阿朴杜勒-卡德尔；(1808-83)阿卜杜卡迪尔〈阿尔及〉军事家。,,,,,0,0,,,
abdelkrim,,,n. (Abdelkrim)人名；(阿拉伯)阿卜杜勒-卡里姆,,,,,0,0,,,
abdella,,,n. (Abdella)人名；(索)阿卜杜拉,,,,,0,0,,,
abdellah,,,n. (Abdellah)人名；(阿拉伯)阿卜杜拉,,,,,0,0,,,
abdellatif,,,n. (Abdellatif)人名；(阿拉伯)阿卜杜勒-拉蒂夫,,,,,0,0,,,
abdelmalek,,,n. (Abdelmalek)人名；(阿拉伯)阿卜杜勒-马利克,,,,,0,0,,,
abdera,'æbdərə,,n. 阿夫季拉（古希腊色雷斯沿海一城镇）,,,,,0,0,,,
Abderhalden dryer,,,[化] 阿布德哈登干燥器; 干燥枪,,,,,0,0,,,
abderhalden's cancer serum,,,[医] 阿布德豪登氏抗癌血清,,,,,0,0,,,
Abderhalden's dialysis,,,"[医] 阿布德豪登氏透析(法), 阿布德豪登氏反应(血清酶反应)",,,,,0,0,,,
Abderhalden's reaction,,,[医] 阿布德豪登氏反应(血清酶反应),,,,,0,0,,,
Abderhalden's test,,,[医] 阿布德豪登氏试验(检孕),,,,,0,0,,,
Abderhalden-Fauser reaction,,,"[医] 阿-福二氏反应, 阿布德豪登氏反应",,,,,0,0,,,
abderite,"'æbdə,rait","n. An inhabitant of Abdera, in Thrace.",n. 愚笨者,,,,,0,0,,,
abdest,,n. Purification by washing the hands before prayer; -- a\n   Mohammedan rite.,"abbr. all but dissertation [美国英语](已修毕课程通过考试, 但尚欠论文的)准博士, 已通过博士学位的各项考核却未写博士论文者；除论文外一切资格齐备, [亦作 A.B.D.]",,,,,0,0,,,
abdi,,,n. (Abdi)人名；(阿拉伯、土、塞、阿尔巴)阿卜迪,,,,,0,0,,,
Abdias,æb'daiәs,n a Hebrew minor prophet\nn an Old Testament book telling Obadiah's prophecies; the shortest book in the Christian Bible,"n. [圣经] 希伯来的先知, 俄巴底亚书",,,,,0,0,,,
abdic,,," [医][=Adriamycin(doxorubicin)，bleomycin,dacarbazine(DIC)，CCNU(lomustine)]阿霉素、博莱霉素、氮烯唑胺、环己亚硝脲",,,,,0,0,,,
abdicable,'æbdikŋbl,s. capable of being discarded or renounced or relinquished,"a. 可放弃的, 可辞职的",,,,,0,0,,,
abdicant,'æbdikәnt,a. Abdicating; renouncing; -- followed by of.\nn. One who abdicates.,n. 退位者\na. 逊位的,,,,,0,0,,,
abdicate,'æbdikeit,"v. give up, such as power, as of monarchs and emperors, or duties and obligations","vt. 正式放弃\nvi. 退位, 退出, 辞职",,,,toefl gre,18884,19114,p:abdicated/d:abdicated/i:abdicating/3:abdicates/s:abdicates,,
abdicate the throne in favor of sb,,,把王位让给某人,,,,,0,0,,,
abdicated,'æbdɪkeɪt,imp. & p. p. of Abdicate,v. 退位；放弃,,,,,0,0,0:abdicate/1:pd/p:abdicated,,
abdicates,ˈæbdɪˌkeɪts,"v give up, such as power, as of monarchs and emperors, or duties and obligations","v. 放弃（职责、权力等）( abdicate的第三人称单数 ); 退位, 逊位",,,,,0,0,0:abdicate/1:3s,,
abdicating,'æbdɪkeɪt,p. pr. & vb. n. of Abdicate,v. 退位；放弃,,,,,0,0,0:abdicate/1:i,,
abdication,.æbdi'keiʃәn,n. a formal resignation and renunciation of powers\nn. the act of abdicating,"n. 逊位, 弃权, 辞职",,,,,19733,23972,,,
abdications,",æbdi'keiʃən",,n. 辞职；退位,,,,,0,0,,,
abdicative,,"a. Causing, or implying, abdication.",a. abdicate的变形,,,,,0,0,,,
abdicator,'æbdikeitә,n. one who formally relinquishes an office or responsibility,"n. 放弃者, 让位者\n[法] 放弃者, 弃权者",,,,,0,0,,,
abdil,,,n. (Abdil)人名；(吉尔)阿卜杜勒,,,,,0,0,,,
abdin,,,n. (Abdin)人名；(阿拉伯)阿卜丁,,,,,0,0,,,
abdirahman,,,n. (Abdirahman)人名；(阿拉伯)阿卜迪拉赫曼,,,,,0,0,,,
abditive,,,abditive (not comparable)\n(rare) Having the quality of hiding\n,,,,,0,0,,,
ABDL,,,[计] 自动二进制数据链路,,,,,0,0,,,
abdo,,,n. (Abdo)人名；(阿拉伯)阿卜杜；(葡)阿布多,,,,,0,0,,,
abdom,'æbdəm,, [医][=abdomen]腹部,,,,,0,0,,,
abdom.,,,[医] 腹[部],,,,,0,0,,,
abdomen,'æbdәmen,n. the region of the body of a vertebrate between the thorax and the pelvis,n. 腹部\n[医] 腹[部],,1,,ky,12361,9711,s:abdomens,,
abdomen obstipum,,,[医] 曲腹(腹直肌先天性短缩),,,,,0,0,,,
abdomens,ˈæbdəmənz,n. the region of the body of a vertebrate between the thorax and the pelvis\nn. the cavity containing the major viscera; in mammals it is separated from the thorax by the diaphragm,n. 腹（部）( abdomen的复数形式 ),,,,,0,0,0:abdomen/1:s,,
abdominal,æb'dɒminәl,n. the muscles of the abdomen\na. of or relating to or near the abdomen,"a. 腹部的, 有腹鳍的\n[医] 腹[部]的",,,,,9330,10520,s:abdominals,,
abdominal actinomycosis,æbˈdɔmənəl ˌæktinəumaiˈkəusis,, 腹放线菌病,,,,,0,0,,,
abdominal aneurysm,,,[医] 腹主动脉瘤,,,,,0,0,,,
abdominal aorta,æbˈdɔmənəl eɪˈɔ:tə,, 腹主动脉，主动脉腹部,,,,,0,0,,,
abdominal aortic aneurysm,,, 腹主动脉瘤,,,,,0,0,,,
abdominal aponeurosis,,,[医] 腹肌腱膜,,,,,0,0,,,
abdominal apoplexy,,,"[医] 腹部卒中, 腹腔内猝出血",,,,,0,0,,,
abdominal asthma,,,[医] 腹性气喘,,,,,0,0,,,
abdominal ballottement,,,"[医] 腹部冲击触诊[法], 间接冲击触诊[法]",,,,,0,0,,,
abdominal bandage,,,[医] 腹带,,,,,0,0,,,
abdominal belt,,,[医] 腹带,,,,,0,0,,,
abdominal breathing,,,[医] 腹式呼吸,,,,,0,0,,,
abdominal canal,,,[医] 腹股沟管,,,,,0,0,,,
abdominal cavity,æbˈdɔmənəl ˈkæviti,, 腹腔,,,,,0,0,,,
abdominal center,,,"[医] 腹[上区皮]反射中枢(脊髓), 腹腔丛",,,,,0,0,,,
abdominal colotomy,,,[医] 剖腹结肠造口术,,,,,0,0,,,
abdominal cystotomy,,,[医] 剖腹膀胱切开术,,,,,0,0,,,
abdominal delivery,,,[医] 剖腹产,,,,,0,0,,,
abdominal distention,,,[医] 腹部膨胀,,,,,0,0,,,
abdominal dropsy,,,[医] 腹水,,,,,0,0,,,
abdominal enterotomy,,,[医] 肠原性中毒,,,,,0,0,,,
abdominal epilepsy,,,[医] 腹性癫痫,,,,,0,0,,,
abdominal external oblique muscle,,,[网络] 外斜肌,,,,,0,0,,,
abdominal fissure,,,[医] 腹壁裂,,,,,0,0,,,
abdominal fistula,,,[医] 腹壁瘘,,,,,0,0,,,
abdominal ganglion,,,[医] 腹[腔]神经节,,,,,0,0,,,
abdominal gastrotomy,,,[医] 剖腹胃切开术,,,,,0,0,,,
abdominal gestation,,,[医] 腹腔妊娠,,,,,0,0,,,
abdominal heart,,,[医] 腹位心,,,,,0,0,,,
abdominal hepatotomy,,,[医] 剖腹肝切开术,,,,,0,0,,,
abdominal hernia,,,[医] 腹疝,,,,,0,0,,,
abdominal ileotomy,,,[医] 剖腹回肠切开术,,,,,0,0,,,
abdominal incision,,,"[医] 腹壁切口, 腹切开",,,,,0,0,,,
abdominal influenza,,,[医] 腹型流感,,,,,0,0,,,
abdominal injury,,,[医] 腹部损伤,,,,,0,0,,,
abdominal line,,,[医] 腹线,,,,,0,0,,,
abdominal markings,,,[医] 腹部花纹,,,,,0,0,,,
abdominal migraine,,,[医] 腹型偏头痛,,,,,0,0,,,
abdominal muscle,æbˈdɔmənəl ˈmʌsl,, 腹肌,,,,,0,0,,,
abdominal myomectomy,,,[医] 剖腹肌瘤切除术,,,,,0,0,,,
abdominal nephrectomy,,,[医] 经腹肾切除术,,,,,0,0,,,
abdominal nephrotomy,,,[医] 经腹肾切开术,,,,,0,0,,,
abdominal nerve plexus,,,[网络] 腹部神经丛,,,,,0,0,,,
abdominal neurasthenia,,,[医] 胃肠神经衰弱,,,,,0,0,,,
abdominal operation,,,[医] 腹部手术,,,,,0,0,,,
abdominal ovariectomy,,,[医] 剖腹卵巢切除术,,,,,0,0,,,
abdominal ovariotomy,,,[医] 剖腹卵巢切除术,,,,,0,0,,,
abdominal pad,,,[医] 腹部垫,,,,,0,0,,,
abdominal paracentesis,,,[医] 腹腔穿刺术,,,,,0,0,,,
abdominal phthisis,,,[医] 腹痨(肠及肠系膜淋巴结结核),,,,,0,0,,,
abdominal pool,,,[医] 腹腔郁血,,,,,0,0,,,
abdominal pregnancy,,,[医] 腹腔妊娠,,,,,0,0,,,
abdominal pressure,,,[医] 腹压,,,,,0,0,,,
abdominal ptosis,,,[医] [腹]内脏下垂,,,,,0,0,,,
abdominal pulse,,,[医] 腹部[主动脉]脉搏,,,,,0,0,,,
abdominal reflexes,,,[医] 腹[壁]反射,,,,,0,0,,,
abdominal respiration,,,[医] 腹式呼吸,,,,,0,0,,,
abdominal retractor,,,[医] 腹部牵开器,,,,,0,0,,,
abdominal ribs,,,"[医] 腹肋, 假肋",,,,,0,0,,,
abdominal sac,,,[医] 腹囊(胎儿),,,,,0,0,,,
abdominal salpingectomy,,,[医] 剖腹输卵管切除术,,,,,0,0,,,
abdominal salpingo-oophorectomy,,,[医] 剖腹输卵管卵巢切除术,,,,,0,0,,,
abdominal section,,,[医] 剖腹术,,,,,0,0,,,
abdominal segment,,,[医] 腹节(昆虫),,,,,0,0,,,
abdominal splenectomy,,,[医] 剖腹脾切除术,,,,,0,0,,,
abdominal stalk,,,[医] 腹蒂,,,,,0,0,,,
abdominal sursery,,,[医] 骨科,,,,,0,0,,,
abdominal syndrome,,,[医] 腹部综合征(小儿风湿病),,,,,0,0,,,
abdominal testis,,,[医] 腹腔睾丸,,,,,0,0,,,
abdominal tonsil,,,[医] 阑尾,,,,,0,0,,,
abdominal touch,,,[医] 腹部触诊,,,,,0,0,,,
abdominal typhus,,,[医] 伤寒,,,,,0,0,,,
abdominal version,,,[医] 外倒转术,,,,,0,0,,,
abdominal wall,,,[医] 腹壁,,,,,0,0,,,
abdominal watersheds,,,[医] 腹腔分水岭,,,,,0,0,,,
abdominal zones,,,[医] 腹区,,,,,0,0,,,
abdominalgia,,,[医] 腹痛,,,,,0,0,,,
abdominally,,,adv. 以腹部地,,,,,0,0,,,
abdominals,æb'dɔminəlz,pl.  of Abdominal,n. 腹肌（abdominal的复数）,,,,,0,0,0:abdominal/1:s,,
abdominis,,,腹肌痛,,,,,0,0,,,
abdomino,æb'dɔminәj,,"comb. form表示""腹(部)""",,,,,0,0,,,
abdomino-,,,[医] 腹,,,,,0,0,,,
abdomino-anterior,,,[医] 腹前位(子宫内胎儿的一种体位),,,,,0,0,,,
abdominocardiac reflex,,,[医] 腹心反射,,,,,0,0,,,
abdominocardiac sign,,,[医] 腹心征(起立性心脏反射),,,,,0,0,,,
abdominocentesis,"æb,dɔminәsen'ti:sis",n centesis of the belly to remove fluid for diagnosis,腹腔穿刺术,,,,,0,0,,,
abdominocystic,,,[医] 腹胆囊的,,,,,0,0,,,
abdominogenital,,,[医] 腹生殖器的,,,,,0,0,,,
abdominohysterectomy,,,"[医] 剖腹子宫切除术, 腹式子宫切除术",,,,,0,0,,,
abdominohysterotomy,,,"[医] 剖腹子宫切开术, 腹式子宫切开术",,,,,0,0,,,
abdominoperineal,,,[医] 腹会阴的,,,,,0,0,,,
abdominoperineal operation,,,[医] 腹部会阴部手术,,,,,0,0,,,
abdominoplasty,"æb'dɔminə,plæsti",,n. 腹壁整形术；腹部去脂术；腹壁成形术,,,,,0,0,,,
abdominoposterior,,,[医] 腹后位(子宫内胎儿的一种体位),,,,,0,0,,,
abdominoscopy,,n. Examination of the abdomen to detect abdominal\n   disease.,[医] 腹腔镜检法,,,,,0,0,,,
abdominoscrotal,,,[医] 腹阴囊的,,,,,0,0,,,
abdominothoracic,,"a. Relating to the abdomen and the thorax, or chest.","[医] 腹胸的, 腹部胸廓的",,,,,0,0,,,
abdominothoracic arch,,,[医] 胸腹弓,,,,,0,0,,,
abdominous,æb'dɒminәs,s. having a large belly,"a. 大肚子的, 肥胖的\n[医] 腹大的",,,,,0,0,,,
abdominousness,,,[网络] 腹部,,,,,0,0,,,
abdominouterectomy,,,"[医] 剖腹子宫切除术, 腹式子宫切除术",,,,,0,0,,,
abdominouterotomy,"æb,dɔminɔ,ju:tә'rɔtәmi",,剖腹[腹式]子宫切除术,,,,,0,0,,,
abdominovaginal,,,[医] 腹阴道的,,,,,0,0,,,
abdominovaginal hysterectomy,,,[医] 腹部阴道子宫切除术,,,,,0,0,,,
abdominovesical,,a of or relating to the abdomen and the urinary bladder,[医] 腹膀胱的,,,,,0,0,,,
abdominovesical pouch,,,[医] 腹壁膀胱陷凹,,,,,0,0,,,
abdon,'æbdən,,n. 押顿（以色列小士师之一，属以法莲支派）,,,,,0,0,,,
abdoul,,,n. (Abdoul)人名；(阿拉伯)阿卜杜勒,,,,,0,0,,,
abdoulaye,,,n. (Abdoulaye)人名；(几、塞内、马里、喀、乍、阿拉伯)阿卜杜拉耶；(尼日尔)阿卜杜拉耶,,,,,0,0,,,
abdu,,,n. (Abdu)人名；(阿拉伯)阿卜杜,,,,,0,0,,,
abduce,æb'dju:s,v advance evidence for,"v. [生理]使外转, 外展,把.引开",,,,,0,0,,,
abduced,æb'djuːs,imp. & p. p. of Abduce,vt. 使外展；把…引开,,,,,0,0,,,
abducens,æb'dju:sәnz,n a small motor nerve supplying the lateral rectus muscle of the eye,"n. [解](=abducens nerve)外展神经, 外展肌肉",,,,,0,0,,,
abducens labiorum,,,[医] 犬齿肌,,,,,0,0,,,
abducens muscle,,,[网络] 外展肌肉,,,,,0,0,,,
abducens nerve,æbˈdju:sənz nə:v,, 外展神经,,,,,0,0,,,
abducens nucleus,,,[医] [外]展神经核,,,,,0,0,,,
abducens oculi,,,[医] 眼外直肌,,,,,0,0,,,
abducens oris,,,[医] 犬齿肌(口角提肌),,,,,0,0,,,
abducens paralysis,,,[医] 展神经麻痹(眼外直肌麻痹),,,,,0,0,,,
abducent,æb'dju:sәnt,n. a small motor nerve supplying the lateral rectus muscle of the eye\na. especially of muscles; drawing away from the midline of the body or from an adjacent part,"a. 外展的\n[医] 外展的, 展",,,,,0,0,,,
abducent nerve,æbˈdju:sənt nə:v,, 展神经,,,,,0,0,,,
abducing,æb'djuːs,p. pr. & vb. n. of Abduce,vt. 使外展；把…引开,,,,,0,0,,,
abduct,æb'dʌkt,v. pull away from the body,"vt. 诱拐, 绑架, 使外展\n[医] 外展, 展",,1,,toefl gre,15203,11439,d:abducted/p:abducted/i:abducting/3:abducts,,
abducted,,v take away to an undisclosed location against their will and usually in order to extract a ransom\nv pull away from the body,[法] 诱拐,,,,,43074,31134,0:abduct/1:dp/d:abducted,,
abductee,",æbdʌk'ti:",,n. 被绑架者,,,,,0,26008,s:abductees,,
abductees,,plural of abductee,(abductee 的复数) n. 被绑架者,,,,,0,0,0:abductee/1:s,,
abducting,əb'dʌkt,p. pr. & vb. n. of Abduct,vt. 绑架；诱拐；使外展,,,,,0,0,0:abduct/1:i,,
abduction,æb'dʌkʃәn,n. the criminal act of capturing and carrying away by force a family member; if a man's wife is abducted it is a crime against the family relationship and against the wife\nn. (physiology) moving of a body part away from the central axis of the body,"n. 诱拐, 绑架, 外展\n[医] 外展, 展",,,,,12832,11033,s:abductions,,
abduction cap,,,[医] 外展帽,,,,,0,0,,,
abduction frame,,,[医] 外展支架,,,,,0,0,,,
abduction of the foot,,,[医] 足外展,,,,,0,0,,,
abduction of woman,,,[法] 勾引妇女,,,,,0,0,,,
abduction splint,,,[医] 外展夹,,,,,0,0,,,
abductions,əb'dʌkʃn,n. the criminal act of capturing and carrying away by force a family member; if a man's wife is abducted it is a crime against the family relationship and against the wife\nn. (physiology) moving of a body part away from the central axis of the body,"n. 诱拐, 绑架；诱导",,,,,0,0,0:abduction/1:s,,
abductive,,,[计] 诱导的,,,,,0,0,,,
abductive inferencing,,,[计] 诱导推理,,,,,0,0,,,
abductive reasoning,,,[计] 诱导推理,,,,,0,0,,,
abductor,æb'dʌktә,n. a muscle that draws a body part away from the median line,"n. 诱拐者, 绑架者, 外展肌\n[医] 展肌, 外展肌",,,,,38016,23683,s:abductors,,
abductor digiti quinti,,,[医] 小指(趾)展肌,,,,,0,0,,,
abductor hallucis,,,[医] ы展肌,,,,,0,0,,,
abductor muscle,,,[医] 展肌,,,,,0,0,,,
abductor paralysis,,,[医] 展肌麻痹,,,,,0,0,,,
abductor pollicis,,,[医] 拇展肌,,,,,0,0,,,
abductors,,plural of abductor\nn. a muscle that draws a body part away from the median line,"(abductor 的复数) n. 诱拐者, 绑架者, 外展肌\n[医] 展肌, 外展肌",,,,,0,0,0:abductor/1:s,,
abducts,æbˈdʌkts,v take away to an undisclosed location against their will and usually in order to extract a ransom\nv pull away from the body,"v. 劫持, 诱拐( abduct的第三人称单数 ); <生理>使（肢体等）外展",,,,,0,0,0:abduct/1:3,,
abdul,,,n. 阿卜杜勒（人名）,,,,,13220,0,,,
abdul-aziz,,,n. (Abdulaziz)人名；(哈萨、塔吉、吉尔、乌兹、土库、阿塞)阿卜杜勒阿齐兹,,,,,0,0,,,
abdul-hamid,,,n. (Abdulhamid)人名；(阿拉伯)阿卜杜勒-哈米德,,,,,0,0,,,
abdul-jabbar,æbˌdu:ldʒəˈbɑ:,, 阿布杜勒-贾霸，卡里姆（（生于 1947） 美国篮球运动员。作为洛杉矶湖人队的中锋(1975-1989年），他在1984年成为美国篮球协会(NBA)历史上得分最多的运动员),,,,,0,0,,,
abdul-rahman,,,n. (Abdulrahman)人名；(阿拉伯、坦桑)阿卜杜勒拉赫曼,,,,,0,0,,,
abdulaziz,,,n. (Abdulaziz)人名；(哈萨、塔吉、吉尔、乌兹、土库、阿塞)阿卜杜勒阿齐兹,,,,,0,0,,,
abdulla,,,n. (Abdulla)人名；(阿拉伯)阿卜杜拉；(伊朗、阿塞、哈萨、塔吉、吉尔、乌兹、土库)阿卜杜拉,,,,,0,0,,,
Abdullah,",æb'dʌlə",,n. 阿布杜拉（人名）,,,,,17851,0,,,
abdullahi,,,n. (Abdullahi)人名；(阿拉伯)阿卜杜拉希,,,,,0,0,s:abdullahi/0:abdullahi/1:s,,
abdulrahman,,,n. (Abdulrahman)人名；(阿拉伯、坦桑)阿卜杜勒拉赫曼,,,,,0,0,,,
abduls,,,n. 阿卜杜勒（人名）,,,,,0,0,,,
abdur,,,n. (Abdur)人名；(阿拉伯)阿卜杜勒,,,,,0,0,,,
abdurahman,,,n. (Abdurahman)人名；(阿拉伯)阿卜杜勒-拉赫曼,,,,,0,0,,,
abdurrahman,,,n. (Abdurrahman)人名；(土)阿卜杜勒-拉赫曼,,,,,0,0,,,
abdus,,,n. (Abdus)人名；(阿拉伯)阿卜杜勒(后续部分以S开头),,,,,0,0,,,
abe,eib,,"n. 亚伯（男子名, 等于Abraham）",,,,,28165,0,,,
Abe Lincoln,,"When an unconscious person gets jizzed on their face, gets their pubes cut and applied to their face to form a beard, then adorned with a top hat.\n> The last time a gang of transexuals Abe Lincolned Stump, he was picking various shades of pubes from his teeth for a week!\n",,,,,,0,0,,,
Abe's culture-medium,,,[医] 阿贝氏培养基(培养淋球菌),,,,,0,0,,,
abeam,ә'bi:m,r. at right angles to the length of a ship or airplane,adv. 正横(与船的龙骨成直角),,,,,0,0,,,
abear,ә'beә,v. t. To bear; to behave.\nv. t. To put up with; to endure.,"[常与can连用, 多用于否定句]忍受, 容忍",,,,,0,0,,,
abearance,ә'bi:rәns,n. Behavior.,"行动, 行为",,,,,0,0,,,
abearing,,n. Behavior.,容忍,,,,,0,0,,,
abeat,,,[网络] 一拍；难忘的圣诞假期,,,,,0,0,,,
abebe,,,n. (Abebe)人名；(埃塞)阿贝贝,,,,,0,0,,,
abecedarian,.eibi:si:'dєәriәn,n. a novice learning the rudiments of some subject\nn. a 16th century sect of Anabaptists centered in Germany who had an absolute disdain for human knowledge\ns. alphabetically arranged (as for beginning readers),"a. 字母的, 初步的\nn. 初学者, 学字母者, 启蒙老师",,,,,0,0,,,
abecedarium,.eibi:si:'dєәriәm,,"n. 入门书, 初级读物",,,,,0,0,,,
abecedarius,,,[网络] 字母离合体诗；系字母者；多篇用上离合诗,,,,,0,0,,,
abecedary,",eibi:'si:dəri","a. Pertaining to, or formed by, the letters of the\n   alphabet; alphabetic; hence, rudimentary.\nn. A primer; the first principle or rudiment of anything.",a. =abecedarian\nn. =abecedarian；=abecedarium,,,,,0,0,,,
abed,ә'bed,r. in bed,adv. 在床上,,,,,43797,27280,,,
Abednego,",æbed'ni: gәj",,"n. [宗]亚伯尼歌( 基督教《圣经》中被Nebuchadnezzar 俘获的三人之一, 从烈火的炉中走出而未受伤)",,,,,0,0,,,
abee,ə'bi:,, 阿比平纹棉毛呢,,,,,0,0,,,
Abee's support,,,"[医] 阿贝氏支持器(胸部支持器,用于心动过速)",,,,,0,0,,,
abeel,,, [人名] 阿比尔,,,,,0,0,,,
abeer,eib,,艾贝(男子名)[Abraham 的昵称],,,,,0,0,,,
Abegg rule,,,[化] 8-N规则; 阿贝格规则,,,,,0,0,,,
Abegg's rule,,,[医] 阿贝格氏规律(一切原子具有同数的价),,,,,0,0,,,
Abegg's rule of eight,,,[建] 阿贝格八值定则,,,,,0,0,,,
Abegg's rule of eightn,,,[机] 阿贝格八值定则,,,,,0,0,,,
abegging,ә'begiŋ,,a. [一般作表语] & adv.无人问津的(地),,,,,0,0,,,
abegglen,,, [人名] 阿贝格伦,,,,,0,0,,,
abel,'eibәl,n. Norwegian mathematician (1802-1829)\nn. (Old Testament) Cain and Abel were the first children of Adam and Eve born after the Fall of Man; Abel was killed by Cain,n. 亚伯（亚当和夏娃的次子）；艾贝尔（男子名）,,,,,15957,0,,,
Abel closed tester,,,[化] 阿贝耳闭式试验器,,,,,0,0,,,
Abel flash point,,,[机] 阿贝尔闪点,,,,,0,0,,,
Abel flash-point apparatusn,,,[机] 艾贝尔闪点试验器,,,,,0,0,,,
Abel fuse,,,[化] 阿贝耳引信,,,,,0,0,,,
Abel heat test,,,[化] 阿贝耳耐热试验,,,,,0,0,,,
Abel Janszoon Tasman,,,亚伯·塔斯曼（人名）,,,,,0,0,,,
Abel reagent,,,[化] 阿贝耳试剂,,,,,0,0,,,
Abel Tasman,,,[网络] 亚伯塔斯曼；航海家塔斯曼；艾贝尔塔斯曼,,,,,0,0,,,
Abel test,,,[化] 阿贝耳试验,,,,,0,0,,,
Abel tester,,,[化] 阿贝尔闪点试验器,,,,,0,0,,,
Abel's bacillus,,,"[医] 阿伯耳氏杆菌, 臭鼻克雷白氏杆菌",,,,,0,0,,,
Abel-Pensky flash point test,,,[化] 阿贝耳-彭斯基闪点试验,,,,,0,0,,,
abela,,,n. (Abela)人名；(法、意、马耳他)阿贝拉；(西)阿韦拉,,,,,0,0,,,
Abelard,"'æbə,la:d",n. French philosopher and theologian; lover of Heloise (1079-1142),n. 阿伯拉德（法国哲学家、神学家）,,,,,37661,0,,,
abele,ә'bi:l,n a poplar that is widely cultivated in the United States; has white bark and leaves with whitish undersurfaces,n. 银白杨,,,,,0,0,,,
abeles,ə'biːl; 'eɪb(ə)l,,n. [林] 银白杨\nn. (Abele)人名；(德、瑞典)阿贝勒；(意)阿贝莱；(英)埃伯利,,,,,0,0,,,
abelia,,n. any of various deciduous or evergreen ornamental shrubs of the genus Abelia having opposite simple leaves and cymes of small white or pink or purplish flowers; Asia and Mexico,六道木属,,,,,0,0,,,
Abelian,ә'bi:ljәn,n. Alt. of Abelonian,"a. 阿贝尔定理的, 交换的\n[计] 阿贝尔",,,,,0,0,,,
Abelian group,,,交换群,,,,,0,0,,,
Abelin's reaction,,,[医] 阿贝林氏反应(检尿中胂凡纳明),,,,,0,0,,,
Abelin's test,,,[医] 阿贝林氏试验(检尿中胂凡纳明),,,,,0,0,,,
abelite,,n. Alt. of Abelonian,[化] 阿贝立特炸药,,,,,0,0,,,
abell,,,艾贝尔（英格兰人姓氏）,,,,,0,0,,,
abella,,,n. (Abella)人名；(匈)奥拜洛；(西)阿韦利亚；(葡)阿贝拉,,,,,0,0,,,
Abelmoschus,,n genus of tropical coarse herbs having large lobed leaves and often yellow flowers,[医] 秋葵属,,,,,0,0,,,
Abelmoschus esculentus,,,un. 秋葵\n[网络] 咖啡黄葵；黄秋葵；大花秋蔡,,,,,0,0,,,
Abelmoschus esculentus Moench.,,,[医] 秋葵,,,,,0,0,,,
Abelmoschus manihot Medic.,,,[医] 秋葵,,,,,0,0,,,
Abelmoschus moschatus,,,[网络] 黄葵；香葵；黄葵籽,,,,,0,0,,,
abelmosk,'eibәlmɒsk,n. bushy herb of tropical Asia grown for its yellow or pink to scarlet blooms that resemble the hibiscus,n. 黄葵,,,,,0,0,,,
abeloff,,, [人名] 阿贝洛夫,,,,,0,0,,,
abels,'eibəl,,n. 亚伯（亚当和夏娃的次子）；艾贝尔（男子名）,,,,,0,0,,,
abelson,'eibəlsən,,n. 阿贝尔森（姓氏）,,,,,0,0,,,
abelsonite,,,紫四环镍; 紫四环镍矿,,,,,0,0,,,
abembryonic,",æb,embri'ɔnik",,"胚胎外的, 远胚胎的",,,,,0,0,,,
aben,,,n. (Aben)人名；(俄)阿边；(西)阿文,,,,,0,0,,,
Abenaki,",æbə'næki",n. a member of the Algonquian people of Maine and southern Quebec,n. 阿布纳基人（北美印第安人）；阿布纳基语（属印第安语群阿尔冈昆语组）,,,,,0,0,,,
abenakis,,,n. 阿布纳基人（北美印第安人）；阿布纳基语（属印第安语群阿尔冈昆语组） (Abenaki的变形),,,,,0,0,,,
ABEND,ә'bend,,"[计] 异常结束, 任务异常结束",,,,,0,0,,,
abend dump,,,[电] 异常倾印,,,,,0,0,,,
abend unrecoverable,,,[电] 不可恢复的异常终结,,,,,0,0,,,
abeng,,,[网络] 阿口崩,,,,,0,0,,,
abengoa,,,n. (Abengoa)人名；(西)阿文戈亚,,,,,0,0,,,
abenheim,,, [地名] [德国] 阿本海姆,,,,,0,0,,,
Abenquefit,,,[医] 阿本奎菲特,,,,,0,0,,,
abenteric,,,[医] 肠外的,,,,,0,0,,,
abenteric typhoid,,,[医] 肠外型伤寒,,,,,0,0,,,
abenteric typhoid fever,,,[医] 肠外型伤寒,,,,,0,0,,,
ABEOJ,,,[计] 作业异常结束,,,,,0,0,,,
Abeokuta,",æbi:'әjkәtә",,阿贝奥库塔[尼日利亚西南部城市],,,,,0,0,,,
abeooxaiceane,ebiәu'ɔkseisi:n,,十氢环氧亚甲基萘,,,,,0,0,,,
abeoyohimbane,'eibiɔiɔhimbein,,甲基降育亨烷,,,,,0,0,,,
abepithymia,,,[医] 情感淡漠; 太阳神经丛麻痹,,,,,0,0,,,
abequose,æ'bikwɔ:s,,"阿比可糖, 3-脱氧 -D-岩藻糖",,,,,0,0,,,
aber,'æbә,,"n. 河口, 汇流点",,,,,0,0,,,
abercorn,,, [人名] 阿伯康; [地名] [赞比亚] 阿伯康（姆巴拉的旧称）; [地名] [英国] 阿伯康,,,,,0,0,,,
Abercrombie,'æbəkrʌmbi,,n. 阿伯克龙比（人名）,,,,,29023,0,,,
ABERCROMBIE AND FITCH,,,阿博菲奇服装,,,,,0,0,,,
Abercrombie's degeneration,,,"[医] 阿伯克龙比氏变性, 淀粉样变性",,,,,0,0,,,
Abercrombie's syndrome,,,"[医] 艾伯克龙比氏综合征, 淀粉样变性",,,,,0,0,,,
abercrombies,,plural of abercromby,(abercromby 的复数)  [人名] [苏格兰人姓氏] 阿伯克龙比 Abercrombie的变体,,,,,0,0,0:abercromby/1:s,,
abercromby,,, [人名] [苏格兰人姓氏] 阿伯克龙比 Abercrombie的变体,,,,,0,0,s:abercrombies,,
Aberdare,",æbə'dεə",n. a mining town in southern Wales,n. 亚伯达；阿伯德尔（英国威尔士南部城镇）,,,,,42448,0,,,
aberdares,",æbə'dεə",,n. 亚伯达；阿伯德尔（英国威尔士南部城镇）,,,,,0,0,,,
aberdeen,",æbә'di:n",n. a town in western Washington\nn. a town in northeastern South Dakota\nn. a town in northeastern Maryland,n. 亚伯丁（英国苏格兰一郡 ）；苏格兰粗毛猎狐狗（等于Aberdeenterrier）,,,,,4626,0,,,
Aberdeen Angus,,,亚伯丁安格斯牛,,,,,0,0,,,
Aberdeenshire,",æbә'di:nʃә(r)",,阿伯丁郡[英国苏格兰原郡名],,,,,25999,0,,,
aberdevine,æbәdәˊvain,,n. 金翅雀,,,,,0,0,,,
Aberdonian,æbә'dәjniәn,a of or relating to Aberdeen,n. (苏格兰港市)阿伯丁人\na. 阿伯丁人的,,,,,0,0,s:aberdonians,,
Aberdonians,,plural of Aberdonian\na of or relating to Aberdeen,(Aberdonian 的复数) n.(苏格兰港市)阿伯丁人\na. 阿伯丁人的,,,,,0,0,0:aberdonian/1:s,,
Abergavenny,,,阿伯加文尼（地名）,,,,,25939,0,,,
Aberglaube,'ɑ:bәglajbә,,n. <德>迷信,,,,,0,0,,,
aberle,,,n. (Aberle)人名；(英)阿伯利；(德)阿贝勒,,,,,0,0,,,
AberMUD,,,[计] 冒险游戏的总称,,,,,0,0,,,
abernathy,,,阿伯内西（苏格兰人姓氏）,,,,,0,0,,,
abernathyite,"'æbә,næθiait",,水砷钾铀矿,,,,,0,0,,,
Abernethy,'æbәneθi,,n. 硬饼干,,,,,43539,0,,,
Abernethy's fascia,,,[医] 艾伯内西氏筋膜(覆髂外动脉上),,,,,0,0,,,
Abernethy's operation,,,[医] 艾伯内西氏手术(髂外动脉结扎术),,,,,0,0,,,
Abernethy's sarcoma,,,[医] 艾伯内西氏肉瘤(一种变性脂肪瘤),,,,,0,0,,,
aberraation of light,,,[机] 光像差,,,,,0,0,,,
aberrance,æ'berәns,n. a state or condition markedly different from the norm,"n. 偏离正路, 偏离常轨, 反常",,,,,0,0,s:aberrances,,
aberrances,,plural of aberrance\nn. a state or condition markedly different from the norm,"(aberrance 的复数) n. 偏离正路, 偏离常轨, 反常",,,,,0,0,0:aberrance/1:s,,
aberrancy,,n a state or condition markedly different from the norm,"n. 离开正路, 脱离常规",,,,,0,0,,,
aberrans,,,"[医] 迷行的, 迷乱的; 迷管",,,,,0,0,,,
aberrant,æ'berәnt,n. one whose behavior departs substantially from the norm of a group\ns. markedly different from an accepted norm,"a. 偏离正路的, 偏离常轨的, 畸变的\n[化] 异常的",,,,gre,22869,21296,,,
aberrant artery,,,[医] 迷走动脉,,,,,0,0,,,
aberrant behivior,,,[法] 不正常的行为,,,,,0,0,,,
aberrant bile ducts,,,[医] 胆迷管,,,,,0,0,,,
aberrant bundle,,,[医] 迷行束(指穹窿回峡部之神经束),,,,,0,0,,,
aberrant clone,,,[医] 失常细胞系,,,,,0,0,,,
aberrant complex,,,[医] 异常复合波(心电图),,,,,0,0,,,
aberrant cycle,,,[医] 迷行循环,,,,,0,0,,,
aberrant ganglion,,,[医] 迷行神经节(偶见于脊神经后根),,,,,0,0,,,
aberrant goiter,,,[医] 迷行性甲状腺肿,,,,,0,0,,,
aberrant personality,,,[法] 变态性格,,,,,0,0,,,
aberrant thyroid,,,[医] 异位甲状腺,,,,,0,0,,,
aberrant ureter,,,[医] 迷行输尿管,,,,,0,0,,,
aberrantly,,,"adv. 反常地, 异常地",,,,,0,0,,,
aberrate,,,[网络] 变异；异变术,,,,,0,0,,,
aberrated,'æbәreitid,v diverge from the expected\nv diverge or deviate from the straight path; produce aberration,a. 异常的,,,,,0,0,,,
aberratio,,,"[医] 象差; 迷行, 迷乱; 精神迷乱; 畸变(生物)",,,,,0,0,,,
aberratio lactis,,,"[医] 乳液迷乱, 异位乳汁分泌",,,,,0,0,,,
aberratio mensium,,,"[医] 月经迷乱, 倒经",,,,,0,0,,,
aberratio testis,,,[医] 睾丸异位,,,,,0,0,,,
aberration,æbә'reiʃәn,n. a disorder in one's mental state\nn. an optical phenomenon resulting from the failure of a lens or mirror to produce a good image,"n. 离开正路, 偏离, 畸变, 光行差, 心理失常, 色差\n[化] 光行差; 像差",,1,,gre,14308,12462,s:aberrations,,
aberration constant,,,[化] 像差常数,,,,,0,0,,,
aberrational,,a. Characterized by aberration.,"离开轨道的, 越轨的, 脱离常规的",,,,,0,44374,,,
aberrations,æbə'reɪʃnz,n. a state or condition markedly different from the norm\nn. a disorder in one's mental state\nn. an optical phenomenon resulting from the failure of a lens or mirror to produce a good image,n. 偏差( aberration的复数形式 ); 差错; 脱离常规; <心理学>心理失常,,,,,0,0,0:aberration/1:s,,
aberrometer,",ɑ:bә'rɔmitә",,象差计,,,,,0,0,,,
abert,,,n. (Abert)人名；(法)阿贝尔；(英)艾伯特；(德、捷)阿贝特,,,,,0,0,,,
abertura,,, [地名] [西班牙] 阿韦图拉,,,,,0,0,,,
Aberystwyth,",æbə'ristwiθ",,n. 阿伯里斯特威斯（英国威尔士西部自治市）,,,,,13375,0,,,
abes,eib,,n. 亚伯（男子名，等于Abraham）,,,,,0,0,,,
abeson,,,n. (Abeson)人名；(西)阿韦松,,,,,0,0,,,
abesse,,,"[法] 不出庭, 缺席, 不在",,,,,0,0,,,
abesterase,ә'bestәreis,,脂族脂酶,,,,,0,0,,,
abestrine,,,a. 石棉的,,,,,0,0,,,
abet,ә'bet,"v. assist or encourage, usually in some wrongdoing","vt. 教唆, 煽动, 怂恿, 帮助, 支持",,,,gre,14447,15345,p:abetted/i:abetting/d:abetted/3:abets,,
abet sb.in a crime,,,[法] 教唆犯罪,,,,,0,0,,,
abetalipoproteinaemia,,, [医]无β脂蛋白血症,,,,,0,0,,,
abetalipoproteinemia,əbɪtælɪpəʊprəʊti:'ni:mɪə,, 无β脂蛋白血症,,,,,0,0,,,
abete,,,n. (Abete)人名；(西)阿韦特；(意)阿贝特,,,,,0,0,p:abeted,,
abeted,,past tense of abete,(abete 的过去时) n. (Abete)人名；(西)阿韦特；(意)阿贝特,,,,,0,0,0:abete/1:p,,
abetment,ә'betmәnt,n. the verbal act of urging on,"n. 唆使, 帮助, 煽动, 怂恿, 支持\n[法] 教唆, 唆使, 教唆犯罪",,,,,0,0,,,
abets,,"v assist or encourage, usually in some wrongdoing",n. 飞机信标电子试验装置,,,,,0,0,0:abet/1:3,,
abett,әˊbet,,v. 唆使;鼓动;怂恿,,,,,0,0,,,
abettal,ә'betәl,n the verbal act of urging on,"n. 教唆, 煽动, 帮助, 支持",,,,,0,0,,,
abetted,ə'bet,imp. & p. p. of Abet,"vt. 煽动, 教唆；支持\nn. (Abet)人名；(意)阿贝特；(匈)奥拜特",,,,,0,0,0:abet/1:pd,,
abetter,ә'betә,n one who helps or encourages or incites another,"n. 唆使者, 怂恿者\n[法] 教唆者, 唆使者, 煽动者",,,,,0,0,,,
abetting,ə'bet,p. pr. & vb. n. of Abet,"vt. 煽动, 教唆；支持\nn. (Abet)人名；(意)阿贝特；(匈)奥拜特",,,,,0,0,0:abet/1:i,,
abettor,ә'betә,n. one who helps or encourages or incites another,"n. 唆使者, 怂恿者",,,,,0,0,s:abettors,,
abettors,,plural of abettor\nn. one who helps or encourages or incites another,"(abettor 的复数) n. 唆使者, 怂恿者",,,,,0,0,0:abettor/1:s,,
abevacuation,,n. A partial evacuation.,[医] 排泄失常; 转移,,,,,0,0,,,
abeyance,ә'beiәns,n. temporary cessation or suspension,"n. 中止, 暂搁, 停止, 归属待定\n[化] 潜态",,,,gre,19462,29581,,,
abeyancy,,,abeyancy (plural abeyancies)\n(rare) Abeyance.\n,,,,,0,0,,,
abeyant,ә'beiәnt,s. inactive but capable of becoming active,"a. 中止的, 暂时搁置的\n[法] 中止的, 未定的, 所有人未定的",,,,,0,0,,,
abfarad,æb'færәd,n. a capacitance unit equal to one billion farads,[电] 绝对法拉,,,,,0,0,,,
abfrontal,,,[网络] 正面,,,,,0,0,,,
abfurin,,,[医] 阿夫林,,,,,0,0,,,
abg,,,abbr. 气骨导间距（air bone gap）,,,,,0,0,,,
Abgrenzung,'ʌpgrentsjŋ,,<德> n.(主张将民主德国与联邦德国永久分离的) 分立政策,,,,,0,0,,,
abgs,,,动脉血气（arterial blood gases）,,,,,0,0,,,
ABH,,,abbr. abh血型系统（abh blood group system abh）,,,,,0,0,,,
abha,,,abbr. azelaic bis hydroxamic acid 壬二酸-二异羟氧酸,,,,,0,0,,,
abhay,,,n. (Abhay)人名；(老)阿沛,,,,,0,0,,,
abhenry,æb'henri,n. a unit of inductance equal to one billionth of a henry,[电] 绝对亨利,,,,,0,0,,,
abherent,әd'hiәrәnt,,"n. 信徒, 追随者, 拥护者",,,,,0,0,,,
abhesion,,,[化] 脱粘,,,,,0,0,,,
abhesive,,,阻粘剂,,,,,0,0,,,
abhi,,,精氨酸-b 31人胰岛素（arg-b 31 human insulin）,,,,,0,0,,,
abhidhamma,,,阿毗达摩,,,,,0,0,,,
abhinaya,,,[网络] 阿比纳亚；卡塔克舞中的表演；阿卑那亚,,,,,0,0,,,
abhisheka,,,[网络] 灌顶；灌顶仪式,,,,,0,0,,,
abhominable,æb'hɔminəbəl,a. Abominable.,a. [废语]＝abominable,,,,,0,0,,,
abhor,әb'hɒ:,v. find repugnant,"vt. 憎恶, 痛恨, 回避, 拒绝",,,,toefl gre,18438,16665,p:abhorred/3:abhors/d:abhorred/i:abhorring,,
abhorful,,,[网络] 可憎的,,,,,0,0,,,
abhorred,əb'hɔː,imp. & p. p. of Abhor,"vt. 痛恨, 憎恶",,,,,0,0,0:abhor/1:pd/p:abhorred,,
abhorrence,әb'hɒrәns,n. hate coupled with disgust,"n. 厌恶, 痛恨",,,,,32781,29710,s:abhorrences,,
abhorrences,,plural of abhorrence\nn. hate coupled with disgust,"(abhorrence 的复数) n. 厌恶, 痛恨",,,,,0,0,0:abhorrence/1:s,,
abhorrent,әb'hɒrәnt,s. offensive to the mind,"a. 令人憎恨的, 可恶的, 厌恶的, 相抵触的, 不一致的",,,,toefl gre,20689,22815,,,
abhorrently,,,adv. 令人厌恶地,,,,,0,0,,,
abhorrer,,n. a signer of a 1679 address to Charles II in which those who petitioned for the reconvening of parliament were condemned and abhorred,"n. 憎恶者, 厌恶者",,,,,0,0,,,
abhorring,,v find repugnant,v. 憎恨（厌恶）,,,,,0,0,0:abhor/1:i,,
abhorrings,,,v. 憎恨（厌恶）,,,,,0,0,,,
abhors,æbˈhɔ:z,v find repugnant,v. 憎恶( abhor的第三人称单数 ); （厌恶地）回避; 拒绝; 淘汰,,,,,0,0,0:abhor/1:3,,
abhuman,,,[网络] 亚人类,,,,,0,0,s:abhumans,,
abhyanga,,,[网络] 精油按摩；阿输吠陀治疗按摩；治疗按摩,,,,,0,0,,,
abi,,,abbr. 联合商业情报（Allied Business Intelligence）；英国保险业协会（The Association of British Insurers）；踝肱指数（Ankle Brachial Index）；应用系统二进制接口（application binary interfaces）,,,,,28480,0,,,
abia,,,n. (Abia)人名；(西)阿维亚,,,,,0,0,,,
abiathar,ə'baiəθə,,n. 亚比亚他（大卫王统治时期的犹太教大祭司）,,,,,0,0,,,
abiatrophy,,,[医] 生活力缺失,,,,,0,0,,,
abib,'eibib,"n. The first month of the Jewish ecclesiastical year,\n   corresponding nearly to our April. After the Babylonish captivity this\n   month was called Nisan.","n. 亚笔月（犹太教历的1月, 犹太民历的7月）",,,,,0,0,,,
abic,,, [医][=Adaptive Behavior Inventory for Children]儿童适应行为调查表,,,,,0,0,,,
abichite,,,[化] 光线矿,,,,,0,0,,,
abid,, of Abide,n. 阿比德（姓氏）,,,,,0,0,,,
abidance,ә'baidәns,n. the act of abiding (enduring without yielding),"n. 遵守, 持续, 居住\n[法] 遵守, 履行, 持续",,,,,0,0,,,
abidance by law,,,"[法] 遵守法律, 守法",,,,,0,0,,,
abidance by the rules,,,"[法] 遵守规则, 照章办事",,,,,0,0,,,
abide,ә'baid,v dwell\nv put up with something or somebody unpleasant,"vi. 停留, 遵守, 居留, 继续下去\nvt. 忍受, 经受, 屈从于",,1,,cet6 ky toefl gre,9496,8457,i:abiding/3:abides/p:abided/d:abided,,
abide at,,,住在…,,,,,0,0,,,
abide by,əˈbaid bai,, 遵守; 信守; 忠于（某人）; 接受,,,,,0,0,,,
abide by contact,,,[经] 遵守合同,,,,,0,0,,,
abide film,,,[机] 阳极膜,,,,,0,0,,,
abide with,,,和…同住,,,,,0,0,,,
abided,,v dwell\nv put up with something or somebody unpleasant,abide的过去式和过去分词,,,,,0,0,0:abide/1:pd,,
abider,ə'baɪd,"n. One who abides, or continues.\nn. One who dwells; a resident.","vi. 停留；逗留；等候：；保持, 继续存在；持续：\nvt. [常用于疑问句或否定句, 后接名词、代词或动词不定式]忍受, 容忍, 忍耐：；[古语]顶住；经受住：",,,,,0,0,,,
abides,əˈbaidz,v dwell\nv put up with something or somebody unpleasant,v. 容忍( abide的第三人称单数 ); 等候; 逗留; 停留,,,,,0,0,0:abide/1:3,,
abideth,,,常存（古英语）,,,,,0,0,3:abideth/0:abideth/1:3,,
abidin,,,n. (Abidin)人名；(阿拉伯、土、印尼、马来)阿比丁,,,,,0,0,,,
abiding,ә'baidiŋ,s. unceasing,"a. 永久的, 持久的, 不变的",,1,,toefl,14446,15604,0:abide/1:i/i:abiding,,
abiding place,,,"[法] 住所, 寓所, 居住地",,,,,0,0,,,
abidingly,ə'baidiŋli,adv. Permanently.,adv. 不变地；永久地,,,,,0,0,,,
abidingness,,," 持久, 永久",,,,,0,0,,,
abidjan,",æbi'dʒɑ:n",n. city recognized by the United States as the capital of the Ivory Coast; largest city of the Ivory Coast,n. 阿比让（科特迪瓦首都）,,,,,47490,0,,,
Abie,,,n. (Abie)人名；(以)阿比,,,,,30928,0,,,
abiel,,,n. (Abiel)人名；(英)埃比尔,,,,,0,0,,,
abience,,,[网络] 耐心,,,,,0,0,,,
abienic acid,,,[化] 冷杉酸,,,,,0,0,,,
abieninic acid,,,[化] 冷杉酸,,,,,0,0,,,
abienol,,,[化] 冷杉醇,,,,,0,0,,,
abient,,a characterized by avoidance or withdrawal,[医] 避开的,,,,,0,0,,,
Abies,"'æbi,i:z",n. true firs,[机] 冷杉属,,,,,0,0,0:aby/1:s,,
Abies alba,,,"[医] 欧洲冷杉, 银枞",,,,,0,0,,,
Abies amabilis,,,[网络] 太平洋银冷杉；温哥华冷杉；太平洋冷杉,,,,,0,0,,,
Abies balsamea,,,[网络] 香脂冷杉；胶冷杉；加拿大冷杉,,,,,0,0,,,
Abies balsamea Miller,,,"[医] 加拿大胶杉, 香脂冷杉",,,,,0,0,,,
Abies canadensis,,,[医] 加拿大铁杉,,,,,0,0,,,
Abies concolor,,,[网络] 科罗拉多冷杉；白冷杉；白杉,,,,,0,0,,,
Abies excelsa Poiret,,,"[医] 挪威冷杉, 针枞",,,,,0,0,,,
Abies firma,,,[医] 日本枞,,,,,0,0,,,
Abies fraseri,,,[网络] 南部香脂冷杉；弗雷泽冷杉；松科,,,,,0,0,,,
Abies grandis,,,[网络] 大冷杉；北美冷杉；巨冷杉,,,,,0,0,,,
Abies lasiocarpa,,,[网络] 高山冷杉；毛果冷杉；落杉矶冷杉,,,,,0,0,,,
Abies lowiana,,,[网络] ies,,,,,0,0,,,
Abies Mill.,,,[医] 冷杉属,,,,,0,0,,,
abies oil,,,[化] 冷杉油,,,,,0,0,,,
Abies sibirica,,,[医] 西伯利亚冷杉,,,,,0,0,,,
abietate,,,[医] 松香酸盐,,,,,0,0,,,
abietene,'æbiәti:n; æ'baiәti:n,n. A volatile oil distilled from the resin or balsam of the\n   nut pine (Pinus sabiniana) of California.,松香烯[烃],,,,,0,0,,,
abietic,,"a. Of or pertaining to the fir tree or its products; as,\n   abietic acid, called also sylvic acid.",[医] 松香的,,,,,0,0,,,
abietic acid,,,松香酸\n[化] 松香酸,,,,,0,0,,,
abietic acid anhydride,,,[医] 松香酸酐,,,,,0,0,,,
abietin,'æbiәtin,n. Alt. of Abietine,"枞树脂, 松香脂[烯]",,,,,0,0,,,
abietinal,,,枞醛,,,,,0,0,,,
abietine,'æbiәtain,"n. A resinous obtained from Strasburg turpentine or Canada\n   balsam. It is without taste or smell, is insoluble in water, but\n   soluble in alcohol (especially at the boiling point), in strong acetic\n   acid, and in ether.","(=abietinic)冷杉的, 松香素",,,,,0,0,,,
abietinic,,"a. Of or pertaining to abietin; as, abietinic acid.","[医] 枞树脂的, 松香脂的",,,,,0,0,,,
abietinic acid,,,[化] 松香亭酸,,,,,0,0,,,
abietinol,,,枞醇,,,,,0,0,,,
abietinolie acid,,,[机] 松香亭脑酸,,,,,0,0,,,
abietite,,"n. A substance resembling mannite, found in the needles of\n   the common silver fir of Europe (Abies pectinata).",[医] 银枞糖,,,,,0,0,,,
abietolic acid,,,[医] 松脂次酸,,,,,0,0,,,
abietyl,"'æbiә,til",,"松香, 松香基",,,,,0,0,,,
abietylamine,,,[化] 枞胺; 松香胺,,,,,0,0,,,
abigail,'æbigeil,n. A lady's waiting-maid.,n. 贴身使女,,,,,27968,0,s:abigails,,
abigails,,plural of abigail\nn. A lady's waiting-maid.,(abigail 的复数) n. 贴身使女,,,,,0,0,0:abigail/1:s,,
abigayle,,, [人名] 阿比盖尔,,,,,0,0,,,
abiguanil,,,[医] 磺胺胍,,,,,0,0,,,
abijah,,,阿拜贾,,,,,0,0,,,
abiko,,, [地名] [日本] 我孙子,,,,,0,0,,,
abikoviromycin,,,[化] 阿孙病毒素,,,,,0,0,,,
abil,,,n. (Abil)人名；(西)阿维尔,,,,,0,0,,,
Abila,,,[网络] 亚比拉；国际法协会美国分会,,,,,0,0,,,
abildgaard,,,n. (Abildgaard)人名；(丹)阿比尔高,,,,,0,0,,,
abilene,"'æbi,li:n",n. a city in central Texas\nn. a town in central Kansas to the west of Topeka; home of Dwight D. Eisenhower,n. 阿比林（美国城市）,,,,,0,0,,,
abili,,, [法]不在犯罪现场,,,,,0,0,,,
abilities,,n the quality of being able to perform; a quality that permits or facilitates achievement or accomplishment\nn possession of the qualities (especially mental qualities) required to do something or get something done,"n. 能力, 才能（ability的复数形式）",,,,,0,0,0:ability/1:s,,
ability,ә'biliti,n. the quality of being able to perform; a quality that permits or facilitates achievement or accomplishment\nn. possession of the qualities (especially mental qualities) required to do something or get something done,"n. 能力, 才干\n[经] 能力, 才能",,4,1,zk gk cet4 ky toefl ielts,946,783,s:abilities,,
ability to control,,,[经] 控制能力,,,,,0,0,,,
ability to pay,,,"[经] 纳税能力, 偿付能力, 购买力",,,,,0,0,,,
abilityrhone,,,[电] 万能电话,,,,,0,0,,,
abilitys,,n. the quality of being able to perform; a quality that permits or facilitates achievement or accomplishment\nn. possession of the qualities (especially mental qualities) required to do something or get something done,n. 本领,,,,,0,0,,,
abim,,, [医][=American Board of Internal Medicine]美国内科学委员会,,,,,0,0,,,
abimbola,,,n. (Abimbola)人名；(尼日利)阿宾博拉,,,,,0,0,,,
abime,,n. Alt. of Abyme,深渊\n无底洞,,,,,0,0,,,
abimelech,"ə'bimə,lek",,n. 亚比米勒（圣经中士师基甸之子）,,,,,0,0,,,
abinet vapor bath,,,[医] 蒸气室浴,,,,,0,0,,,
abing,,,AB血型[参较 ABO system],,,,,0,0,r:abinger,,
Abingdon,'æbiŋdən,,n. 阿宾顿（位于泰晤士河畔的一个古老集镇）,,,,,10910,0,,,
abinger,,comparative of abing,(abing 的比较级) AB血型[参较 ABO system],,,,,0,0,0:abing/1:r,,
abington,'æbiŋtən,,n. 阿宾顿（美国地名）,,,,,0,0,,,
abinitio,",æbi'niʃiәu",,[拉](=from the beginning)从开始起,,,,,0,0,,,
abintestate,,,[网络] ab,,,,,0,0,,,
abiochemistry,",eibaiәu'kemistri",,"n. 无机化学, 无生化学",,,,,0,0,,,
abiocoen,"'eibaiәu,si:n",,"无机生境, 生境非生物成分",,,,,0,0,,,
abiogenesis,.eibaiәu'dʒenisis,n. a hypothetical organic phenomenon by which living organisms are created from nonliving matter,"n. 自然发生论, 无生源说\n[化] 无生源说",,,,,0,0,,,
abiogenetic,.eibaiәudʒi'netik,a. originating by abiogenesis,"a. 自然发生的, 自然发生论的\n[医] 自然发生的",,,,,0,0,,,
abiogenic,eɪbaɪəʊd'ʒenɪk,,"a. 自然发生的, 无生源说的, 并非由生物体产生的",,,,,0,0,,,
abiogenically,,,adv. abiogenic的变形,,,,,0,0,,,
abiogenist,.eibai'ɒdʒinist,n. a believer in abiogenesis,n. 自然发生论者,,,,,0,0,,,
abiogenous,,a. Produced by spontaneous generation.,a. 自然发生的\n[医] 自然发生的,,,,,0,0,,,
abiogeny,",eibai'ɔdʒini",n. Same as Abiogenesis.,"n. (=abiogenesis)自然发生, 自然发生论",,,,,0,0,,,
abiola,,,n. (Abiola)人名；(尼日利)阿比奥拉,,,,,0,0,,,
abiologic,,,[医] 无生物学的,,,,,0,0,,,
abiological,.eibaiә'lɒdʒikәl,a. Pertaining to the study of inanimate things.,a. 非生物的\n[医] 无生物学的,,,,,0,0,,,
abiologically,,,adv. abiological的变形,,,,,0,0,,,
abiology,",eibai'ɔlәdʒi",,(=anorganology)非生物学,,,,,0,0,,,
abionarce,,,[医] 虚弱性迟钝,,,,,0,0,,,
abionergy,,,[医] 生活力缺失,,,,,0,0,,,
abiophysiology,"æbiә,fizi'ɔlәdʒi",,无机生理学,,,,,0,0,,,
abioseston,'eibaiәu'sestәn,,"非生物浮聚物, 非生物悬浮物",,,,,0,0,,,
abiosis,.eibai'әusis,,n. 无生命\n[医] 无生命; 生活力缺失,,,,,0,0,,,
abiotic,.eibai'ɒtik,,"a. 无生命的, 非生物的\n[医] 无生命的; 生活力缺失的",,,,,0,32028,,,
abiotically,,,非生物地,,,,,0,0,,,
abiotrophia,,,[医] 生活力缺失,,,,,0,0,,,
abiotrophic,,,[医] 生活力缺失的,,,,,0,0,,,
abiotrophic degeneration,,,"[医] 生活力缺乏性变性, 原发性变性",,,,,0,0,,,
abiotrophy,",eibai'ɔtrәfi",n a loss of vitality and a degeneration of cells and tissues not due to any apparent injury,"n. [医]营养性衰竭,生活力缺失",,,,,0,0,,,
abiquiu,,, [地名] [美国] 阿比丘,,,,,0,0,,,
abirritant,æb'iritәnt,n. A medicine that diminishes irritation.,"a. 减轻刺激的, 缓和的\n[医] 减轻刺激的, 缓和的; 缓和药",,,,,0,0,,,
abirritate,æb'iriteit,v. t. To diminish the sensibility of; to debilitate.,"vt. 减轻刺激, 缓和\n[医] 减轻刺激, 缓和",,,,,0,0,,,
abirritation,,n. A pathological condition opposite to that of\n   irritation; debility; want of strength; asthenia.,[医] 应激性减弱,,,,,0,0,,,
abirritative,,a. Characterized by abirritation or debility.,"[医] 减弱应激性的, 和缓的",,,,,0,0,,,
abish,,, [人名] 阿比什,,,,,0,0,,,
abisko,,,阿比斯库（地名）,,,,,0,0,,,
abist,,,abbr. automatic built-in self test 自动内部自测试,,,,,0,0,,,
abit,, 3d sing. pres. of Abide.,abbr. 巴西纺织工业同业公会（Brazilian Textile and Apparel Industry Association）；升技电脑公司（世界知名主板市场厂商）,,,,,0,0,,,
abitibi,,, [地名] [加拿大] 阿伯蒂比,,,,,0,0,,,
abitur,,,n. 高中会考文凭；文理中学毕业证书,,,,,0,0,,,
abiu,'æbiju:,,n. 黄金果,,,,,0,0,,,
abiuret,,,"[医] 双缩脲反应阴性的, 无双缩脲反应的",,,,,0,0,,,
abiuretic,,,"[医] 双缩脲反应阴性的, 无双缩脲反应的",,,,,0,0,,,
abizaid,,,n. (Abizaid)人名；(英)阿比扎伊德,,,,,0,0,,,
abjad,,,[网络] 辅音音素文字；辅音型的拼音文字；辅音字母,,,,,0,0,,,
abject,'æbdʒekt,s. of the most contemptible kind\ns. most unfortunate or miserable\ns. showing utter resignation or hopelessness\ns. showing humiliation or submissiveness,"a. 绝望无助的, 可怜的, 糟透的, 卑鄙的, 自卑的\n[法] 卑鄙的, 卑下的, 可怜的",,1,,toefl gre,18555,16479,,,
abject poverty,,,[法] 赤贫,,,,,0,0,,,
abjection,æb'dʒekʃәn,n a low or downcast state,"n. 卑鄙, 落魄, 抛弃, 驱逐",,,,,0,40109,,,
abjective,æb'dʒektiv,,"a. 不幸的,令人沮丧的",,,,,0,0,,,
abjectly,,r. in a hopeless resigned manner,"adv. (境况)低贱, 凄惨, 很可怜, 可鄙, 不自爱, 卑鄙, 卑下",,,,,41732,40232,,,
abjectness,,n. The state of being abject; abasement; meanness;\n   servility.,n. 悲惨（卑鄙；无耻）,,,,,0,0,,,
abjoint,æb'dʒɔint,,"分离的, 分节的",,,,,0,0,,,
abjudge,æb'dʒʌdʒ,v. t. To take away by judicial decision.,"vt. 放弃(对案件的)裁定, 不予判决, 消(案), 取消",,,,,0,0,,,
abjudicate,,"v. t. To reject by judicial sentence; also, to abjudge.",[法] 判为不法,,,,,0,0,,,
abjugate,,,"abjugate (third-person singular simple present abjugates, present participle abjugating, simple past and past participle abjugated)\n(obsolete, transitive) To unyoke; set free; uncouple.\n",,,,,0,0,,,
abjunction,æb'dʒʌŋkʃәn,,孢子切落,,,,,0,0,,,
abjuration,.æbdʒuә'reiʃәn,n a disavowal or taking back of a previous assertion,"n. 发誓断绝, 公开放弃\n[法] 宣誓放弃",,,,,0,0,,,
abjuration of the realm,,,"[法] 弃国宣誓, 出逃宣誓",,,,,0,0,,,
abjuratory,"əb'dʒurə,təri",a. Containing abjuration.,a. abjure的变形,,,,,0,0,,,
abjure,әb'dʒuә,"v. formally reject or disavow a formerly held belief, usually under pressure","vt. 发誓断绝, 公开放弃\n[法] 誓绝, 弃绝, 公开放弃",,,,gre,35014,30718,d:abjured/i:abjuring/p:abjured/s:abjures/3:abjures,,
abjured,əb'dʒʊə; əb'dʒɔː,imp. & p. p. of Abjure,vt. 发誓放弃；公开放弃；避免,,,,,0,0,0:abjure/1:dp,,
abjurer,,n. a person who abjures,"n. 发誓弃绝者, 正式放弃者",,,,,0,0,,,
abjures,æbˈdʒʊəz,"v formally reject or disavow a formerly held belief, usually under pressure",v. 发誓放弃( abjure的第三人称单数 ); 郑重放弃（意见）; 宣布撤回（声明等）; 避免,,,,,0,0,0:abjure/1:s3,,
abjuring,əb'dʒʊə; əb'dʒɔː,p. pr. & vb. n. of Abjure,vt. 发誓放弃；公开放弃；避免,,,,,0,0,0:abjure/1:i,,
abjustment,,,调节,,,,,0,0,,,
abkery,,,[机] 面包房,,,,,0,0,,,
Abkhas,,,[网络] 阿布哈斯,,,,,0,0,,,
Abkhasian,,,[网络] 阿布哈西亚,,,,,0,0,,,
abkhaz,"æbˈkæz, ɑ:bˈkɑ:z",,n. 阿伯卡茨人族，阿伯卡茨人，阿伯卡茨语,,,,,0,0,,,
Abkhazia,"æb'keiʒə, -zi:ə, -'ka:-, a:b-",n an autonomous province of Georgia on the Black Sea; a strong independence movement has resulted in much instability,n. 阿布哈兹（格鲁吉亚的一个自治地区）,,,,,31455,0,,,
abkhazian,"æbˈkeɪʒən, -zi:ən, -ˈkɑ:-, ɑ:b-",n. a member of the Circassian people who live to the east of the Black Sea\nn. a Circassian language spoken by the Abkhaz\na. of or relating to Abkazia or its people or their language,n. & adj. 阿布哈西亚人[语]（的）,,,,,0,0,s:abkhazians,,
abkhazians,"æb'kei,zi:ən",n. a member of the Circassian people who live to the east of the Black Sea\nn. a Circassian language spoken by the Abkhaz,a. 阿布哈西亚的\nn. 阿布哈西亚语；阿布哈西亚人,,,,,0,0,0:abkhazian/1:s,,
abkhazite,æb'kɑ:zait,,透闪石棉,,,,,0,0,,,
ABL,,,[计] 结构框图语言,,,,,33242,0,t:ablest/r:abler,,
abla,,,abbr. Amateur Bicycle League of America 美国自行车运动业余爱好者联合会; American Blind Lawyers Association 美国盲人律师协会; American Business Law Association 美国企业法协会,,,,,0,0,,,
ablactate,æb'lækteit,v. t. To wean.,vt. 使断奶,,,,,0,0,,,
ablactation,.æblæk'teiʃәn,n. the cessation of lactation,n. 断奶\n[医] 断乳,,,,,0,0,,,
ablard,,, [人名] 阿布拉德,,,,,0,0,,,
ablare,,,喧闹的,,,,,0,0,,,
ablastemic,"ei,blæs'temik",a. Non-germinal.,"非芽生的, 不发芽的",,,,,0,0,,,
ablastin,әb'læstin,,n. [生]抑殖素,,,,,0,0,,,
ablastmycin,",æblæst'maisin",,除瘟霉素,,,,,0,0,,,
ablastous,әb'læstәs,,无芽的,,,,,0,0,,,
ablatant,æb'leitәnt,,"烧蚀材料, 烧蚀层",,,,,0,0,,,
ablate,æb'leit,v. wear away through erosion or vaporization\nv. remove an organ or bodily structure,"v. 切除, 腐蚀, 溶化掉, 烧蚀",,,,,0,44849,d:ablated/p:ablated/s:ablates/i:ablating/3:ablates,,
ablated,æbˈleitid,v wear away through erosion or vaporization\nv remove an organ or bodily structure\ns made smaller or less by melting or erosion or vaporization,v. 融化( ablate的过去式和过去分词 ),,,,,0,0,0:ablate/1:dp,,
ablaters,,,防腐蚀料,,,,,0,0,,,
ablates,æbˈleits,v wear away through erosion or vaporization\nv remove an organ or bodily structure,v. 融化( ablate的第三人称单数 ),,,,,0,0,1:s3/0:ablate,,
ablating,,v wear away through erosion or vaporization\nv remove an organ or bodily structure,a. 烧蚀的,,,,,0,0,1:i/0:ablate,,
ablatio,,,[医] 脱离; 部分切除[术],,,,,0,0,,,
ablatio placentae,,,[医] 胎盘[早期]脱离,,,,,0,0,,,
ablatio retinae,,,[医] 视网膜脱离,,,,,0,0,,,
ablation,æb'leiʃәn,n. surgical removal of a body part or tissue\nn. the erosive process that reduces the size of glaciers,"n. 腐蚀, 切除, 烧蚀\n[化] 烧蚀",,,,,30007,29091,s:ablations,,
ablations,,plural of ablation\nn. surgical removal of a body part or tissue\nn. the erosive process that reduces the size of glaciers,"(ablation 的复数) n. 腐蚀, 切除, 烧蚀\n[化] 烧蚀",,,,,0,0,0:ablation/1:s,,
ablatitious,æblə'tiʃəs,"a. Diminishing; as, an ablatitious force.",a. 消融的；磨蚀的；切除(术)的；【天体物理学】可烧蚀的(＝ ablative),,,,,0,0,,,
ablatival,",æblә'taivәl",,a. 离格的,,,,,0,0,,,
ablative,'æblәtiv,n. the case indicating the agent in passive sentences or the instrument or manner or place of the action described by the verb\na. relating to the ablative case\ns. tending to ablate; i.e. to be removed or vaporized at very high temperature,a. 夺格的\nn. 夺格,,,,,0,39014,,,
ablative absolute,ˈæblətiv ˈæbsəlju:t,,"n. 绝对离格（在拉丁文语法中, 在句法上独立于句子其他部分的副词词组及包含一个名词加上一个分词、形容词或名词, 都为离格）",,,,,0,0,,,
ablative case,,,[网络] 离格；夺格；分格,,,,,0,0,,,
ablative coatings,,,[化] 烧蚀隔热涂料,,,,,0,0,,,
ablative material,,,[化] 烧蚀材料,,,,,0,0,,,
ablative polymer,,,[化] 烧蚀聚合物(如硅橡胶),,,,,0,0,,,
ablatively,,,adv. ablative的变形,,,,,0,0,,,
ablatograph,æ'blætә^rɑ:f,,融化测量仪,,,,,0,0,,,
ablator,æb'leitә,,"n. [空]烧蚀挡板(太空船外部的防热物质),烧灼体,烧灼材料",,,,,0,0,,,
ablaut,'æblaut,n. a vowel whose quality or length is changed to indicate linguistic distinctions (such as sing sang sung song),n. 元音交替,,,,,0,0,,,
ablaze,ә'bleiz,s. keenly excited (especially sexually) or indicating excitement\ns. lighted up by or as by fire or flame\ns. resembling flame in brilliance or color\ns. lighted with red light as if with flames,"a. 着火的, 闪亮的, 激昂的\nadv. 着火, 闪耀",,1,,toefl,15022,16903,,,
able,'eibl,a. (usually followed by `to') having the necessary means or skill or know-how or authority to do something\ns. have the skills and qualifications to do things well\ns. having inherent physical or mental ability or capacity\ns. having a strong healthy body,"a. 能干的, 能够的",,5,1,zk gk,295,385,,,
able seaman,ˈeibl ˈsi:mən,, 一等水兵,,,,,0,0,,,
able-bodied,,s having a strong healthy body,"a. 强壮的, 强健的, 熟练的\n[法] 身心健康的",,,,,0,0,,,
able-bodied seaman,,,"[法] 合格水手, 二等水兵, 一等水兵",,,,,0,0,,,
able-bodiedism,,,[网络] 主义；歧视残疾人；膂力主义,,,,,0,0,,,
able-bodism,,,[网络] 歧视残疾人,,,,,0,0,,,
able-minded,,a. Having much intellectual power.,a. 能干的,,,,,0,0,,,
ablebodied,ˊeiblˊbɒdid,,"a. 强壮的,强健的",,,,,0,0,,,
abled,'eibld,,"a. [前面往往带副词] (体格)强壮的, 身体(或体格)健全的；无残疾的",,,,,0,0,p:abled/0:abled/1:p,,
ablegate,'æblәgeit,"v. t. To send abroad.\nn. A representative of the pope charged with important\n   commissions in foreign countries, one of his duties being to bring to a\n   newly named cardinal his insignia of office.","n. 天主教教宗为某特殊任务而派遣外地之特使,罗马教皇特使",,,,,0,0,,,
ableism,ˈeɪblɪzəm,n. discrimination in favor of the able-bodied,"n. 健全至上（对能力缺失者的歧视或偏见, 尤指针对身体残障人士）",,,,,0,0,,,
ablepharia,,n a congenital absence of eyelids (partial or complete),[医] 无睑[畸形],,,,,0,0,,,
ablepharon,,,[医] 无睑[畸形],,,,,0,0,,,
ablepharous,,,[医] 无睑的,,,,,0,0,,,
ablepharus,,,[医] 无睑畸胎,,,,,0,0,,,
ablephary,,,[医] 无睑[畸形],,,,,0,0,,,
ablepsia,,,盲; 目盲; 视觉缺失,,,,,0,0,,,
ablepsy,,n. Blindness.,"[医] 视觉缺失, 盲",,,,,0,0,,,
abler,,a. comp. of Able.\na. superl. of Able.,n. 阿伯勒（男子名）,,,,,0,0,0:abl/1:r,,
ables,,, 埃布尔斯,,,,,0,0,,,
ablest,ˈeɪblɪst,a. (usually followed by `to') having the necessary means or skill or know-how or authority to do something\ns. have the skills and qualifications to do things well\ns. having inherent physical or mental ability or capacity,a. 能够…的( able的最高级 ); 得以…的; 有才干的; 有本事的,,,,,0,0,0:abl/1:t,,
ablieninic acid,,,[机] 冷杉酸,,,,,0,0,,,
ablin,,, [人名] 埃布林,,,,,0,0,,,
ablins,'eiblinz,adv. Perhaps.\nadv. Perhaps; possibly.,"adv. <苏>也许, 大概",,,,,0,0,,,
ablism,'eiblizm; 'eibəlizəm,,n. =ableism,,,,,0,0,,,
ablon,,,abbr. abalone 鲍鱼（软体动物）,,,,,0,0,,,
abloom,ә'blu:m,s. bursting into flower,adv. 开着花\na. 开花的,,,,,0,0,,,
ablow,ə'bləu,,"adv., adj. [通常作表语]刮着风",,,,,0,0,,,
ABLP,,,[计] 自适应二进制装入程序,,,,,0,0,,,
abls,,,abbr. 阿特拉斯计算机基本语言（Atlas Basic Language）；离格的（等于ablative）,,,,,0,0,,,
ablsolute calibration,,,[电] 绝对校准,,,,,0,0,,,
abluent,'æbluәnt,a. Washing away; carrying off impurities; detergent.\nn. A detergent.,a. 洗涤的\nn. 洗洁剂,,,,,0,0,,,
ablush,ә'blʌʃ,adv. & a. Blushing; ruddy.,a. 脸红的\nadv. 脸红,,,,,0,0,,,
abluted,ә'blu:tid,,"a. 被洗净的, 被冲洗掉的",,,,,0,0,,,
ablution,ә'blu:ʃәn,n. the ritual washing of a priest's hands or of sacred vessels,"n. 洗澡, 洗礼, 斋戒沐浴\n[化] 洗净; 洗净液",,,,toefl gre,34589,31213,s:ablutions,,
ablutionary,əb'lu:ʃnəri,a. Pertaining to ablution.,a. 沐浴的；斋戒沐浴的；洗礼的,,,,,0,0,,,
ablutions,,n the ritual washing of a priest's hands or of sacred vessels,n. 沐浴,,,,,0,0,0:ablution/1:s,,
ablutolmania,,,[医] 清洗癖,,,,,0,0,,,
ably,'eibli,r with competence; in a competent capable manner,"adv. 能干地, 精明强干地",,,,,19504,21469,,,
ablykite,'æblikait,,阿布石,,,,,0,0,,,
ABM,ei bi:'em,n a defensive missile designed to shoot down incoming intercontinental ballistic missiles,反弹道导弹\n[计] 异步平衡方式,,,,,43900,0,,,
abma,,,abbr. 美国锅炉制造商协会（American Boiler Manufacturers Association）；陆军弹道导弹局（Army Ballistic Missile Agency）；美国轴承制造商协会（American Bearing Manufacturers Association）,,,,,0,0,,,
abman,'æbmәn,,"体臭质, 体臭媒",,,,,0,0,,,
abmho,'æbmәu,,CGS电磁制姆欧(等于10+[9]姆欧),,,,,0,0,,,
abmicropylar,"æb,maikrә'pailә",,[植]远珠孔的,,,,,0,0,,,
abmigrate,,,[网络] 放弃,,,,,0,0,,,
abmigration,",æbmai'^reiʃәn",,n. 反常迁徙(指去秋不曾南飞候鸟今夏的北飞),,,,,0,0,,,
abmortal,æb'mɔ:tәl,,来自损伤部的(电流),,,,,0,0,,,
Abms,,n a defensive missile designed to shoot down incoming intercontinental ballistic missiles,[经] 美国金属统计局,,,,,0,0,,,
abmt,,, [医][=allogeneic bone marrow transplantation]同种骨髓移植,,,,,0,0,,,
abn,'æbn,,abbr. abducent nerve 外展神经; airborne 空降的; 空中的; 机上的,,,,,0,0,,,
Abnaki,әb'nɑ:ki,n a member of the Algonquian people of Maine and southern Quebec\nn the Algonquian language spoken by the Abnaki and Penobscot\na of or relating to the Abnakis or their language,"n. (北美印第安)阿布纳基族, 阿布纳基人(语)",,,,,0,0,,,
abnegate,'æbnigeit,v. surrender (power or a position)\nv. deny or renounce,"vt. 放弃, 舍弃, 克制(欲望)",,,,gre,0,0,d:abnegated/i:abnegating/p:abnegated/3:abnegates,,
abnegated,'æbnɪgeɪt,imp. & p. p. of Abnegate,vt. 放弃；舍弃；禁忌,,,,,0,0,1:dp/0:abnegate,,
abnegates,ˈæbniɡeits,"v deny oneself (something); restrain, especially from indulging in some pleasure\nv surrender (power or a position)\nv deny or renounce",v. 放弃( abnegate的第三人称单数 ),,,,,0,0,1:3/0:abnegate,,
abnegating,'æbnɪgeɪt,p. pr. & vb. n. of Abnegate,vt. 放弃；舍弃；禁忌,,,,,0,0,1:i/0:abnegate,,
abnegation,.æbni'geiʃәn,n. the denial and rejection of a doctrine or belief\nn. renunciation of your own interests in favor of the interests of others,"n. 放弃, 舍弃, 克制",,,,gre,46637,42346,,,
abnegator,,n. one who gives up or relinquishes or renounces something,"n. 克制者, 放弃者",,,,,0,0,,,
abner,'æbnə,,n. 艾伯纳（男子名）,,,,,0,0,,,
Abner Doubleday,,,n. 阿布纳·道布尔迪,,,,,0,0,,,
abnerval,әb'nә:vәl,,来自神经的(电流),,,,,0,0,,,
abnerval current,,,[医] 离神经电流,,,,,0,0,,,
abneural,әb'njuәrәl,,神经外的,,,,,0,0,,,
Abney,,,阿布尼,,,,,0,0,,,
Abney clinometer,,,[化] 阿布尼测斜器,,,,,0,0,,,
Abney level,,,手水准仪；阿布尼水准器；阿伯尼水准仪；阿布尼水平器,,,,,0,0,,,
abnormal,æb'nɒ:mәl,a. not normal; not typical or usual or regular or conforming to a norm\na. departing from the normal in e.g. intelligence and development\ns. much greater than the normal,"a. 反常的, 不规则的, 变态的, 畸形的\nn. 畸形的人",,1,,gk cet4 cet6 ky toefl ielts,6548,8241,s:abnormals,,
abnormal address,,,[计] 异常地址,,,,,0,0,,,
abnormal arch,,,[医] 异常弓,,,,,0,0,,,
abnormal attribute,,,[计] 异常属性,,,,,0,0,,,
abnormal bale,,,[机] 不正常包捆,,,,,0,0,,,
abnormal condition,,,[计] 异常情况,,,,,0,0,,,
abnormal costs,,,[经] 非正常成本,,,,,0,0,,,
abnormal density,,,[机] 反常密度,,,,,0,0,,,
abnormal depreciation,,,"[经] 特别折旧, 非常折旧",,,,,0,0,,,
abnormal distribution,,,[化] 非正态分布,,,,,0,0,,,
abnormal dump,,,[计] 异常转储,,,,,0,0,,,
abnormal end,,,[计] 异常结束,,,,,0,0,,,
abnormal exchange,,,[经] 非常行市,,,,,0,0,,,
abnormal exit,,,[计] 异常出口,,,,,0,0,,,
abnormal fertilization,,,[医] 反常受精,,,,,0,0,,,
abnormal function,,,[计] 异常函数,,,,,0,0,,,
abnormal gains,,,[经] 非常收益,,,,,0,0,,,
abnormal glow,,,[电] 不正常辉光,,,,,0,0,,,
abnormal glow discharge,,,[电] 异常辉光放电,,,,,0,0,,,
abnormal information,,,[计] 异常信息,,,,,0,0,,,
abnormal item,,,"[经] 非常项目, 特殊项目",,,,,0,0,,,
abnormal load,,,[化] 不规则载荷,,,,,0,0,,,
abnormal losses,,,"[经] 非常损失, 非正常损失",,,,,0,0,,,
abnormal occlusion,,,[医] 异常Ж,,,,,0,0,,,
abnormal operation,,,[化] 不正常操作; 异常运行,,,,,0,0,,,
abnormal perception,,,[医] 知觉异常,,,,,0,0,,,
abnormal person,,,[法] 变态的人,,,,,0,0,,,
abnormal phenomenon,,,[法] 反常现象,,,,,0,0,,,
abnormal polychromate,,,"[医] 异常色觉者, 色觉弱者",,,,,0,0,,,
abnormal propagation,,,[电] 不正常传播,,,,,0,0,,,
abnormal psychology,,,[医] 变态心理学,,,,,0,0,,,
abnormal reaction,,,[化] 非正常反应,,,,,0,0,,,
abnormal release,,,[计] 异常释放,,,,,0,0,,,
abnormal retinal correspondence,,,[医] 视网膜异常对应,,,,,0,0,,,
abnormal return,,,[计] 异常返回,,,,,0,0,,,
abnormal return address,,,[计] 异常返回地址,,,,,0,0,,,
abnormal risk,,,[经] 不平常的风险,,,,,0,0,,,
abnormal secretion,,,[医] 异常分泌,,,,,0,0,,,
abnormal sensation,,,"[医] 感觉异常, 感觉倒错",,,,,0,0,,,
abnormal sexuality,,,[法] 变态性欲,,,,,0,0,,,
abnormal spoilage,,,"[经] 非常损坏, 非正常损害, 非正常废品损失",,,,,0,0,,,
abnormal statement,,,[计] 异常语句,,,,,0,0,,,
abnormal steel,,,[机] 异常钢,,,,,0,0,,,
abnormal structure,,,[机] 异常组织,,,,,0,0,,,
abnormal task termination,,,"[计] 异常任务终结, 异常任务终止",,,,,0,0,,,
abnormal termination,,,[计] 异常终结,,,,,0,0,,,
abnormal voltage,,,[机] 异常电压,,,,,0,0,,,
abnormalcy,əb'nɔ:məlsɪ,,n. 反常，畸形,,,,,0,0,,,
abnormalism,,,"[计] 异常性, 反常状态",,,,,0,0,,,
abnormalities,",æbnɔ:'mælitiz",pl.  of Abnormality,n. 畸形；异常情况（abnormality的复数形式）,,,,,0,0,0:abnormality/1:s,,
abnormality,.æbnɒ:'mæliti,n. an abnormal physical condition resulting from defective genes or developmental deficiencies\nn. retardation sufficient to fall outside the normal range of intelligence\nn. marked strangeness as a consequence of being abnormal\nn. behavior that breaches the rule or etiquette or custom or morality,"n. 反常, 畸形, 变态\n[化] 反常; 非正态性",,1,,,7380,11416,s:abnormalities,,
abnormality of mind,,,[法] 精神失常,,,,,0,0,,,
abnormalize,æbˊnɒːmәlaiz,,使反常,,,,,0,0,,,
abnormally,,r. in an abnormal manner,"adv. 不正常, 异常, (贬)不同寻常, 不规则, 变态, 反常",,,,,15669,18892,,,
abnormally flat,,,[化] 反差过小(照相化学),,,,,0,0,,,
abnormals,,plural of abnormal\na. not normal; not typical or usual or regular or conforming to a norm\na. departing from the normal in e.g. intelligence and development\ns. much greater than the normal,"(abnormal 的复数) a. 反常的, 不规则的, 变态的, 畸形的\nn. 畸形的人",,,,,0,0,0:abnormal/1:s,,
abnormities,æb'nɔːmɪtɪ,pl.  of Abnormity,n. 异常；异形；不规则；畸形,,,,,0,0,,,
abnormity,æb'nɔ:mәti,n. Departure from the ordinary type; irregularity;\n   monstrosity.,"n. 异常,不规则,异形",,,,,0,0,,,
abnormous,,a. Abnormal; irregular.,a. 异常的；变态的,,,,,0,0,,,
ABO,'æbәu,n a dark-skinned member of a race of people living in Australia when Europeans arrived,[医] ABO分型法(血型),,,,,45562,0,s:abos,,
ABO antibodies,,,[网络] ABO抗体,,,,,0,0,,,
ABO blood group system,,,ABO血型系统,,,,,0,0,,,
ABO group,,,[网络] 血型,,,,,0,0,,,
ABO system,,,ABO血型系统,,,,,0,0,,,
aboaclusion,",æbɔ'klu:ʒәn",,"无咬合, 咬合不密",,,,,0,0,,,
aboard,ә'bɒ:d,"r. on a ship, train, plane or other vehicle\nr. on first or second or third base\nr. side by side\nr. part of a group","adv. 在船上, 在火车上, 在飞机上\nprep. 在...之上",,2,,gk cet4 ky toefl,7625,4984,,,
aboardage,ә'bɔ:didʒ,,n. 两船接近于平行时的相撞,,,,,0,0,,,
ABOB,,,[化] 吗啉胍; 吗啉双胍,,,,,0,0,,,
abobbed,,,[网络] 。。。,,,,,0,0,,,
abocclusion,,n the condition in which the upper teeth do not touch the lower teeth when biting,"[医] Ж不密, 咬合不密",,,,,0,0,,,
abode,ә'bәud,n any address at which you dwell more than temporarily\nn housing that someone is living in\nv dwell\nv put up with something or somebody unpleasant,"n. 住所, 住处\nabide的过去式和过去分词",,,,,14966,19221,1:pd/0:abide/s:abodes,,
abode at,,,"住在…,居于…",,,,,0,0,,,
abodement,,n. A foreboding; an omen.,n. 住处；营业所 (abode的变形),,,,,0,0,,,
abodes,əˈbəʊdz,n. any address at which you dwell more than temporarily\nn. housing that someone is living in,n. 住所( abode的复数形式 ); 公寓; <古>（在某地的）暂住; 逗留,,,,,0,0,0:abode/1:s,,
aboding,ə'bəʊd,n. A foreboding.,n. 住处；营业所\nv. 遵守；停留；忍受（abide的过去分词）,,,,,0,0,,,
abogado,ə'bɒɡədəʊ,, [西]律师，法律顾问,,,,,0,0,,,
abohm,æ'bәum,n. a unit of resistance equal to a billionth of an ohm,[电] 绝对单位欧姆,,,,,0,0,,,
aboideau,",ɑ:bwɑ:'dәu",,"n. 低地防潮之堤坝, 水闸",,,,,0,0,,,
aboiement,,,[医] 吠声,,,,,0,0,,,
aboil,ә'bɒil,,"a. 沸腾的, 激烈的\nadv. 沸腾地, 激烈地",,,,,0,0,,,
aboiteau,'æbәtәj,,"n. 低地防潮之堤坝, 水闸",,,,,0,0,,,
abolish,ә'bɒliʃ,v. do away with,"vt. 废止, 革除, 消灭\n[经] 废除, 取消, 裁撤",,2,,gk cet6 ky toefl ielts gre,3736,7490,d:abolished/i:abolishing/p:abolished/3:abolishes,,
abolishable,ә'bɒliʃәbl,s. capable of being abolished,"a. 可废止的, 可废除的\n[法] 可废止的, 可废除的, 可撤销的",,,,,0,0,,,
abolished,,imp. & p. p. of Abolish,v. 彻底废除；摧毁（abolish的过去分词）\na. 废除的,,,,,0,0,0:abolish/1:dp/d:abolished,,
abolisher,ә'bɒliʃә,n. One who abolishes.,"n. 废除者\n[法] 废除者, 撤销者",,,,,0,0,,,
abolishes,əˈbɔliʃiz,v do away with,"v. 废除, 废止( abolish的第三人称单数 )",,,,,0,0,0:abolish/1:3,,
abolishing,ə'bɒlɪʃ,p. pr. & vb. n. of Abolish,"vt. 废除, 废止；取消, 革除",,,,,0,0,0:abolish/1:i/i:abolishing,,
abolishment,ә'bɒliʃmәnt,n the act of abolishing a system or practice or institution (especially abolishing slavery),"n. 废止, 革除, 消灭\n[法] 废止, 废除, 取消",,,,,0,34828,,,
abolishment of law,,,[法] 法律的废止,,,,,0,0,,,
abolition,.æbәu'liʃәn,n. the act of abolishing a system or practice or institution (especially abolishing slavery),"n. 废除, 废奴运动\n[医] 禁止, 消失",,,,toefl gre,5158,13737,,,
abolition of reflex,,,[医] 反射消失,,,,,0,0,,,
abolitionary,,,[网络] 废除,,,,,0,0,,,
abolitionism,.æbәu'liʃәnizәm,n. the doctrine that calls for the abolition of slavery,"n. 废除主义, 废奴主义\n[医] 活体解剖禁止论",,,,,0,38308,,,
abolitionist,.æbәu'liʃәnist,n. a reformer who favors abolishing slavery,"n. 废除主义者, 废奴主义者",,,,toefl,17978,17150,s:abolitionists,,
abolitionists,ˌæbəˈlɪʃɵnɪsts,n. a reformer who favors abolishing slavery,"n. 废除主义者, 废奴主义者( abolitionist的复数形式 )",,,,,0,0,0:abolitionist/1:s,,
abolitionize,",æbə'liʃə,naiz",v. t. To imbue with the principles of abolitionism.,vt. [主美国英语] (尤指美国南北战争)使推行废奴主义政策；使信奉废奴主义 (＝ abolitionise),,,,,0,0,,,
abolium,ә'bɔliәm,,碳氢化物油类,,,,,0,0,,,
abomasa,,,abomasum的复数,,,,,0,0,,,
abomasal,",æbəʊ'meɪsəl",a relating to the abomasum (the fourth compartment of the stomach of ruminants), 皱胃,,,,,0,0,,,
abomasitis,,,[医] 皱胃炎,,,,,0,0,,,
abomasum,",æbә'meisәm",n the fourth compartment of the stomach of a ruminant; the one where digestion takes place,n. 皱胃(反刍动物胃的第四部分),,,,,0,0,,,
abomasus,,"n. The fourth or digestive stomach of a ruminant, which\n   leads from the third stomach omasum. See Ruminantia.",[医] 皱胃,,,,,0,0,,,
Abomey,",æbə'mei; ə'bɔmi",,n. 阿波美（贝宁南部城市）,,,,,0,0,,,
abominable,ә'bɒminәbl,s. unequivocally detestable,"a. 讨厌的, 令人憎恶的",,,,,20502,22568,,,
abominable crime,,,[法] 可鄙的罪行,,,,,0,0,,,
abominable offence,,,"[法] 可憎的罪行, 可鄙的罪行",,,,,0,0,,,
abominable snowman,,,"n. 雪人, 喜马拉雅雪人",,,,,0,0,,,
abominableness,,n. The quality or state of being abominable;\n   odiousness.,n. abominable的变形,,,,,0,0,,,
abominably,ә'bɒminәbli,r in an offensive and hateful manner\nr in a terrible manner,"adv. 可恶地, 讨厌地, 极端地",,,,,39631,37795,,,
abominate,ә'bɒmineit,v find repugnant,"vt. 厌恶, 憎恶",,,,gre,0,0,p:abominated/3:abominates/i:abominating/d:abominated,,
abominated,ə'bɒmɪneɪt,imp. & p. p. of Abominate,vt. 痛恨；憎恶,,,,,0,0,1:pd/0:abominate/p:abominated,,
abominates,əˈbɔməˌneɪts,v find repugnant,"v. 憎恶, 厌恶, 不喜欢( abominate的第三人称单数 )",,,,,0,0,0:abominate/1:3,,
abominating,ə'bɒmɪneɪt,p. pr. & vb. n. of Abominate,vt. 痛恨；憎恶,,,,,0,0,1:i/0:abominate,,
abomination,ә.bɒmi'neiʃәn,n. a person who is loathsome or disgusting\nn. an action that is vicious or vile; an action that arouses disgust or abhorrence,"n. 厌恶, 痛恶, 令人厌恶的事物",,,,,22769,19107,s:abominations,,
abominations,əˌbɔməˈneɪʃənz,n. a person who is loathsome or disgusting\nn. hate coupled with disgust\nn. an action that is vicious or vile; an action that arouses disgust or abhorrence,n. 嫌恶( abomination的复数形式 ); 深恶痛绝; 令人憎恶的人或事物; 可憎恶的或卑劣的习惯或行为,,,,,0,0,0:abomination/1:s,,
abominator,,n. one who hates or loathes,n. 厌恶者,,,,,0,0,,,
abondoned goods,,,[经] 无主货物(商品),,,,,0,0,,,
abondoned oil,,,[经] 遗弃油,,,,,0,0,,,
abondoned property,,,[经] 废弃财产,,,,,0,0,,,
abondoned ship,,,[经] 弃船,,,,,0,0,,,
abondoned well,,,[经] 遗弃井,,,,,0,0,,,
abonement,'æbәunmәnt,,(电话)用户,,,,,0,0,,,
abood,,,n. (Abood)人名；(英)阿布德；(阿拉伯)阿布德,,,,,0,0,,,
aboon,ə'bu:n,prep. and adv. Above.,"adv. , prep. [苏格兰和英格兰方言] ＝ above",,,,,0,0,,,
abopon,,,硼磷酸钠液体混合物,,,,,0,0,,,
abor,,,abbr. aboriginal 土著的，土著居民; aborigine(s) 土著居民,,,,,0,0,,,
aborad,æ'bɔ:ræd,r away from the mouth or oral region,"adv. 离口侧, 对口侧",,,,,0,0,,,
aboral,æ'bɔ:rәl,a opposite to or away from the mouth,"a. 离口的, 对口的",,,,,0,0,,,
aborally,ə'bɔ:rəlɪ,,"adv. 离口地, 对口地",,,,,0,0,,,
abord,,n. Manner of approaching or accosting; address.\nv. t. To approach; to accost.,n. (Abord)人名；(法)阿博尔,,,,,0,0,,,
aboriginal,.æbә'ridʒәnәl,a. of or pertaining to members of the indigenous people of Australia\ns. having existed from the beginning; in an earliest or original stage or state,"a. 原始的, 土著的\nn. 土著居民, 土生生物",,1,,ielts gre,16658,10042,s:aboriginals,,
Aboriginal Australian,,,[网络] 土著澳大利亚人；土着澳大利亚人,,,,,0,0,,,
aboriginality,",æbәridʒә'næliti",n. The quality of being aboriginal.,"n. 原始状态, 本土性",,,,,0,0,,,
aboriginally,",æbə'ridʒənli",adv. Primarily.,adv. 从最初；原来,,,,,0,0,,,
Aboriginals,,n a dark-skinned member of a race of people living in Australia when Europeans arrived\nn an indigenous person who was born in a particular place,n. 土著居民（aboriginal复数）,,,,,47953,0,0:aboriginal/1:s,,
aborigine,,n. a dark-skinned member of a race of people living in Australia when Europeans arrived,"n. 土著, 土著居民, 土人",,,,,22606,24154,s:aborigines,,
aborigines,.æbә'ridʒini:z,n an indigenous person who was born in a particular place\nn a dark-skinned member of a race of people living in Australia when Europeans arrived,"n. 土著居民, 土生动(植)物群",,,,,0,0,0:aborigine/1:s,,
aborinigality,,,本土性,,,,,0,0,,,
aborning,ә'bɒ:niŋ,,adv. 在诞生的时候\na. 正在产生中的,,,,,0,0,,,
abort,ә'bɒ:t,"n. the act of terminating a project or procedure before it is completed\nv. terminate before completion\nv. cease development, die, and be aborted\nv. terminate a pregnancy by undergoing an abortion","vi. 流产, 中途失败\nvt. 使流产, 使失败, 使中止",,1,,toefl ielts,13979,12402,d:aborted/p:aborted/i:aborting/3:aborts,,
abort a fever,,,"止热,退烧",,,,,0,0,,,
abort code,,,"[计] 异常终止代码, 异常终止程序",,,,,0,0,,,
abort command,,,[计] 异常终止命令,,,,,0,0,,,
abort packet,,,"[计] 提前结束包, 异常结束包",,,,,0,0,,,
ABORT REMIRROR,,,[计] 中止重建镜象,,,,,0,0,,,
abort sequence,,,[计] 异常终止序列,,,,,0,0,,,
abort signal,,,[计] 故障信号,,,,,0,0,,,
abort situation,,,[化] 故障位置,,,,,0,0,,,
abort statement,,,[计] 中止语句,,,,,0,0,,,
abort timer,,,[计] 异常终止计时器,,,,,0,0,,,
aborted,ә'bɒ:tid,"v terminate before completion\nv cease development, die, and be aborted\nv terminate a pregnancy by undergoing an abortion","a. 流产的, 中途失败的",,,,,32887,19690,0:abort/1:dp/p:aborted,,
aborted document,,,[计] 异常终止文件,,,,,0,0,,,
aborted program,,,[计] 异常终止程序,,,,,0,0,,,
aborted systole,,,[医] 顿挫性收缩,,,,,0,0,,,
aborter,ə'bɔ:tər,," [医]流产, 败育",,,,,0,0,,,
aborticide,ә'bɒ:tisaid,n. the act of destroying a fetus,"n. 堕胎, 堕胎药\n[医] 堕胎; 堕胎药",,,,,0,0,,,
abortient,,,[医] 堕胎的; 堕胎药,,,,,0,0,,,
abortifacient,ә.bɒ:ti'feiʃәnt,n. a drug (or other chemical agent) that causes abortion\ns. causing abortion,n. 堕胎药\na. 堕胎的,,,,,0,44830,s:abortifacients,,
abortifacients,,plural of abortifacient\nn. a drug (or other chemical agent) that causes abortion\ns. causing abortion,(abortifacient 的复数) n. 堕胎药\na. 堕胎的,,,,,0,0,0:abortifacient/1:s,,
abortin,,,"[医] 流产[菌]素(流产杆菌的甘油浸出物,诊断用)",,,,,0,0,,,
abortin reaction,,,[医] 流产菌素反应,,,,,0,0,,,
aborting,,"v terminate before completion\nv cease development, die, and be aborted\nv terminate a pregnancy by undergoing an abortion",[计] 异常终止,,,,,0,0,0:abort/1:i,,
aborting job,,,[计] 异常终止作业,,,,,0,0,,,
aborting task,,,[计] 异常终止任务,,,,,0,0,,,
abortion,ә'bɒ:ʃәn,n. termination of pregnancy,"n. 流产, 堕胎, 失败, 夭折, 中止\n[医] 流产, 小产; 顿挫",,3,,gk ielts,4341,1969,s:abortions,,
abortion in progress,,,"[医] 进行性流产, 不可免流产",,,,,0,0,,,
abortion law,,,[法] 堕胎法,,,,,0,0,,,
abortion pill,,," [药物]堕胎丸, 人工流产丸, 止孕药片（尤指法国产的RU－486）",,,,,0,0,,,
abortion-inducing drug,,,[网络] 堕胎药物,,,,,0,0,,,
abortion-on-demand,ə'bɔ:ʃənɔndi'mɑ:nd,,n. (妇女在怀孕期任何阶段)随时要求人工流产权，自由堕胎权,,,,,0,0,,,
abortional,,a. Pertaining to abortion; miscarrying; abortive.,流产的\n中止的,,,,,0,0,,,
abortionism,ә'bɔ:ʃәnizәm,,"n. 有权流产主义,对流产权的支持",,,,,0,0,,,
abortionist,ә'bɒ:ʃәnist,n. a person (who should be a doctor) who terminates pregnancies,n. 为人堕胎者\n[医] 堕胎者,,,,,0,26350,s:abortionists,,
abortionists,,n. a person (who should be a doctor) who terminates pregnancies,"n. 有权流产主义者, （尤指非法）体认堕胎者( abortionist的复数形式 )",,,,,0,0,0:abortionist/1:s,,
abortions,ə'bɔ:ʃnz,n. termination of pregnancy\nn. failure of a plan,n. 小产( abortion的复数形式 ); 小产胎儿; （计划）等中止或夭折; <生>败育,,,,,0,0,0:abortion/1:s,,
abortiva variola,,,[医] 顿挫型天花,,,,,0,0,,,
abortive,ә'bɒ:tiv,s. failing to accomplish an intended result,"a. 流产的, 堕胎的, 失败的\n[医] 流产的; 顿挫的",,1,,toefl gre,11818,22876,,,
abortive egg,,,[医] 败育卵,,,,,0,0,,,
abortive expenditure,,,[经] 无成果支出,,,,,0,0,,,
abortive exploration expenditure,,,[经] 无成果勘探支出,,,,,0,0,,,
abortive pneumonia,,,[医] 顿挫性肺炎,,,,,0,0,,,
abortive pnranoia,,,[医] 顿挫性妄想狂,,,,,0,0,,,
abortive tabes,,,[医] 顿挫性脊髓痨,,,,,0,0,,,
abortive treatment,,,[医] 顿挫疗法,,,,,0,0,,,
abortive trial,,,[法] 毫无结果的审判,,,,,0,0,,,
abortive tuberculosis,,,[医] 活动性结核,,,,,0,0,,,
abortive typhoid,,,[医] 顿挫型伤寒,,,,,0,0,,,
abortive typhoid fever,,,[医] 顿挫型伤寒,,,,,0,0,,,
abortively,ə'bɔ:tivli,adv. In an abortive or untimely manner; immaturely;\n   fruitlessly.,adv. 失败地；流产地,,,,,0,0,,,
abortiveness,,n. The quality of being abortive.,n. abortive的变形,,,,,0,0,,,
abortoscope,,,"[医] 流产杆菌检查器, 波状热凝集试验器",,,,,0,0,,,
aborts,əˈbɔ:ts,"n the act of terminating a project or procedure before it is completed\nv terminate before completion\nv cease development, die, and be aborted\nv terminate a pregnancy by undergoing an abortion",v. （使）流产( abort的第三人称单数 ); （使）（某事物）中止; （因故障等而）（使）（飞机、宇宙飞船、导弹等）中断飞行; （使）（飞行任务等）中途失败,,,,,0,0,0:abort/1:3,,
abortus,ә'bɒ:tәs,n. a human fetus whose weight is less than 0.5 kilogram when removed or expelled from the mother's body,n. 流产胎\n[医] 流产胎(体重小于500克),,,,,0,0,,,
abortus fever,,,"[医] 流产热, 波状热, 布鲁氏[杆]菌病",,,,,0,0,,,
abortus forceps,,,[医] 流产钳,,,,,0,0,,,
Abos,,plural of ABO\nn a dark-skinned member of a race of people living in Australia when Europeans arrived,(ABO 的复数) [医] ABO分型法(血型),,,,,0,0,0:abo/1:s,,
abou,,,n. (Abou)人名；(阿拉伯)阿布；(西)阿沃,,,,,0,0,,,
abouchement,,,"[医] 注入, 汇入(血管)",,,,,0,0,,,
abought,ә'bɔ:t,v make amends for,vbl.abye的过去式及过去分词,,,,,0,0,1:pd/0:abye,,
aboukir,",ɑ:bu:'kiə",,n. 阿布基尔（埃及一座城市）,,,,,0,0,,,
aboulia,ә'bu:liә,n a loss of will power,n. 意志力丧失,,,,,0,0,,,
aboulic,ə'bu:lik,s suffering from abulia; showing abnormal inability to act or make decisions,a. aboulia的变形,,,,,0,0,,,
aboulomania,"ә,bu:lә'meiniә",,意志缺失狂,,,,,0,0,,,
abound,ә'baund,v. be abundant or plentiful; exist in large quantities\nv. be in a state of movement or action,"vi. 大量存在, 富于, 充满",,1,,ky toefl ielts gre,8645,7676,3:abounds/p:abounded/i:abounding/d:abounded,,
abound by fours and fives,,,"三五成群,比比皆是",,,,,0,0,,,
abound in,əˈbaund in,,v. 富于; 盛产,,,,,0,0,,,
abound with,,,"充满,有大量的…,盛产…",,,,,0,0,,,
abounded,ə'baʊnd,imp. & p. p. of Abound,vi. 富于；充满,,,,,0,0,0:abound/1:pd,,
abounding,,s. existing in abundance,a. 大量的；丰富的,,,,,0,0,0:abound/1:i/i:abounding,,
aboundingly,,,adv. abound的变形,,,,,0,0,,,
abounds,əˈbaundz,v be abundant or plentiful; exist in large quantities\nv be in a state of movement or action,"v. 大量存在, 充满, 富于( abound的第三人称单数 )",,,,,0,0,0:abound/1:3,,
abour,,,n. 凉亭,,,,,0,0,,,
abourezk,,, [人名] 阿布雷兹克,,,,,0,0,,,
about,ә'baut,s. on the move\nr. all around or on all sides\nr. in the area or vicinity\nr. used of movement to or among many different places or in no particular direction,"prep. 在...周围, 大约, 有关, 关于\nadv. 大约, 四处, 在附近, 周围",,5,1,zk gk,63,46,,,
About Clipboard Viewer,,,关于剪贴板查看程序,,,,,0,0,,,
About Clock,,,关于时钟,,,,,0,0,,,
About Equation Editor,,,关于公式编辑器,,,,,0,0,,,
About Help,,,关于帮助,,,,,0,0,,,
about or circa,,,[经] 大约,,,,,0,0,,,
About PIF Editor,,,关于PIF编辑器,,,,,0,0,,,
About program Manager,,,关于程序管理器,,,,,0,0,,,
About the Internet,,,关于互联网络,,,,,0,0,,,
about time,əˈbaut taim,," <口>早该发生的事, 早该如此",,,,,0,0,,,
about to,əˈbaut tu:,, 即将，正要，刚要; 欲,,,,,0,0,,,
about turn,əˌbaʊtˈtɜːn,,n. 常用于英式英语；向后转(的动作)\nv. 向后转\n[网络] 反排向后转；行进中向后转；转身,,,,,0,0,,,
about-face,әbajt'feis,"n. act of pivoting 180 degrees, especially in a military formation\nn. a major change in attitude or principle or point of view\nv. turn, usually 180 degrees","n. 向后转, 大改变\nvi. 向后转, 作重大改变",,,,,0,0,s:about-faces,,
about-faced,"ə'baut,feis;ə,baut'feis",,"v.n., vi. -faced,-facing [主美国英语] = about-turn",,,,,0,0,,,
about-faces,"ə'baut,feis,ə,baut'feis",,n. 向后转；转回原来方向；（立场、观点等）彻底改变\nvi. 向后转；改变主张,,,,,0,0,,,
about-ship,"ә,bajt'ʃip",,vi. 改变航向,,,,,0,0,,,
about-sledge,,n. The largest hammer used by smiths.,n. 大铁锤,,,,,0,0,,,
about-turn,әbajt't\\\\:n,,"n. 向后转, 大改变\nvi. 向后转, 作大改变",,,,,0,0,s:about-turns,,
about-turns,,,"n. 向后转, 大改变向后转, 作大改变( about-turn的复数形式 )",,,,,0,0,0:about-turn/1:s,,
aboutness,,,相关性,,,,,0,0,,,
abouts,ə'baʊt,,prep. 关于；大约\nadj. 在附近的；四处走动的；在起作用的\nadv. 大约；周围；到处\nn. 大致；粗枝大叶；不拘小节的人\nn. (About)人名；(法)阿布,,,,,0,0,,,
aboutsledge,,,大铁鎚; 铁鎚,,,,,0,0,,,
above,ә'bʌv,n. an earlier section of a written text\ns. appearing earlier in the same text\nr. at an earlier place\nr. in or to a place that is higher,"prep. 在上方, 超出\nadv. 在上面\na. 上述的, 上面的",,4,1,zk gk,733,893,,,
above all,,,"尤其是, 首先",,,,,0,0,,,
above all praise,,,赞扬不尽,,,,,0,0,,,
above board,,,"公开地, 光明正大地",,,,,0,0,,,
above center,,,[机] 上顶尖,,,,,0,0,,,
above ground,,,在世,,,,,0,0,,,
above ground level,,,[化] 高出地面,,,,,0,0,,,
above limit,,,"超出限度,过分",,,,,0,0,,,
above one's breath,,,高声地,,,,,0,0,,,
above oneself,,,"自高自大, 兴高采烈",,,,,0,0,,,
above par,,,"在票面价值以上, 在标准以上\n[经] 超过票面, 超过面值",,,,,0,0,,,
above price,,,"极其珍贵的, 无价之宝的",,,,,0,0,,,
above reproach,,,无可指责\n[法] 无可指责,,,,,0,0,,,
above right,,,"恰当地,合适地;厉害地,严厉地",,,,,0,0,,,
above sb,,,(某人)不懂/不能解决,,,,,0,0,,,
above sb's bend,,,为(某人)力所不及,,,,,0,0,,,
above sb.'s bend,,,为某人力所不及,,,,,0,0,,,
above sea level,,,[化] 海拔高度,,,,,0,0,,,
above someone's head,,,"不能理解, 太深奥",,,,,0,0,,,
above suspicion,,,"无可怀疑\n[法] 无可置疑, 不容怀疑",,,,,0,0,,,
above the head of,,,超过…的理解力,,,,,0,0,,,
above the heads of,,,深奥得不能理解,,,,,0,0,,,
above the line,,,[经] 线上项目,,,,,0,0,,,
above the ordinary,,,"超过一般的,不寻常的,出类拔萃的",,,,,0,0,,,
above the rest,,,"尤其,特别",,,,,0,0,,,
above the salt,,,在上席,,,,,0,0,,,
above value,,,"高于票面价格,高出平价",,,,,0,0,,,
above water,,,"脱离困境, 摆脱麻烦",,,,,0,0,,,
above-average,,,平均以上；在一般水准以上,,,,,0,0,,,
above-board,,,adv. 光明正大地；诚实地,,,,,0,0,,,
above-cited,"ә,bʌv'saitid","a. Cited before, in the preceding part of a book or\n   writing.",a. 上面所引的\n[法] 前面已述的,,,,,0,0,,,
above-freezing,,,零上,,,,,0,0,,,
above-ground,"ə'bʌv,ɡraund",,adj. 在地表以上的；在地面上的；合乎现存体制的,,,,,0,0,,,
above-ground storage tank,,,[化] 地面贮罐,,,,,0,0,,,
above-knee,,,膝上,,,,,0,0,,,
above-market,,,高于市价,,,,,0,0,,,
above-mentioned,"ә,bʌv'menʃәnd",s. mentioned or named earlier in the same text,a. 上述的\n[法] 前述的,,,,,0,0,,,
above-named,,s mentioned or named earlier in the same text,上述的,,,,,0,0,,,
above-normal,,,高于正常的；超额的,,,,,0,0,,,
above-noted,,,[网络] 上述,,,,,0,0,,,
above-the-line,"ə'bʌvðə,lain",,n. 经常项目；线上项目，线上预算,,,,,0,0,,,
above-the-line expenditure,,,"[经] 经常预算支出, 线上项目支出",,,,,0,0,,,
above-the-line promotion,,,[经] 线上推销,,,,,0,0,,,
above-water,,,水面上的；摆脱麻烦；脱离困境,,,,,0,0,,,
aboveboard,ә.bʌv'bɒ:d,s. without concealment or deception; honest,"adv. 光明正大地, 率直地\na. 光明正大的, 率直的",,,,gre,0,0,,,
abovedeck,"ə'bʌv,dek","a. On deck; and hence, like aboveboard, without artifice.",adv. 在甲板上；坦诚地,,,,,0,0,,,
aboveground,ә'bʌvgraund,s. on or above the surface of the ground,"adv. 在地面上, 活着\na. 在地面上的, 活着的",,,,,0,0,,,
abovementioned,"ə'bʌv,menʃənd",,adj. 上述的,,,,,0,0,,,
abovestairs,ә'bʌvsteәz,,"n. 主卧房, 楼上房间\na. 在楼上的\nadv. 在楼上",,,,,0,0,,,
aboyne,,,阿博因（人名）,,,,,0,0,,,
ABP,,,[计] 实际块处理程序,,,,,0,0,,,
abpc,'əbpk,, [医][=antibody-biotin-peroxidase-complex]抗体-生物素-过氧化酶复合物,,,,,0,0,,,
abplanalp,,,n. (Abplanalp)人名；(英)阿普拉纳尔普,,,,,0,0,,,
abpp,,, [医][=American Board of Professional Psychology]美国职业心理学委员会,,,,,0,0,,,
ABPS,,,[计] 自动付款系统,,,,,0,0,,,
ABR,,,[计] 可用比特速率,,,,,0,0,,,
abr connection,,,[机] ABR接法,,,,,0,0,,,
abra,ә'brɑ:,,n. 磨料；岩洞,,,,,0,0,,,
Abrabams' sign,,,[医] 亚伯拉罕氏征(肺结核体征),,,,,0,0,,,
abracadabra,.æbrәkә'dæbrә,n. gibberish and nonsense,"n. 咒语, 胡言乱语",,,,,0,38256,,,
abrachia,ә'breikiә,n the condition of having no arms,(=abrachy)无臂(畸形),,,,,0,0,,,
abrachiatism,,,[医] 无臂[畸形],,,,,0,0,,,
abrachiocephalia,,,[医] 无头无臂[畸形],,,,,0,0,,,
abrachius,,,[医] 无臂畸胎,,,,,0,0,,,
abradability,"ә,breidә'biliti",,"耐磨性, 耐磨度, 耐磨能力",,,,,0,0,,,
abradable,,,a. 耐磨的 (abrade的形容词形式),,,,,0,0,,,
abradant,ә'breidәnt,n a substance that abrades or wears down\nn a tool or machine used for wearing down or smoothing or polishing,a. 摩擦的\nn. 磨料,,,,,0,0,,,
abrade,ә'breid,v. wear away,"vt. 擦伤, 磨损, 磨\n[医] 擦除, 擦破; 磨损, 磨除",,,,gre,34653,28660,d:abraded/p:abraded/i:abrading/3:abrades,,
abraded,,v wear away\nv rub hard or scrub,a. 刮擦的\nv. 磨损；擦掉；擦伤（abrade的过去分词）,,,,,0,44011,0:abrade/1:dp/d:abraded,,
abrader,,n a tool or machine used for wearing down or smoothing or polishing,[化] 磨耗试验机,,,,,0,0,,,
abrades,əˈbreɪdz,v wear away\nv rub hard or scrub,v. 刮擦( abrade的第三人称单数 ); <喻>（在精神方面）折磨（人）; 消磨（意志、精神等）; 使精疲力尽,,,,,0,0,1:3/0:abrade,,
abradibility,"ә,breidi'biliti",,可研磨性,,,,,0,0,,,
abrading,,v wear away\nv rub hard or scrub,[化] 研磨,,,,,0,0,0:abrade/1:i,,
abrading agent,,,[化] 磨料; 研磨剂,,,,,0,0,,,
abrading stone,,,[网络] 研磨石,,,,,0,0,,,
abradum,ә'breidәm,,一种抛光用的氧化铝粉,,,,,0,0,,,
abraha,,,n. (Abraha)人名；(埃塞)阿布拉哈,,,,,0,0,,,
abraham,"'eibrәhæm, -hәm","n. the first of the Old Testament patriarchs and the father of Isaac; according to Genesis, God promised to give Abraham's family (the Hebrews) the land of Canaan (the Promised Land); God tested Abraham by asking him to sacrifice his son",n. 亚伯拉罕（男子名）,,,,,9098,0,,,
Abraham consistometer,,,[化] 阿布拉罕稠度计,,,,,0,0,,,
Abraham Cowley,,,n. 亚伯拉罕·考利,,,,,0,0,,,
Abraham Lincoln,,,亚伯拉罕·林肯（第十六任美国总统）,,,,,0,0,,,
Abraham Stoker,,,[网络] 斯托克,,,,,0,0,,,
Abraham's bosom,,,【圣经】“亚伯拉罕之怀”，(无罪孽者死后)安息之所，天国，天堂，极乐世界[《路加福音》16∶22],,,,,0,0,,,
Abrahamic,,"a. Pertaining to Abraham, the patriarch; as, the Abrachamic\n   covenant.",亚伯拉罕（人名）,,,,,0,40129,,,
Abrahamical,,,[网络] 亚伯拉罕的,,,,,0,0,,,
Abrahamically,,,[网络] 亚伯拉罕,,,,,0,0,,,
Abrahams,,"n the first of the Old Testament patriarchs and the father of Isaac; according to Genesis, God promised to give Abraham's family (the Hebrews) the land of Canaan (the Promised Land); God tested Abraham by asking him to sacrifice his son",n. (Abrahams)人名；(英、法)亚伯拉罕斯；(西)阿夫拉姆斯,,,,,37304,0,,,
Abrahams' sign,,,[医] 亚伯拉罕氏征(结核体征),,,,,0,0,,,
abrahamson,,," [人名] [英格兰人姓氏] 亚伯拉罕森取自父名，来源于Abraham,含义是“亚伯拉罕之子”(son of Abraham)",,,,,0,0,,,
abrahamsson,,,n. (Abrahamsson)人名；(瑞典、芬)亚伯拉罕松,,,,,0,0,,,
abraid,ə'breid,"v. t. & i. To awake; to arouse; to stir or start up; also, to\n   shout out.","[废语]\nvt. 唤醒\nvi. 醒来;惊起[亦作 abrade,abray]",,,,,0,0,,,
abram,'eibrәm,,"n. 艾布拉姆（男子名, 等于Abraham）",,,,,41133,0,s:abrams/3:abrams,,
Abrami's disease,,,[医] 布勒米氏病(后天性溶血性黄疸),,,,,0,0,,,
Abramis,,,欧鳊属,,,,,0,0,,,
Abramis brama,,,[网络] 欧鳊；欧鯿；鲷鱼,,,,,0,0,,,
abramoff,,,n. 阿布拉莫夫(姓氏),,,,,0,0,,,
abramova,,,n. (Abramova)人名；(俄)阿布拉莫娃,,,,,0,0,,,
abramovich,,,n. (Abramovich)人名；(俄)阿布拉莫维奇,,,,,0,0,,,
abramovitz,,, [人名] 阿布拉莫维茨,,,,,0,0,,,
abramowicz,,,n. (Abramowicz)人名；(英)阿布拉莫维奇,,,,,0,0,,,
abramowitz,,,n. (Abramowitz)人名；(英)阿布拉莫维茨,,,,,0,0,,,
ABRAMS,,,n. 艾布拉姆斯（公司名称）,,,,,27248,0,0:abram/1:s3,,
Abrams' heart reflex,,,[医] 艾布勒姆斯氏心反射(刺激心窝部皮肤引起心肌收缩),,,,,0,0,,,
Abrams' lung reflex,,,[医] 艾布勒姆斯氏肺反射(刺激胸壁引起肺收缩),,,,,0,0,,,
Abrams' reflex,,,"[医] 艾布勒姆斯氏反射, 艾布勒姆斯氏肺反射",,,,,0,0,,,
Abrams' test,,,[医] 艾布勒姆斯氏试验(检尿铅),,,,,0,0,,,
Abrams'heart reflex,,,[医] 艾布勒姆斯氏心反射(刺激心窝部皮肤引起心肌收缩),,,,,0,0,,,
abramson,,,n. (Abramson)人名；(瑞典、俄)阿布拉姆松；(英)艾布拉姆森,,,,,0,0,,,
abranchial,æ'bræŋkiәl,a having no gills,"a. [动] 无鳃的, 无鳃类的",,,,,0,0,,,
abranchiata,,"n. pl. A group of annelids, so called because the species\n   composing it have no special organs of respiration.",n. 无鳃类,,,,,0,0,,,
abranchiate,æ'bræŋkieit,a. having no gills,n. 无鳃动物\na. 无鳃的,,,,,0,0,,,
abranchious,,,[网络] 猥亵,,,,,0,0,,,
abrantes,,, [地名] [葡萄牙] 阿布兰特什,,,,,0,0,,,
abrapt jumtion,,,[电] 陡接面,,,,,0,0,,,
abrarion,,,[电] 磨损,,,,,0,0,,,
abrasable,ə'breɪsəbl,,adj. 易磨损的，易磨蚀的,,,,,0,0,,,
abrase,ә'breiz,v wear away,"v. (=abrade)磨损, 擦去",,,,,0,0,,,
abraser,,,磨料,,,,,0,0,,,
abrash,"ɑ:ˈbrɑ:ʃ, əˈbrɑ:ʒ",,"n. 变色（用不同的染料做成的东方地毯, 其颜色多样的及自然的变化）",,,,,0,0,3:abrashes/s:abrashes,,
abrashes,,-s form of abrash,"(abrash 的第三人称 -s形式) n. 变色（用不同的染料做成的东方地毯, 其颜色多样的及自然的变化）",,,,,0,0,0:abrash/1:3s,,
abrashiocephalus,,,[医] 无头无臂畸胎,,,,,0,0,,,
abrasimeter,"ә'breisi,mitә",,耐磨试验仪,,,,,0,0,,,
abrasine,"'æbrә,si:n",,相思子素,,,,,0,0,,,
abrasio,,,"[医] 擦除, 擦伤; 磨损, 磨耗",,,,,0,0,,,
abrasio corneae,,,[医] 角膜上皮擦伤,,,,,0,0,,,
abrasio dentium,,,[医] 牙质磨损,,,,,0,0,,,
abrasiometer,,,[化] 磨耗试验机,,,,,0,0,,,
abrasion,ә'breiʒәn,n. an abraded area where the skin is torn or worn off\nn. erosion by friction,"n. 磨擦, 磨损, 磨损处\n[化] 磨耗; 磨蚀",,,,toefl ielts gre,21005,18254,s:abrasions,,
abrasion and wear,,,[化] 磨耗; 磨损,,,,,0,0,,,
abrasion index,,,[机] 磨蚀指数,,,,,0,0,,,
abrasion inspection,,,[化] 磨损检查,,,,,0,0,,,
abrasion loss,,,[化] 磨耗量; 磨耗减量,,,,,0,0,,,
abrasion machine,,,[电] 磨损机器,,,,,0,0,,,
abrasion mark,,,[机] 磨耗记号,,,,,0,0,,,
abrasion pattern,,,[化] 磨耗图形,,,,,0,0,,,
abrasion performance,,,[化] 耐磨性; 耐磨耗性,,,,,0,0,,,
abrasion proof,,,[机] 耐磨,,,,,0,0,,,
abrasion resistance,,,[化] 抗磨性; 耐冲刷性,,,,,0,0,,,
abrasion resistance alloy,,,[机] 耐磨合金,,,,,0,0,,,
abrasion resistant compound,,,[化] 耐磨胶料(如胎面胶),,,,,0,0,,,
abrasion resistence,,,[电] 磨损电阻,,,,,0,0,,,
abrasion test,,,[化] 磨耗试验,,,,,0,0,,,
abrasion test of lubricant,,,[机] 润滑剂磨蚀试验,,,,,0,0,,,
abrasion tester,,,[机] 磨耗试验机,,,,,0,0,,,
abrasion wear,,,[机] 磨耗,,,,,0,0,,,
abrasion wheel,,,[化] 磨轮; 砂轮,,,,,0,0,,,
abrasion-resistant,,,耐磨,,,,,0,0,,,
abrasion-resistant alloy,,,[机] 耐磨合金,,,,,0,0,,,
abrasions,əb'reɪʒnz,n. an abraded area where the skin is torn or worn off\nn. erosion by friction\nn. the wearing down of rock particles by friction due to water or wind or ice,n. 磨损( abrasion的复数形式 ); 擦伤处; <喻>摩擦; <地质>磨蚀（作用）,,,,,0,0,0:abrasion/1:s,,
abrasive,ә'breisiv,n. a substance that abrades or wears down\ns. causing abrasion,n. 研磨料\na. 有研磨作用的,,1,,toefl gre,14194,16344,s:abrasives,,
abrasive action of lubricants,,,[机] 润滑剂磨蚀作用,,,,,0,0,,,
abrasive belt,,,[机] 磨带,,,,,0,0,,,
abrasive belt grinding lubricant,,,[机] 含有磨料的滑润剂,,,,,0,0,,,
abrasive blasting,,,[机] 吹送磨料,,,,,0,0,,,
abrasive blasting machine,,,[机] 吹送磨料加工机械,,,,,0,0,,,
abrasive cleaner,,,[化] 擦洗剂,,,,,0,0,,,
abrasive cloth,,,[化] 砂布,,,,,0,0,,,
abrasive cut-off machine,,,[机] 砂轮切断机,,,,,0,0,,,
abrasive cut-off saw,,,[机] 磨切锯,,,,,0,0,,,
abrasive cut-off wheel,,,[机] 切断用砂轮,,,,,0,0,,,
abrasive cutting wheel,,,[机] 磨切轮,,,,,0,0,,,
abrasive dise,,,[机] 磨盘,,,,,0,0,,,
abrasive disk,,,"[医] 磨盘, 磨片",,,,,0,0,,,
abrasive dust,,,[机] 磨尘,,,,,0,0,,,
abrasive finishing machine,,,[化] 抛光机,,,,,0,0,,,
abrasive grain,,,[机] 制砂轮原料粒,,,,,0,0,,,
abrasive hardness,,,[机] 抗磨硬度,,,,,0,0,,,
abrasive hardness tester,,,[机] 磨料硬度试验机,,,,,0,0,,,
abrasive jet cleaning,,,[化] 喷砂处理,,,,,0,0,,,
abrasive lathe wheel,,,[医] 车床磨轮,,,,,0,0,,,
abrasive material,əˈbreɪsɪv məˈtiəriəl,, 研磨材料; 研磨剂; 磨料; 磨平材料,,,,,0,0,,,
abrasive paper,,,[化] 砂纸,,,,,0,0,,,
abrasive paste,,,[医] 磨膏,,,,,0,0,,,
abrasive point,,,[医] 磨尖,,,,,0,0,,,
abrasive powder,,,[医] 磨粉,,,,,0,0,,,
abrasive resistance,,,[化] 耐磨性; 耐磨强度,,,,,0,0,,,
abrasive sawing machine,,,[机] 磨削切断机,,,,,0,0,,,
abrasive soap,,,[化] 擦洗皂,,,,,0,0,,,
abrasive stone,,,[机] 磨石,,,,,0,0,,,
abrasive substance,,,[化] 研磨材料,,,,,0,0,,,
abrasive wear machine,,,[机] 磨耗试验机,,,,,0,0,,,
abrasive wheel,,,[医] 磨轮,,,,,0,0,,,
abrasive-disk cutter,,,[化] 砂轮锯,,,,,0,0,,,
abrasive-laden lubrieant,,,[机] 含有磨料的滑润剂,,,,,0,0,,,
abrasively,,,"adv. 有磨蚀作用, 使人厌烦, 粗鲁",,,,,48643,0,,,
abrasiveness,,n. the quality of being sharply disagreeable,[化] 磨损性,,,,,0,40982,,,
abrasives,əb'reɪsɪvz,n. a substance that abrades or wears down,"n. （研）磨料, 磨蚀剂( abrasive的复数形式 ); <地质>磨蚀岩屑",,,,,0,0,0:abrasive/1:s,,
abrasivity,,,冲蚀度,,,,,0,0,,,
abraslon resistance,,,"[机] 磨蚀抗力, 抗磨性",,,,,0,0,,,
abrasor,,,"[医] 擦除器, 刮除器; 磨[除]器",,,,,0,0,,,
abrastol,ә'bræstәul,,β-萘酚-α-一元磺酸钙,,,,,0,0,,,
abrasure,,,[网络] 擦伤,,,,,0,0,,,
abration,ә'breiʃәn,,侵蚀作用,,,,,0,0,,,
abrator,ә'breitә,,[机] 离心喷光机,,,,,0,0,,,
abraum,,,[网络] 磨砂,,,,,0,0,,,
abraum salt,,,"[化] 层积盐(主要是钾盐和镁盐,层积在石盐矿床上)",,,,,0,0,,,
abravanel,,, [人名] 阿布拉瓦内尔,,,,,0,0,,,
abraxas,ә'bræksәs,"n. A mystical word used as a charm and engraved on gems among\n   the ancients; also, a gem stone thus engraved.","n. 古时刻在玉石上避邪的文字, 刻有这种符的玉石",,,,,0,0,,,
abray,ə'brei,v. See Abraid.,"vt.,vi. [废语] = abraid",,,,,0,0,,,
abrazine,ә'breizin,,磨砂(牙科商品名),,,,,0,0,,,
abrazite,"'æbrә,zait",,(=gismondite)水钙沸石,,,,,0,0,,,
abrazo,ɑ:'brɑ:ðәu,,<西> n.(尤指表示欢迎的)拥抱,,,,,0,0,,,
abrazos,ɑ:'brɑ:səuz,,n. abrazo的变形,,,,,0,0,,,
abre,,,n. (Abre)人名；(葡)阿布雷,,,,,0,0,,,
abreact,.æbri'ækt,v. discharge bad feelings or tension through verbalization,vt. 发泄,,,,,0,0,i:abreacting/p:abreacted/3:abreacts/d:abreacted,,
abreacted,æbriˈæktid,v discharge bad feelings or tension through verbalization,"v. 使消散, 发泄（情绪）( abreact的过去式和过去分词 )",,,,,0,0,1:pd/0:abreact,,
abreacting,æbriˈæktɪŋ,v discharge bad feelings or tension through verbalization,"v. 使消散, 发泄（情绪）( abreact的现在分词 )",,,,,0,0,1:i/0:abreact,,
abreaction,.æbri'ækʃәn,n (psychoanalysis) purging of emotional tensions,n. 精神发泄\n[医] 精神发泄,,,,,0,0,,,
abreactive,,,adj. abreaction的变形,,,,,0,0,,,
abreacts,æbriˈækts,v discharge bad feelings or tension through verbalization,"v. 使消散, 发泄（情绪）( abreact的第三人称单数 )",,,,,0,0,1:3/0:abreact,,
abreast,ә'brest,"s. being up to particular standard or level especially in being up to date in knowledge\nr. alongside each other, facing in the same direction","adv. 并肩地, 并列地",,1,,gre,14056,16406,,,
abreast of the times,,,"符合时代的, 最新的",,,,,0,0,,,
abreauvoir,,,石砌体灰缝,,,,,0,0,,,
abrego,,, [地名] [哥伦比亚] 阿夫雷戈,,,,,0,0,,,
abreu,,,n. (Abreu)人名；(葡、西)阿布雷乌；(法)阿布勒,,,,,0,0,,,
abreuvage,abrә:'vɑ:ʒ,,机械粘砂,,,,,0,0,,,
abreuvoir,ә'breiwɑ:,"n. The joint or interstice between stones, to be filled\n   with mortar.",石块间隙缝,,,,,0,0,,,
abri,ɑ:'bri,,"n. 避难所, 防空洞",,,,,0,0,s:abri/0:abri/1:s,,
abriachanite,"æbri'ætʃә,nait",,镁铁青石棉,,,,,0,0,,,
abric acid,,,[化] 红豆酸\n[医] 相思子酸,,,,,0,0,,,
abricock,'æbrikɔk,n. See Apricot.,n. [废语]= apricot,,,,,0,0,,,
abricotine,æbri'kɔtin,,"杏子酒, 杏汁酒",,,,,0,0,,,
abrided,,,[计] 简捷,,,,,0,0,,,
abrided multiplication,,,[计] 简捷乘法,,,,,0,0,,,
abridgable,ə'bridʒəbl,,adj. 可以删节的（等于abridgeable）,,,,,0,0,,,
abridge,ә'bridʒ,"v. reduce in scope while retaining essential elements\nv. lessen, diminish, or curtail","vt. 缩短, 删节, 减少, 剥夺\n[法] 剥夺; 节略",,,,toefl ielts gre,36604,26746,d:abridged/i:abridging/p:abridged/3:abridges,,
abridge sb. of his righs,,,[法] 剥夺某人的权利,,,,,0,0,,,
abridged,,a. (used of texts) shortened by condensing or rewriting,a. 删节的；削减的,,,,,34841,29809,0:abridge/1:dp/p:abridged/d:abridged,,
abridged copy,,,[法] 节本,,,,,0,0,,,
abridged edition,,,"节略版,删节本",,,,,0,0,,,
abridged general view,,,[化] 示意图,,,,,0,0,,,
abridged life table,,,[医] 简易寿命表,,,,,0,0,,,
abridged spectrophotometer,,,[化] 滤光光度计,,,,,0,0,,,
abridgement,ә'bridʒmәnt,n a shortened version of a written work,"n. 节本, 节略, (权利/自由的)剥夺\n[计] 节略, 缩写",,,,,39257,39597,s:abridgements,,
abridgement of damages,,,[法] 损害赔偿的剥夺,,,,,0,0,,,
abridgements,,plural of abridgement\nn a shortened version of a written work,"(abridgement 的复数) n. 节本, 节略, (权利/自由的)剥夺\n[计] 节略, 缩写",,,,,0,0,0:abridgement/1:s,,
abridger,,n. One who abridges.,n. abridge的变形,,,,,0,0,,,
abridges,əˈbrɪdʒz,"v reduce in scope while retaining essential elements\nv lessen, diminish, or curtail",v. 节略( abridge的第三人称单数 ); 减少; 缩短; <古>剥夺（某人的）权利（或特权等）,,,,,0,0,1:3/0:abridge,,
abridging,ə'brɪdʒ,p. pr. & vb. n. of Abridge,vt. 删节；缩短；节略,,,,,0,0,0:abridge/1:i,,
abridgment,ә'bridʒmәnt,n a shortened version of a written work,"n. 删节, 删节本, 缩短, 限制",,,,,0,38637,s:abridgments,,
abridgments,,plural of abridgment\nn a shortened version of a written work,"(abridgment 的复数) n. 删节, 删节本, 缩短, 限制",,,,,0,0,0:abridgment/1:s,,
Abrikossoff's,,,[医] 阿布里科索夫氏瘤(成肌细胞瘤),,,,,0,0,,,
Abrikossoff's tumor,,,"[医] 阿布里科索夫氏瘤, 成肌细胞瘤",,,,,0,0,,,
abril,,, [人名] 阿布里尔，阿布丽尔（女名）,,,,,0,0,,,
abrim,ә'brim,,adv. 充满着\na. 充满着的,,,,,0,0,,,
abrin,'eibrin,,"(=jequirtin)红豆因, 相思豆毒素(旧名相思豆毒硷)",,,,,0,0,,,
abrine,'eibri:n,,"红豆碱, N-甲基色氨酸",,,,,0,0,,,
abrinism,,,[医] 相思豆中毒,,,,,0,0,,,
abripe,,,[网络] 落后,,,,,0,0,,,
abrism,,,[医] 相思豆中毒,,,,,0,0,,,
abroach,ә'brәutʃ,s. of a cask or barrel,adv. 开个口使水流出\na. 开口的,,,,,0,0,,,
abroad,ә'brɒ:d,s. in a foreign country\nr. to or in a foreign country,"adv. 往国外, 到室外, 到处\na. 往国外的, 在室外的, 广泛四散的",,3,1,zk gk toefl,2243,3363,,,
Abrocoma,,,[网络] 华毛鼠属；骆鼠,,,,,0,0,,,
abrodil,,,"[化] 碘甲烷磺酸钠\n[医] 阿布罗吉尔, 碘甲磺酸钠(成药,X线造影剂)",,,,,0,0,,,
abrogable,'æbrəuɡəbl,a. Capable of being abrogated.,a. abrogate的变形,,,,,0,0,,,
abrogate,'æbrәgeit,v. revoke formally,"vt. 废除, 取消\n[经] 取消, 废除, 不生效(的法令)",,,,gre,22524,21800,d:abrogated/i:abrogating/p:abrogated/3:abrogates,,
abrogated,'æbrəgeɪt,imp. & p. p. of Abrogate,vt. 废除；取消,,,,,0,0,0:abrogate/1:dp,,
abrogates,ˈæbrəˌgeɪts,v revoke formally,v. 废除（法律等）( abrogate的第三人称单数 ); 取消; 去掉; 抛开,,,,,0,0,0:abrogate/1:3,,
abrogating,'æbrəgeɪt,p. pr. & vb. n. of Abrogate,vt. 废除；取消,,,,,0,0,0:abrogate/1:i,,
abrogation,.æbrәu'geiʃәn,n. the act of abrogating; an official or legal cancellation,"n. 废除, 取消\n[经] 废除, 取消",,,,,35136,28783,s:abrogations,,
abrogation of judgement,,,[法] 撤销判决,,,,,0,0,,,
abrogation of rights,,,[法] 取消权利,,,,,0,0,,,
abrogations,,plural of abrogation\nn. the act of abrogating; an official or legal cancellation,"(abrogation 的复数) n. 废除, 取消\n[经] 废除, 取消",,,,,0,0,0:abrogation/1:s,,
abrogative,,"a. Tending or designed to abrogate; as, an abrogative law.",a. abrogate的变形,,,,,0,0,,,
abrogator,,n. One who repeals by authority.,n. abrogate的变形,,,,,0,0,,,
Abrohany,'æbrɔhәni,,印度薄棉布,,,,,0,0,,,
abrolute electromagnetic unit,,,[电] 绝对电磁单位,,,,,0,0,,,
abrolute electrostatic unit,,,[电] 绝对制静电单位,,,,,0,0,,,
Abroma augasta L.f.,,,[医] 昂天莲,,,,,0,0,,,
Abroma Jacq.,,,[医] 昂天莲属,,,,,0,0,,,
Abronia,,,[网络] 匍匐美女樱属；叶子花属,,,,,0,0,,,
Abronia elliptica,,,[网络] 亚洲紫花苜蓿,,,,,0,0,,,
Abronia fragrans,,,[网络] 芳纤苞,,,,,0,0,,,
Abronia latifolia,,,[网络] 亚历山大,,,,,0,0,,,
Abronia maritima,,,[网络] 亚历山大海洋,,,,,0,0,,,
Abronia umbellata,,,[网络] 。,,,,,0,0,,,
Abronia villosa,,,[网络] 沙漠沙地马鞭草；沙漠沙地枞鞭草,,,,,0,0,,,
abrood,ә'bru:d,adv. In the act of brooding.,"[英, 方]正在孵化",,,,,0,0,,,
Abros,,,阿布罗斯镍铬锰耐蚀合金,,,,,0,0,,,
abrosia,,,"[医] 断食, 禁食",,,,,0,0,,,
abrotanine,,,[医] 青蒿硷,,,,,0,0,,,
abrotanum,ә'brɔtәnәm,,青蒿(强壮剂),,,,,0,0,,,
abrotine,,,[医] 青蒿硷,,,,,0,0,,,
abrs,,,abbr. 安全气囊式成员保护系统（Air Bag Restraint System）,,,,,0,0,,,
abrupt,ә'brʌpt,s. marked by sudden changes in subject and sharp transitions\ns. exceedingly sudden and unexpected\ns. extremely steep\ns. surprisingly and unceremoniously brusque in manner,"a. 突然的, 唐突的, 陡峭的, 不连贯的",,2,,gk cet6 ky toefl ielts gre,8560,8703,,,
abrupt change,,,[机] 陡变,,,,,0,0,,,
abrupt convolution,,,[医] 楔叶(大脑),,,,,0,0,,,
abrupt junction,,,"[计] 突变结, 阶跃结",,,,,0,0,,,
abrupt pulse,,,[医] 促脉,,,,,0,0,,,
abruptio,æb'rʌpʃiәu,,"[拉]分离, 分开, 脱离, 剥落",,,,,0,0,,,
abruptio placentae,,,[医] 胎盘早期脱离,,,,,0,0,,,
abruption,ә'brʌpʃәn,n an instance of sudden interruption,"n. 突然分离, 分裂, 断裂",,,,,0,0,,,
abruptly,ә'brʌptli,r. quickly and without warning,"adv. 突然地, 唐突地",,,,,5144,5243,,,
abruptly stressed,,,[化] 突加应力; 突加应力的,,,,,0,0,,,
abruptly-pinnate,,,[网络] 偶数羽状的；平截羽状的,,,,,0,0,,,
abruptly-pinnate leaf,,,[网络] 突然羽状叶,,,,,0,0,,,
abruptness,ә'brʌptnis,n. an abrupt discourteous manner\nn. the property possessed by a slope that is very steep\nn. the quality of happening with headlong haste or without warning,"n. 突然, 唐突",,,,,34013,31961,,,
abrus,,,相思子属,,,,,0,0,,,
Abrus L.,,,[医] 相思子属,,,,,0,0,,,
Abrus precatorius L.,,,"[医] 相思子, 相思树",,,,,0,0,,,
Abruzzese,,,n. (Abruzzese)人名；(意)阿布鲁泽塞,,,,,0,0,,,
Abruzzi,ə'bru:tsi,n. a mountainous region of central Italy on the Adriatic,n. 阿布鲁齐（意大利地区）,,,,,0,0,,,
Abruzzi e Molise,,,[网络] 阿布鲁齐莫利塞区,,,,,0,0,,,
Abruzzian,,,[网络] 阿布鲁别,,,,,0,0,,,
abruzzo,,,n. (Abruzzo)人名；(英、意)阿布鲁佐,,,,,0,0,,,
ABS,,n any of a class of composite plastics used to make car bodies and cases for computers and other appliances\nn a bachelor's degree in arts and sciences\nn the eleventh month of the civil year; the fifth month of the ecclesiastical year in the Jewish calendar (in July and August)\nn the muscles of the abdomen\nn the blood group whose red cells carry both the A and B antigens,"[计] 绝对, 美国标准局",,,,,27446,9730,,,
ABS resin,,,[化] ABS树脂,,,,,0,0,,,
abs. feb.,,,[医] 无[发]热时,,,,,0,0,,,
absa,,,n. (Absa)人名；(塞内)阿卜萨\n酰胺化牛血清白蛋白（amidated bovine serum albumin）,,,,,0,0,,,
absafil,'æbsәfil,,"(=absaglas)玻璃纤维增强, ABS 塑料",,,,,0,0,,,
Absalom,'æbsәlәm,,"押沙龙(《 圣经 》中 人物, 大卫王之第三子, 后因背叛其父被杀)",,,,,43272,0,,,
absalon,,,n. (Absalon)人名；(法、丹)阿布萨隆,,,,,0,0,,,
absaroka,æb'sɑ:rəkə,,Range 阿布萨罗卡岭(美国蒙大拿州南部怀俄明州西北山岭),,,,,0,0,,,
absarokas,æb'sɑ:rəkə,,Range 阿布萨罗卡岭(美国蒙大拿州南部怀俄明州西北山岭),,,,,0,0,,,
absaroke,æbˈsɑ:rəkə,,n. 克劳语,,,,,0,0,,,
absarokee,,, [地名] [美国] 阿布索罗基,,,,,0,0,,,
absarokite,"æb'særә,kait",,"橄辉安粗岩, 正边玄武岩",,,,,0,0,,,
abscam,,,Arab scam 阿拉伯故事,,,,,0,0,,,
abscess,'æbsis,n. symptom consisting of a localized collection of pus surrounded by inflamed tissue,n. 脓肿\nvi. 形成脓肿,,,,,21803,19223,s:abscesses,,
abscess syringe,,,"[医] 脓肿吸引器, 脓肿冲洗器",,,,,0,0,,,
abscess-formation,,,[医] 脓肿形成,,,,,0,0,,,
abscess-root,,,[医] 蓝花葱根,,,,,0,0,,,
abscessation,,, [医]脓肿形成,,,,,0,0,,,
abscessed,'æbsist,s. infected and filled with pus,a. 有脓肿的,,,,,0,44554,,,
abscessed tooth,,,[网络] 蛀牙,,,,,0,0,,,
abscesses,,pl.  of Abscess,n. [外科] 脓肿（abscess的复数）\nv. 形成脓肿（abscess的三单形式）,,,,,0,0,0:abscess/1:s,,
abscessus,,,[医] 脓肿,,,,,0,0,,,
abscessus siccus corneae,,,[医] 盘状角膜炎,,,,,0,0,,,
abschied,,, [电影]告别,,,,,0,0,,,
abscind,æb'sind,v. t. To cut off.,vt. 切断,,,,,0,0,,,
abscise,æb'sais,v. shed flowers and leaves and fruit following formation of a scar tissue\nv. remove or separate by abscission,"vt. 切除\nvi. 被切除, 脱离",,,,,0,0,i:abscising/p:abscised/3:abscises/d:abscised,,
abscised,æbˈsaizd,v shed flowers and leaves and fruit following formation of a scar tissue\nv remove or separate by abscission,"v. 切除被切除, 脱离( abscise的过去式和过去分词 )",,,,,0,0,1:pd/0:abscise,,
abscises,æbˈsaiziz,v shed flowers and leaves and fruit following formation of a scar tissue\nv remove or separate by abscission,"v. 切除被切除, 脱离( abscise的第三人称单数 )",,,,,0,0,1:3/0:abscise,,
abscisic,æb'sisik,,"acid 【生物化学】脱落酸[略作ABA,亦称作 abscisin Ⅱ, dormin, 参较 brassin, cytokinin]",,,,,0,0,,,
abscisic acid,,,[化] 脱落酸,,,,,0,0,,,
abscisin,æb'sisin,,[机] 松脂酸,,,,,0,0,,,
abscising,æbˈsaizɪŋ,v shed flowers and leaves and fruit following formation of a scar tissue\nv remove or separate by abscission,"v. 切除被切除, 脱离( abscise的现在分词 )",,,,,0,0,1:i/0:abscise,,
absciss,,n. See Abscissa.,vt. 脱离,,,,,0,0,,,
abscissa,æb'sisә,n. the value of a coordinate on the horizontal axis,n. 横坐标\n[化] 横坐标,,,,,0,0,,,
abscissae,,pl.  of Abscissa,横坐标（abscissa的复数）,,,,,0,0,,,
abscissas,,pl.  of Abscissa,n. [数][天] 横坐标（横线）,,,,,0,0,,,
abscission,æb'siʒәn,n. shedding of flowers and leaves and fruit following formation of scar tissue in a plant\nn. the act of cutting something off,"n. 切断, 除去\n[医] 切除",,,,gre,0,0,,,
abscission layer,,,[医] 离层,,,,,0,0,,,
abscissus,æb'sisәs,,"正截, 断片",,,,,0,0,,,
absconce,,lantern used in monasteries and night offices\n> the absconce.\n,,,,,,0,0,,,
abscond,әb'skɒnd,v. run away; usually includes taking something or somebody along,"vi. 潜逃, 逃匿\n[经] (为躲避罪责,债务等)潜逃",,,,gre,21789,27687,p:absconded/d:absconded/i:absconding/3:absconds/s:absconds,,
abscond from,,,"逃离,逃避",,,,,0,0,,,
abscond to avoide punishment,,,[法] 畏罪潜逃,,,,,0,0,,,
abscond with,,,携…潜逃,,,,,0,0,,,
abscond with the money,,,[法] 卷款潜逃,,,,,0,0,,,
absconded,əb'skɒnd; æb-,imp. & p. p. of Abscond,"vi. 逃匿, 潜逃；避债",,,,,0,0,0:abscond/1:pd,,
abscondence,әb'skɒndәns,n. Fugitive concealment; secret retirement; hiding.,"n. 潜逃, 逃匿\n[法] 潜逃, 逃亡",,,,,0,0,,,
abscondent,,,[网络] 潜行,,,,,0,0,,,
absconder,,n a fugitive who runs away and hides to avoid arrest or prosecution,"[法] 潜逃者, 逃亡者",,,,,0,0,s:absconders,,
absconders,,plural of absconder\nn a fugitive who runs away and hides to avoid arrest or prosecution,"(absconder 的复数) [法] 潜逃者, 逃亡者",,,,,0,0,0:absconder/1:s,,
absconding,əb'skɔndiŋ,p. pr. & vb. n. of Abscond,"n. 弃保潜逃\nv. 潜逃, 逃匿（abscond的现在分词形式）",,,,,0,0,0:abscond/1:i/i:absconding/s:abscondings,,
absconding defendant,,,[法] 在逃被告,,,,,0,0,,,
abscondings,,plural of absconding\np. pr. & vb. n. of Abscond,"(absconding 的复数) n. 弃保潜逃\nv. 潜逃, 逃匿（abscond的现在分词形式）",,,,,0,0,0:absconding/1:s,,
absconditus,әb'skɔnditәs,,隐藏的,,,,,0,0,,,
abscondment,,,[网络] 逃离医院类,,,,,0,0,,,
absconds,æbˈskɔndz,v run away; usually includes taking something or somebody along,"v. （尤指逃避逮捕）潜逃, 逃跑( abscond的第三人称单数 )",,,,,0,0,0:abscond/1:3s,,
absconsio,'æbskɔnsiәu,,[拉]骨窝,,,,,0,0,,,
abse,,,abbr. absolute error 绝对误差,,,,,0,0,,,
absecon,,,阿布西肯（地名）,,,,,0,0,,,
abseil,'ɑ:bzail,n (mountaineering) a descent of a vertical cliff or wall made by using a doubled rope that is fixed to a higher point and wrapped around the body\nv lower oneself with a rope coiled around the body from a mountainside,n. (登山运动中的)沿绳滑下法,,,,,25486,0,i:abseiling/p:abseiled/s:abseils/d:abseiled/3:abseils,,
abseiled,ˈɑ:bzaild,v lower oneself with a rope coiled around the body from a mountainside,v. （登山运动中的）沿绳滑下法( abseil的过去式和过去分词 ),,,,,0,0,0:abseil/1:pd,,
abseiler,,n. a person who descends down a nearly vertical face by using a doubled rope that is wrapped around the body and attached to some high point,n. 沿绳滑下法 (abseil的变形),,,,,0,0,s:abseilers,,
abseilers,,plural of abseiler,(abseiler 的复数) n. 沿绳滑下法 (abseil的变形),,,,,0,0,0:abseiler/1:s,,
abseiling,æb'si:lɪŋ,v lower oneself with a rope coiled around the body from a mountainside,v. （登山运动中的）沿绳滑下法( abseil的现在分词 ),,,,,0,0,0:abseil/1:i/i:abseiling,,
abseilling,,-ing form of abseil\nn (mountaineering) a descent of a vertical cliff or wall made by using a doubled rope that is fixed to a higher point and wrapped around the body\nv lower oneself with a rope coiled around the body from a mountainside,(abseil 的现在分词) n.(登山运动中的)沿绳滑下法,,,,,0,0,0:abseil/1:i,,
abseils,ˈɑ:bzailz,n (mountaineering) a descent of a vertical cliff or wall made by using a doubled rope that is fixed to a higher point and wrapped around the body\nv lower oneself with a rope coiled around the body from a mountainside,v. （登山运动中的）沿绳滑下法( abseil的第三人称单数 ),,,,,0,0,0:abseil/1:s3,,
abseisin,,,[化] 脱落素,,,,,0,0,,,
absen,,,n. 艾比森（公司名）,,,,,0,0,,,
absence,'æbsәns,"n. the state of being absent\nn. failure to be present\nn. the time interval during which something or somebody is away\nn. the occurrence of an abrupt, transient loss or impairment of consciousness (which is not subsequently remembered), sometimes with light twitching, fluttering eyelids, etc.; common in petit mal epilepsy","n. 缺席, 缺乏, 没有\n[医] 失神",,3,1,gk cet4 cet6 ky toefl,1585,2524,s:absences,,
absence cum dolo et culpa,,,[法] 自愿不出庭,,,,,0,0,,,
absence from classes,,,缺课,,,,,0,0,,,
absence of any earlier complaints,,,[经] 以往没有控诉事例,,,,,0,0,,,
absence of consideration,,,[经] (合同)缺乏对价,,,,,0,0,,,
absence of contact,,,[医] 无接触,,,,,0,0,,,
absence of mind,,,心不在焉,,,,,0,0,,,
absence of mouth,,,[医] 无口[畸形],,,,,0,0,,,
absence of proable cause,,,[法] 缺乏可信诉因,,,,,0,0,,,
absence of proof,,,[法] 缺乏证据,,,,,0,0,,,
absence on leave,,,[法] 因假缺席,,,,,0,0,,,
absence seizure,ˈæbsəns ˈsi:ʒə,, 失神发作,,,,,0,0,,,
absence test,,,"[计] 缺席测试, 存在与否测试",,,,,0,0,,,
absence without leave,,,[法] 擅离职守,,,,,0,0,,,
absence without notice,,,"悄悄熘走,不辞而别",,,,,0,0,,,
absences,ˈæbsənsiz,n. the state of being absent\nn. failure to be present\nn. the time interval during which something or somebody is away,n. 缺席( absence的复数形式 ); 离开; 不在场的次数或时间; 缺乏,,,,,0,0,0:absence/1:s,,
absent,'æbsәnt,v. go away or leave\na. not being in a specified place\ns. lost in thought; showing preoccupation,"a. 缺席的, 不在的, 缺乏的, 漫不经心的\nvt. 使缺席",,2,1,zk gk cet4 cet6 ky toefl,4300,5516,p:absented/i:absenting/d:absented/3:absents,,
absent extension advice,,,[计] 分机无值守通报器,,,,,0,0,,,
absent from,,,"缺席,不在,没到场,没参加",,,,,0,0,,,
absent from work without reason,,,[法] 无故旷职,,,,,0,0,,,
absent on a tour,,,外出旅行,,,,,0,0,,,
absent oneself,,,"缺席,不在,没到场,没参加",,,,,0,0,,,
absent oneself from,,,"v. 缺席,不到",,,,,0,0,,,
absent respiration,,,"[医] 呼吸音消失, 无呼吸音呼吸",,,,,0,0,,,
absent voting laws,,,"[法] 缺席投票, 通信投票法",,,,,0,0,,,
absent with leave,,,请假缺席,,,,,0,0,,,
absent without leave,,,"[经] 旷工, 未请假而缺勤",,,,,0,0,,,
absent-minded,'æbsәnt'maindid,a. Absent in mind; abstracted; preoccupied.,"a. 心不在焉的, 健忘的",,,,,0,0,,,
absent-mindedly,,,adv. 心不在焉,,,,,0,0,,,
absent-mindedness,,,n. 心不在焉,,,,,0,0,,,
absentation,",æbsәn'teiʃәn",n. The act of absenting one's self.,n. 缺席,,,,,0,0,,,
absente reo,æb'senti'ri:әu,,[拉][律]被告缺席,,,,,0,0,,,
absented,'æbs(ə)nt,imp. & p. p. of Absent,a. 缺席的；缺少的；心不在焉的；茫然的\nvt. 使缺席,,,,,0,0,0:absent/1:pd,,
absentee,.æbsәn'ti:,n. one that is absent or not in residence,"n. 缺席者, 不在者\n[经] 缺勤者, 缺席者, 未到工者",,1,,toefl,14623,13021,s:absentees,,
absentee ballot,,,[法] 缺席选举人票,,,,,0,0,,,
absentee director,,,"[经] 不在场的负责人, 不出席董事",,,,,0,0,,,
absentee landlord,,,"[法] 不在地主, 不在房东",,,,,0,0,,,
absentee manager,,,"[经] 不在家的管理人, 不在职经理",,,,,0,0,,,
absentee owner,,,[经] 未在场物主,,,,,0,0,,,
absentee rate,,,[网络] 缺席率；缺勤率,,,,,0,0,,,
absentee voting,,,[法] 缺席投票,,,,,0,0,,,
absentee-ballot,,,n. 缺席选举人票,,,,,0,0,,,
absenteeism,æbsәn'ti:iz(ә)m,n. habitual absence from work,"n. 经常无故缺席, 旷职, 旷工, 旷课\n[经] 有计划的怠工, 旷工",,,,toefl gre,15710,19278,,,
absenteeism rate,,,[机] 缺勤率,,,,,0,0,,,
absentees,ˌæbsənˈti:z,n. one that is absent or not in residence,n. 缺席者( absentee的复数形式 ); 缺勤者; 在外地主; 外住者,,,,,0,0,0:absentee/1:s,,
absentia,æb'senʃiә,,[医] 失神,,,,,0,0,,,
absentia epileptica,,,[医] 癫痫性失神,,,,,0,0,,,
absenting,ˈæbsəntɪŋ,v go away or leave,"v. 缺席, 不参加, 不在( absent的现在分词 )",,,,,0,0,0:absent/1:i,,
absently,'æbsәntli,r. in an absentminded or preoccupied manner,adv. 心不在焉地,,,,,17787,14500,,,
absentminded,,s lost in thought; showing preoccupation,a. 心不在焉的；茫然的；神情恍惚的,,,,,0,0,,,
absentmindedly,,r in an absentminded or preoccupied manner,adv. 茫然地；精神不集中地,,,,,38194,23368,,,
absentmindedness,'æbsənt'maindidnis,n. preoccupation so great that the ordinary demands on attention are ignored,n. 恍惚；心不在焉,,,,,0,0,,,
absents,ˈæbsənts,v go away or leave,"v. 缺席, 不参加, 不在( absent的第三人称单数 )",,,,,0,0,0:absent/1:3,,
absenty,,,[网络] 缺席,,,,,0,0,,,
abshire,,, [人名] 阿布希尔,,,,,0,0,,,
absidia,,,[医] 犁头霉属,,,,,0,0,,,
absinth,'æbsinθ,n. strong green liqueur flavored with wormwood and anise,n. 艾酒\n[医] 苦艾酒; 苦艾,,,,,0,0,,,
absinthe,'æbsinθ,n aromatic herb of temperate Eurasia and North Africa having a bitter taste used in making the liqueur absinthe\nn strong green liqueur flavored with wormwood and anise,n. 艾酒,,,,,0,34020,,,
absinthe oil,,,[化] 洋艾油\n[医] 苦艾油,,,,,0,0,,,
absinthial,,a. Of or pertaining to wormwood; absinthian.,"a. absinthe,absinth的变形",,,,,0,0,,,
absinthiate,,,[网络] 堕落,,,,,0,0,,,
absinthic,,a. Relating to the common wormwood or to an acid obtained\n   from it.,[医] 苦艾的,,,,,0,0,,,
absinthic acid,,,[化] 苦艾酸\n[医] 苦艾油酸,,,,,0,0,,,
absinthiin,,,[化] 苦艾素,,,,,0,0,,,
absinthin,æb'sinθin,n. The bitter principle of wormwood (Artemisia absinthium).,n. 苦艾素,,,,,0,0,,,
absinthism,'æbsinθizәm,n. The condition of being poisoned by the excessive use of\n   absinth.,n. 艾酒中毒\n[医] 苦艾酒中毒,,,,,0,0,,,
absinthites,,,[网络] 宝石,,,,,0,0,,,
absinthium,,"n. The common wormwood (Artemisia absinthium), an\n   intensely bitter plant, used as a tonic and for making the oil of\n   wormwood.",[化] 苦艾\n[医] 苦艾,,,,,0,0,,,
absinthol,æb'sinθɔl,,"苦艾脑, 苦艾(油)醇",,,,,0,0,,,
absis,,n. See Apsis.,半圆形后室\n[建] 半圆壁龛,,,,,0,0,,,
absite,'æbsait,,钍钛铀矿,,,,,0,0,,,
absitomen,,,adv. 但愿无不祥之兆,,,,,0,0,,,
abskize,,,逃脱,,,,,0,0,,,
ABSLDR,,,[计] 绝对地址装入程序,,,,,0,0,,,
abslinence phenomenon,,,[医] 脱瘾现象,,,,,0,0,,,
abslute efficiency,,,[电] 绝对效率,,,,,0,0,,,
abso,,,abbr. 异戊基苯并噻唑亚砜（Isoamyl Mbt Sulfoxide）；航空安全办公室处（Aviation Branch Safety Office）,,,,,0,0,,,
absol,,,abbr. 绝对地（absolutely）,,,,,0,0,,,
absolom,,, [人名] 阿布索龙,,,,,0,0,,,
absolut,,,n. 绝对伏特加（瑞典的伏特加品牌）,,,,,0,0,,,
absolute,'æbsәlu:t,n. something that is conceived or that exists independently and not in relation to other things; something that does not depend on anything else and is beyond human control; something that is not relative\na. perfect or complete or pure\ns. complete and without restriction or qualification; sometimes used informally as intensifiers\ns. not limited by law,"a. 绝对的, 专制的, 完全的, 独立的\nn. 绝对事物",,3,1,gk cet4 cet6 ky toefl gre,2420,3165,s:absolutes,,
absolute abundance,,,[化] 绝对丰度,,,,,0,0,,,
absolute acceleration,,,[化] 绝对加速度,,,,,0,0,,,
absolute acceptance,,,"[法] 绝对承保, 无条件承兑, 无条年接受",,,,,0,0,,,
absolute accommodation,,,[医] 绝对调节,,,,,0,0,,,
absolute accuracy,,,"[计] 绝对精度\n[经] 绝对准确, 绝对准确度",,,,,0,0,,,
absolute activity,,,[化] 绝对活度,,,,,0,0,,,
absolute address,,,[计] 绝对地址,,,,,0,0,,,
absolute addressing,,,[计] 绝对编址,,,,,0,0,,,
absolute adjustment,,,[医] 绝对性调节,,,,,0,0,,,
absolute advantage,,,[经] 绝对有利,,,,,0,0,,,
absolute agraphia,,,[医] 绝对书写不能,,,,,0,0,,,
absolute alcohol,,,无水酒精\n[化] 无水乙醇; 无水酒精,,,,,0,0,,,
absolute altimeter,,,[电] 绝对高度计,,,,,0,0,,,
absolute altitude,,,[电] 绝对高度,,,,,0,0,,,
absolute amenorrhea,,,[医] 安全经闭,,,,,0,0,,,
absolute amount,,,[经] 绝对量,,,,,0,0,,,
absolute assembler,,,[计] 绝对地址汇编程序,,,,,0,0,,,
absolute assembly language,,,[计] 绝对汇编语言,,,,,0,0,,,
absolute assignment,,,[经] 绝对转让,,,,,0,0,,,
absolute asymmetry,,,[机] 绝对不对称,,,,,0,0,,,
absolute atmosphere,,,[机] 绝对大气压,,,,,0,0,,,
absolute atomic weight,,,[电] 绝对原子量,,,,,0,0,,,
absolute bill,,,"[法] 绝对诉状, 绝对票据",,,,,0,0,,,
absolute bill of sale,,,"[法] 绝对卖契, 无条件卖契",,,,,0,0,,,
absolute block,,,[计] 绝对块,,,,,0,0,,,
absolute block signal,,,[电] 绝对闭塞记号[机],,,,,0,0,,,
absolute block system,,,"[电] 绝对闭塞制, 绝对分段制",,,,,0,0,,,
absolute blood count,,,[医] 绝对血细胞计数,,,,,0,0,,,
absolute boiling point,,,[机] 绝对沸点,,,,,0,0,,,
absolute bond,,,[经] 不附条件的债券,,,,,0,0,,,
absolute bone conduction test,,,[医] 绝对骨传导试验(堵塞外耳道所行骨的传导试验),,,,,0,0,,,
absolute capacity,,,[机] 绝对容量,,,,,0,0,,,
absolute ceiling,,,[机] 绝对升限,,,,,0,0,,,
absolute code,,,[计] 绝对代码,,,,,0,0,,,
absolute coding,,,[计] 绝对编码,,,,,0,0,,,
absolute coefficient,,,[机] 绝对系数,,,,,0,0,,,
absolute compliance,,,[化] 绝对柔量,,,,,0,0,,,
absolute conditions of an action,,,[法] 绝对诉讼案件,,,,,0,0,,,
absolute configuration,,,[化] 绝对构型,,,,,0,0,,,
absolute congenital glaucoma,,,[医] 绝对期先天性青光眼,,,,,0,0,,,
absolute constant,,,[机] 绝对常数,,,,,0,0,,,
absolute constants,,,[化] 通用常数,,,,,0,0,,,
absolute contraband,,,[经] 绝对禁运品,,,,,0,0,,,
absolute contract,,,[经] 不附加条件的合同,,,,,0,0,,,
absolute convergence,ˈæbsəlju:t kənˈvə:dʒəns,," 绝对收敛, 绝对收敛性",,,,,0,0,,,
absolute conveyance,,,[法] 无条件转让,,,,,0,0,,,
absolute coordinate,,,[计] 绝对坐标,,,,,0,0,,,
absolute cost,,,"[经] 绝对成本, 纯粹成本",,,,,0,0,,,
absolute cost control,,,[经] 绝对成本控制,,,,,0,0,,,
absolute counter,,,[计] 绝对计数器,,,,,0,0,,,
absolute counting,,,[计] 绝对计数\n[化] 绝对测量,,,,,0,0,,,
absolute cover,,,[经] 绝对保险额,,,,,0,0,,,
absolute current balance,,,[电] 绝对电流天平,,,,,0,0,,,
absolute current balauce,,,[电] 绝对电流天平,,,,,0,0,,,
absolute current level,,,[电] 绝对电流位准,,,,,0,0,,,
absolute data,,,[计] 绝对数据,,,,,0,0,,,
absolute decree,,,"[法] 最后判决, 最终裁判",,,,,0,0,,,
absolute deed,,,"[法] 无限制契据, 绝对契据",,,,,0,0,,,
absolute defence,,,[法] 绝对抗辩,,,,,0,0,,,
absolute delay,,,[电] 绝对延迟,,,,,0,0,,,
absolute delivery,,,[法] 绝对让渡,,,,,0,0,,,
absolute demand,,,"[经] 绝对需求, 绝对需要",,,,,0,0,,,
absolute density,,,[化] 绝对密度\n[医] 绝对密度,,,,,0,0,,,
absolute deviation,,,[化] 绝对偏差,,,,,0,0,,,
absolute dielectric constant,,,[化] 绝对介电常量,,,,,0,0,,,
absolute diet,,,"[医] 禁食, 绝食",,,,,0,0,,,
absolute difference in cost,,,[经] 成本绝对差,,,,,0,0,,,
absolute differential calculus,,,[机] 绝对微分学,,,,,0,0,,,
absolute disability,,,[法] 完全无行为能力,,,,,0,0,,,
absolute discharge,,,"[法] 绝对释放, 无条件释放, 完全清偿",,,,,0,0,,,
absolute dry weight,,,"[机] 绝对干重, 绝对净重",,,,,0,0,,,
absolute dullness,,,[医] 绝对浊音(实音),,,,,0,0,,,
absolute duties,,,[法] 绝对义务,,,,,0,0,,,
absolute efficiency,,,[机] 绝对效率,,,,,0,0,,,
absolute electormeter,,,[电] 绝对静电计,,,,,0,0,,,
absolute electrodynamometer,,,[电] 绝对电测力计,,,,,0,0,,,
absolute electrometer,,,[机] 绝对静电,,,,,0,0,,,
absolute elsewhere,,,[化] 绝对异地,,,,,0,0,,,
absolute embargo,,,[法] 绝对禁运物品,,,,,0,0,,,
absolute endorsement,,,[经] 绝对背书,,,,,0,0,,,
absolute entropy,,,[化] 绝对熵,,,,,0,0,,,
absolute error,,,[计] 绝对误差\n[化] 绝对误差,,,,,0,0,,,
absolute estate,,,[法] 不附条件的地产权,,,,,0,0,,,
absolute ether,,,[化] 无水醚; 无水乙醚\n[医] 纯乙醚,,,,,0,0,,,
absolute ethyl alcohol,,,[机] 无水乙醇,,,,,0,0,,,
absolute expression,,,[计] 绝对表达式,,,,,0,0,,,
absolute extract,,,[化] 纯净萃,,,,,0,0,,,
absolute fact,,,[法] 确定事实,,,,,0,0,,,
absolute field,,,[医] 绝对区,,,,,0,0,,,
absolute fixed capital,,,"[经] 纯粹固定资本, 绝对固定资本",,,,,0,0,,,
absolute fixed cost,,,"[经] 纯粹固定成本, 绝对固定成本",,,,,0,0,,,
absolute frequency,ˈæbsəlju:t ˈfri:kwənsi,, 频数,,,,,0,0,,,
absolute future,,,[化] 绝对未来,,,,,0,0,,,
absolute gain of an anfenna,,,[电] 天线的绝对增益,,,,,0,0,,,
absolute galvanometer,,,"[机] 绝对电流计, 绝对测电流计",,,,,0,0,,,
absolute gravity,,,[机] 绝对比重,,,,,0,0,,,
absolute growth,,,[医] 绝对生长,,,,,0,0,,,
absolute guaranty,,,"[法] 绝对担保, 无条件担保",,,,,0,0,,,
absolute heating effect,,,[机] 绝对热效,,,,,0,0,,,
absolute hemianopsia,,,[医] 完全偏盲,,,,,0,0,,,
absolute hnmidity,,,[医] 绝对湿度,,,,,0,0,,,
absolute humidity,,,[化] 绝对湿度,,,,,0,0,,,
absolute humidity of gas,,,[机] 气体的绝对湿度,,,,,0,0,,,
absolute hypermetropia,,,[医] 绝对远视,,,,,0,0,,,
absolute hyperopia,,,[医] 绝对远视,,,,,0,0,,,
absolute idiocy,,,[医] 深度白痴,,,,,0,0,,,
absolute idiosyncrasy,,,[医] 绝对特[异反]应性,,,,,0,0,,,
absolute immunity,,,[医] 绝对免疫,,,,,0,0,,,
absolute impossibility,,,[法] 绝对不可能,,,,,0,0,,,
absolute increase,,,[经] 绝对增长数,,,,,0,0,,,
absolute increment,,,[医] 绝对增加,,,,,0,0,,,
absolute index of refraction,,,[化] 绝对折射率,,,,,0,0,,,
absolute inheritance,,,[经] 绝对继承权,,,,,0,0,,,
absolute interest,,,"[经] 绝对利益, 纯粹的利息",,,,,0,0,,,
absolute invalidity,,,[法] 绝对无效,,,,,0,0,,,
absolute ionic mobility,,,[化] 离子迁移率; 绝对离子迁移率,,,,,0,0,,,
absolute joule,,,[机] 绝对焦耳,,,,,0,0,,,
absolute kilowatt,,,[机] 绝对千瓦,,,,,0,0,,,
absolute language,,,[计] 绝对语言,,,,,0,0,,,
absolute legacy,,,"[法] 绝对遗赠, 无条件遗赠",,,,,0,0,,,
absolute leukocytosis,,,[医] 绝对性白细胞增多,,,,,0,0,,,
absolute level,,,[电] 绝对位准,,,,,0,0,,,
absolute liability,,,[经] 绝对赔偿责任,,,,,0,0,,,
absolute loader,,,[计] 绝对地址装入程序,,,,,0,0,,,
absolute magnitude,,,"[计] 绝对量, 绝对值\n[经] 绝对量",,,,,0,0,,,
absolute majority,,,[经] 绝对多数,,,,,0,0,,,
absolute manometer,,,[机] 绝对压力计,,,,,0,0,,,
absolute maximum,,,"[计] 绝对最大值, 全局最大值, 绝对极大值",,,,,0,0,,,
absolute maximum rating,,,[电] 绝对最大定额,,,,,0,0,,,
absolute mean deviation,,,[经] 绝对平均差,,,,,0,0,,,
absolute measure,,,[经] 绝对度量,,,,,0,0,,,
absolute measurement,,,[化] 绝对测量,,,,,0,0,,,
absolute measurment,,,[电] 绝对量度,,,,,0,0,,,
absolute memory address,,,[计] 绝对存储地址,,,,,0,0,,,
absolute memory location,,,[计] 绝对存储单元,,,,,0,0,,,
absolute methanol,,,[化] 无水甲醇,,,,,0,0,,,
absolute method,,,[化] 绝对法,,,,,0,0,,,
absolute minimum,,,"[计] 绝对最小值, 全局最小值, 绝对极小值",,,,,0,0,,,
absolute minimum resistance,,,[电] 绝对最小电阻,,,,,0,0,,,
absolute monarchy,,,"君主专制\n[法] 绝对君主政体, 君主专制制度",,,,,0,0,,,
absolute motion,,,[化] 绝对运动,,,,,0,0,,,
absolute muscle force,,,[医] 绝对肌力,,,,,0,0,,,
absolute music,,,纯音乐,,,,,0,0,,,
absolute near points,,,[医] 绝对近点,,,,,0,0,,,
absolute net loss,,,[经] 绝对净损,,,,,0,0,,,
absolute number,,,[经] 绝对数,,,,,0,0,,,
absolute object,,,[计] 绝对目标,,,,,0,0,,,
absolute object program,,,[计] 绝对目标程序,,,,,0,0,,,
absolute offence,,,[法] 绝对的罪行,,,,,0,0,,,
absolute ohm,,,[机] 绝对欧姆,,,,,0,0,,,
absolute order,,,[法] 绝对的指令,,,,,0,0,,,
absolute order to pay,,,"[经] 简单支付指示, 肯定付款的指示",,,,,0,0,,,
absolute ownership,,,[经] 绝对所有权,,,,,0,0,,,
absolute par of exchange,,,"[经] 绝对汇兑平价, 固定汇总平价",,,,,0,0,,,
absolute past,,,[化] 绝对过去,,,,,0,0,,,
absolute payment,,,[法] 全部支付,,,,,0,0,,,
absolute peltier coefficient,,,[电] 绝对裴尔提系数,,,,,0,0,,,
absolute permibility,,,[电] 绝对磁导系数,,,,,0,0,,,
absolute permissive block,,,[电] 权宜绝对塞,,,,,0,0,,,
absolute permissive block system,,,[电] 权宜绝对塞制,,,,,0,0,,,
absolute pitch,ˈæbsəlju:t pitʃ,,n. 音高辨别力,,,,,0,0,,,
absolute plotter control,,,[计] 全值绘图机控制,,,,,0,0,,,
absolute potential,,,[电] 绝对电位,,,,,0,0,,,
absolute power level,,,[电] 绝对功率位置,,,,,0,0,,,
absolute practical unit,,,[机] 绝对实用单位,,,,,0,0,,,
absolute pressure,,,[电] 绝对压力,,,,,0,0,,,
absolute pressure controller,,,[化] 绝压控制器,,,,,0,0,,,
absolute pressure transducer,,,[电] 绝对功力转换器,,,,,0,0,,,
absolute price,,,[经] 绝对价格,,,,,0,0,,,
absolute priority,,,[计] 绝对优先权,,,,,0,0,,,
absolute privilege,,,[法] 绝对特权,,,,,0,0,,,
absolute program,,,[计] 绝对程序,,,,,0,0,,,
absolute program loader,,,[计] 绝对程序的装入程序,,,,,0,0,,,
absolute programming,,,[计] 绝对程序设计,,,,,0,0,,,
absolute prohibition,,,[法] 绝对禁制,,,,,0,0,,,
absolute promise to pay,,,[经] 绝对无条件付款,,,,,0,0,,,
absolute quotas,,,[经] 绝对配额,,,,,0,0,,,
absolute rate theory,,,[化] 绝对反应速率理论,,,,,0,0,,,
absolute reaction rate,,,[机] 绝对反应速率,,,,,0,0,,,
absolute reaction rate theory,,,[机] 绝对反应速率理论,,,,,0,0,,,
Absolute Record,,,[计] 绝对记录,,,,,0,0,,,
absolute reference frame,,,[化] 绝对参考系,,,,,0,0,,,
absolute refractive index,,,[化] 绝对折射指数,,,,,0,0,,,
absolute refractory period,,,[医] 绝对不应期,,,,,0,0,,,
absolute rent,,,[经] 绝对地租,,,,,0,0,,,
absolute responsibility,,,[法] 绝对责任,,,,,0,0,,,
absolute rest,,,[机] 绝对静止,,,,,0,0,,,
absolute retention time,,,[化] 绝对保留时间,,,,,0,0,,,
absolute retention volume,,,[化] 绝对保留体积,,,,,0,0,,,
absolute right,,,[法] 绝对权利,,,,,0,0,,,
absolute rolling,,,[机] 绝对滚动,,,,,0,0,,,
absolute rotation,,,[机] 绝对旋转,,,,,0,0,,,
absolute rules,,,[法] 绝对规则,,,,,0,0,,,
absolute sale,,,[经] 无条件销售,,,,,0,0,,,
absolute scale,,,[医] 绝对温标,,,,,0,0,,,
absolute scale of temperature,,,[机] 绝对温标,,,,,0,0,,,
absolute scattering power,,,[机] 绝对散射本领,,,,,0,0,,,
absolute scotoma,,,[医] 绝对暗点,,,,,0,0,,,
absolute seebeck coefficient,,,[电] 绝对席贝克系数,,,,,0,0,,,
absolute solvent power,,,[机] 绝对溶剂力,,,,,0,0,,,
absolute sovereignty,,,[法] 绝对主权,,,,,0,0,,,
absolute space,,,[化] 绝对空间,,,,,0,0,,,
absolute specific gravity,,,[医] 绝对比重,,,,,0,0,,,
absolute speed,,,[机] 绝对速率,,,,,0,0,,,
absolute stability,,,[电] 绝对稳定度,,,,,0,0,,,
absolute stability constant,,,[化] 绝对稳定常数,,,,,0,0,,,
absolute standard of living,,,[经] 最低生活费,,,,,0,0,,,
absolute strabismus,,,[医] 绝对斜视,,,,,0,0,,,
absolute subscription,,,[经] 募集确定条件的公债,,,,,0,0,,,
absolute surplus value,,,[经] 绝对剩余价值,,,,,0,0,,,
absolute system,,,[机] 绝对制,,,,,0,0,,,
absolute system of unit,,,[电] 绝对单位系统,,,,,0,0,,,
absolute system of units,,,[机] 绝对单位制,,,,,0,0,,,
absolute temperature,,,[化] 绝对温度\n[医] 绝对温度,,,,,0,0,,,
absolute temperature scale,,,[机] 绝对温标,,,,,0,0,,,
absolute term,,,[计] 绝对项,,,,,0,0,,,
absolute threshold,,,"[医] 绝对阈, 刺激阈",,,,,0,0,,,
absolute time,,,[化] 绝对时间,,,,,0,0,,,
absolute title,,,[经] 绝对所有权,,,,,0,0,,,
absolute total loss,,,[经] 绝对全损,,,,,0,0,,,
absolute unit,,,[医] 绝对单位,,,,,0,0,,,
absolute vacuum,,,[化] 绝对真空,,,,,0,0,,,
absolute valency,,,[化] 绝对价; 最高价,,,,,0,0,,,
absolute value,,,[计] 绝对值\n[经] 绝对值,,,,,0,0,,,
absolute value computer,,,[计] 全值计算机,,,,,0,0,,,
absolute value device,,,[电] 绝对数值设备,,,,,0,0,,,
absolute value error,,,[计] 绝对值误差,,,,,0,0,,,
absolute value representation,,,[计] 绝对值表示,,,,,0,0,,,
absolute value sign,,,[计] 绝对值符号,,,,,0,0,,,
absolute vector,,,[计] 绝对向量,,,,,0,0,,,
absolute velocity,,,[化] 绝对速度,,,,,0,0,,,
absolute veto,,,"[法] 绝对否决, 绝对的否决",,,,,0,0,,,
absolute viscometer,,,[机] 绝对粘度计,,,,,0,0,,,
absolute viscometer capillary tube type,,,[机] 绝对粘度计,,,,,0,0,,,
absolute viscosity,,,[化] 绝对粘度\n[医] 绝对粘度,,,,,0,0,,,
absolute voidness,,,[法] 绝对无效,,,,,0,0,,,
absolute volt,,,[机] 绝对伏特,,,,,0,0,,,
absolute volume,,,"[机] 绝对音量, 绝对容积",,,,,0,0,,,
absolute warranty of seaworthiness,,,[经] 绝对适航保证,,,,,0,0,,,
absolute watt,,,[机] 绝对瓦特,,,,,0,0,,,
absolute weight,,,[机] 绝对重量,,,,,0,0,,,
absolute wrong,,,[法] 绝对过失,,,,,0,0,,,
absolute zero,,,绝对零度\n[化] 绝对零度,,,,,0,0,,,
absolute zero point,,,[计] 绝对零点,,,,,0,0,,,
absolute-value computer,,,[电] 绝对值电脑,,,,,0,0,,,
absolute-value device,,,[电] 绝对值装置,,,,,0,0,,,
absolutely,'æbsәlu:tli,r. completely and without qualification; used informally as intensifiers\nr. totally and definitely; without question,"adv. 完全地, 绝对地, 确确实实地",,4,1,cet4 toefl,1619,1149,,,
absolutely dull percussion resonance,,,"[医] 绝对茁叩响, 绝对浊音",,,,,0,0,,,
absolutely entiled,,,"[经] 绝对有权, 绝对有资格",,,,,0,0,,,
absolutely fatal wound,,,[法] 绝对致命,,,,,0,0,,,
absolutely normal number,,,[计] 绝对范数,,,,,0,0,,,
absolutely void,,,"[法] 根本无效, 绝对无效",,,,,0,0,,,
absoluteness,'æbsәlu:tnis,n. the quality of being absolute,"n. 绝对, 完全, 无限制",,,,,0,40782,,,
absolutes,ˈæbsəlju:ts,n. something that is conceived or that exists independently and not in relation to other things; something that does not depend on anything else and is beyond human control; something that is not relative,n. 绝对真理（指思想或原理）( absolute的复数形式 ),,,,,0,0,0:absolute/1:s,,
absolution,æbsә'lu:ʃәn,n. the condition of being formally forgiven by a priest in the sacrament of penance\nn. the act of absolving or remitting; formal redemption as pronounced by a priest in the sacrament of penance,"n. 免罪, 赦免, 免除\n[法] 免罚, 赦免, 免除",,,,,22429,23631,,,
absolutions,æbsə'luːʃ(ə)n,,n. 赦免；免罪,,,,,0,0,,,
absolutism,'æbsәlu:tizm,n. dominance through threat of punishment and violence\nn. the principle of complete and unrestricted power in government\nn. the doctrine of an absolute being,"n. 专制主义, 专制政体论, 绝对主义\n[法] 专制主义, 专制政治论, 绝对主义",,,,,24375,24365,s:absolutisms,,
absolutisms,,plural of absolutism\nn. dominance through threat of punishment and violence\nn. the principle of complete and unrestricted power in government\nn. the doctrine of an absolute being,"(absolutism 的复数) n. 专制主义, 专制政体论, 绝对主义\n[法] 专制主义, 专制政治论, 绝对主义",,,,,0,0,0:absolutism/1:s,,
absolutist,'æbsәlu:tist,n. one who advocates absolutism\na. pertaining to the principle of totalitarianism,"n. 专制主义者, 专制政体者, 绝对主义者",,,,,26578,21735,s:absolutists,,
absolutistic,",æbsəlju:'tistik",a. Pertaining to absolutism; absolutist.,a. absolutism的变形,,,,,0,0,,,
absolutists,,plural of absolutist\nn. one who advocates absolutism\na. pertaining to the principle of totalitarianism,"(absolutist 的复数) n. 专制主义者, 专制政体者, 绝对主义者",,,,,0,0,0:absolutist/1:s,,
absolutive,'æbsəlu:tɪv,,a. 自足的,,,,,0,0,,,
absolutization,,,n. 绝对化,,,,,0,0,,,
absolutize,'æbsәlu:taiz,,"v. 使...绝对化, 使...变成绝对的",,,,,0,0,3:absolutizes/d:absolutized,,
absolutized,,past participle of absolutize,"(absolutize 的过去分词) v.使...绝对化, 使...变成绝对的",,,,,0,0,0:absolutize/1:d,,
absolutizes,,-s form of absolutize,"(absolutize 的第三人称 -s形式) v.使...绝对化, 使...变成绝对的",,,,,0,0,0:absolutize/1:3,,
absolutizing,'æbsəl(j)uːtaɪz,,vt. 使……绝对化,,,,,0,0,,,
absolutory,æb'sɔljjtәri,a. Serving to absolve; absolving.,"a. 给予赦免的, 给予宽恕的",,,,,0,0,,,
absolvable,æb'zɔlvәbl,a. That may be absolved.,a. 可赦免的,,,,,0,0,,,
absolve,әb'zɒlv,v. let off the hook,"vt. 宣告...无罪, 赦免, 免除\n[经] 免偿(债务), 解除",,,,toefl gre,14557,17031,d:absolved/p:absolved/i:absolving/3:absolves,,
absolve sb from sth,,,免除某人…,,,,,0,0,,,
absolve sb.from an obligaton,,,[法] 免除某人的一项债务,,,,,0,0,,,
absolve sb.from sin,,,[法] 赦免某人的罪,,,,,0,0,,,
absolved,əb'zɒlv,imp. & p. p. of Absolve,vt. 免除；赦免；宣告…无罪,,,,,0,0,0:absolve/1:dp/p:absolved,,
absolvement,,,[网络] 免除,,,,,0,0,,,
absolvent,әb'zɒlvәnt,a. Absolving.\nn. An absolver.,a. 赦免的\n[法] 赦免者,,,,,0,0,,,
absolver,,n someone who grants absolution,"[法] 免罪, 赦免",,,,,0,0,,,
absolves,əbˈzɔlvz,v grant remission of a sin to\nv let off the hook,"v. 宣告…无罪, 赦免…的罪行, 宽恕…的罪行( absolve的第三人称单数 ); 不受责难, 免除责任 [义务] ,开脱（罪责）",,,,,0,0,0:absolve/1:3,,
absolving,əb'zɒlv,p. pr. & vb. n. of Absolve,vt. 免除；赦免；宣告…无罪,,,,,0,0,0:absolve/1:i,,
absolvitor,,,"[法] 赦免, 释放",,,,,0,0,,,
absolvitory,,,[网络] 绝对,,,,,0,0,,,
absonant,'æbsәnәnt,a. Discordant; contrary; -- opposed to consonant.,"a. 不协调的, 不和谐的",,,,,0,0,,,
absorb,әb'sɒ:b,"v. become imbued\nv. take up mentally\nv. take up, as of debts or payments\nv. take in, also metaphorically","vt. 吸收, 使全神贯注, 同化, 买进, 理解, 承受, 忍受, 承担\n[医] 吸收",,2,1,gk cet4 cet6 ky toefl ielts gre,2879,3120,d:absorbed/p:absorbed/3:absorbs/i:absorbing,,
absorb foreign capital,,,[经] 吸收外资,,,,,0,0,,,
absorbability,әb.sɒ:bә'biliti,n. The state or quality of being absorbable.,"n. 可吸收性\n[机] 吸收本领, 被吸收性",,,,,0,0,,,
absorbable,әb'sɒ:bәbl,a. capable of being absorbed or taken in through the pores of a surface,"a. 可吸收的, 容易被吸收的\n[医] 可吸收的",,,,,0,37224,,,
absorbable cellulose,,,[医] 可吸收[性]纤维素,,,,,0,0,,,
absorbable dusting powder,,,[医] 吸收性扑粉,,,,,0,0,,,
absorbable fibre,,,[化] 可吸收纤维,,,,,0,0,,,
absorbable gauze,,,[医] 可吸收纱布,,,,,0,0,,,
absorbable gelatin film,,,[医] 吸水明胶片,,,,,0,0,,,
absorbable gelatin sponge,,,[医] 吸收性明胶海绵,,,,,0,0,,,
absorbable gelatine sponge,,,[化] 吸收性明胶海绵,,,,,0,0,,,
absorbable ligature,,,[医] 可吸收结扎线,,,,,0,0,,,
absorbable suture,,,[医] 吸收性缝线,,,,,0,0,,,
absorbance,әb'sɒ:bәns,n (physics) a measure of the extent to which a substance transmits light or other electromagnetic radiation,n. 吸光率\n[化] 吸光度; 吸收度,,,,,49706,44793,s:absorbances,,
absorbance index,,,[化] 吸收系数,,,,,0,0,,,
absorbance unit full scale,,,[化] 满刻度吸光度单位,,,,,0,0,,,
absorbances,,plural of absorbance\nn (physics) a measure of the extent to which a substance transmits light or other electromagnetic radiation,(absorbance 的复数) n. 吸光率\n[化] 吸光度; 吸收度,,,,,0,0,0:absorbance/1:s,,
absorbancy,,,"n. 吸收率, 吸光度\n[化] 吸收度; 吸光度",,,,,0,0,,,
absorbancy index,,,[化] 吸收系数; 吸光系数,,,,,0,0,,,
absorbant,әb'sɔ:bәnt,,a. 能吸收的\nn. 吸收剂,,,,,0,0,,,
absorbar,,,[机] 吸收器,,,,,0,0,,,
absorbate,әb'sɔ:beit,n a material that has been or is capable of being absorbed,n. 被吸收的物质,,,,,0,0,,,
absorbed,әb'sɒ:bd,s. retained without reflection,"a. 全神贯注的, 一心一意的\n[机] 被吸收的",,,,,19461,20864,0:absorb/1:dp/d:absorbed/p:absorbed,,
absorbed burden,,,[经] 已分配的费用,,,,,0,0,,,
absorbed cost,,,"[经] 已分配(吸收)的成本, 已承担的成本",,,,,0,0,,,
absorbed declination,,,"[经] 已分配吸收的跌价, 已承担的跌价",,,,,0,0,,,
absorbed dose,,,[化] 吸收剂量\n[医] 吸收量,,,,,0,0,,,
absorbed energy,,,[机] 吸收器,,,,,0,0,,,
absorbed expenses,,,[经] 已分配的费用,,,,,0,0,,,
absorbed layer,,,[电] 被吸收层,,,,,0,0,,,
absorbed manufacturing,,,[经] 已分配制造费用,,,,,0,0,,,
absorbedly,әb'sɒ:bidli,adv. In a manner as if wholly engrossed or engaged.,"adv. 入神地, 全神贯注地, 专心一意地",,,,,0,0,,,
absorbefacient,әb.sɒ:bә'feiʃәnt,s. inducing or promoting absorption,a. 吸收性的\nn. 吸收剂,,,,,0,0,,,
absorben,,,吸收抗原,,,,,0,0,,,
absorbency,әb'sɒ:bәnsi,n. the property of being absorbent,"n. 吸收性, 吸光度\n[计] 吸墨性",,,,,38761,43014,,,
absorbency index,,,[机] 吸光系数,,,,,0,0,,,
absorbent,әb'sɒ:bәnt,a. having power or capacity or tendency to absorb or soak up something (liquids or energy etc.),a. 能吸收的\nn. 吸收剂,,,,,23584,25825,s:absorbents,,
absorbent bed,,,[化] 吸收层,,,,,0,0,,,
absorbent cotton,,,"[化] 脱脂棉; 药棉\n[医] 脱脂棉, 吸水棉",,,,,0,0,,,
absorbent crgan,,,[医] 吸收器(牙),,,,,0,0,,,
absorbent excipient,,,[医] 吸收性赋形剂,,,,,0,0,,,
absorbent filter,,,[机] 吸收性滤器,,,,,0,0,,,
absorbent filtering medium,,,[机] 吸收过滤介质,,,,,0,0,,,
absorbent gauze,,,"[化] 绷带纱布; 药用纱布\n[医] 脱脂纱布, 吸水纱布",,,,,0,0,,,
absorbent gland,,,[医] 淋巴结,,,,,0,0,,,
absorbent material,,, 吸收剂,,,,,0,0,,,
absorbent oil,,,[机] 吸收油,,,,,0,0,,,
absorbent paper,,,[化] 吸水纸,,,,,0,0,,,
absorbent power,,,[化] 吸收本领,,,,,0,0,,,
absorbent solution,,,[机] 吸收剂溶液,,,,,0,0,,,
absorbent system,,,"[医] 淋巴系统, 吸收系统",,,,,0,0,,,
absorbent test,,,[医] 吸收试验(鉴别细菌),,,,,0,0,,,
absorbent vessels,,,[医] 淋巴管,,,,,0,0,,,
absorbent wool,,,[医] 吸水棉,,,,,0,0,,,
absorbent-type filter,,,[机] 吸收剂型滤器,,,,,0,0,,,
absorbentia,әb'sɔ:bәntiә,,[拉]吸收剂,,,,,0,0,,,
absorbents,,plural of absorbent\na. having power or capacity or tendency to absorb or soak up something (liquids or energy etc.),(absorbent 的复数) a. 能吸收的\nn. 吸收剂,,,,,0,0,0:absorbent/1:s,,
absorber,әb'sɔ:bә,n. (physics) material in a nuclear reactor that absorbs radiation,n. 吸收器\n[化] 吸收剂; 消振器; 缓冲器; 吸收器; 吸收体,,,,,33422,20508,s:absorbers,,
absorber cooler,,,[化] 吸收塔冷却器,,,,,0,0,,,
absorber keying,,,[电] 吸收发报法,,,,,0,0,,,
absorber oil,,,[化] 洗油,,,,,0,0,,,
absorber valve,,,[电] 吸收管,,,,,0,0,,,
absorber washer,,,[化] 吸收洗涤器,,,,,0,0,,,
absorbers,,n. (physics) material in a nuclear reactor that absorbs radiation,[化工][电子] 吸收器\n[建] 减振器\n（核反应堆中吸收中子的）吸收料（absorber的复数）,,,,,0,0,0:absorber/1:s,,
absorbility,,,[化] 吸收能力; 吸收率,,,,,0,0,,,
absorbing,әb'sɒ:biŋ,s. capable of arousing and holding the attention,"a. 吸引人的, 非常有趣的\n[机] 吸收的",,1,,toefl,14174,17537,0:absorb/1:i/i:absorbing,,
absorbing apparatus,,,[机] 吸收仪器,,,,,0,0,,,
absorbing boundary equation,,,"[计] 吸收性, 边界方程",,,,,0,0,,,
absorbing centres,,,[化] 色心; 色中心,,,,,0,0,,,
absorbing circuit,,,[电] 吸收电路,,,,,0,0,,,
absorbing coil,,,[机] 吸收线圈,,,,,0,0,,,
absorbing column,,,[机] 吸收柱,,,,,0,0,,,
absorbing duct,,,[机] 吸收管,,,,,0,0,,,
absorbing joint,,,[化] 减震缝; 减震接缝,,,,,0,0,,,
absorbing material,,,[电] 吸收材料,,,,,0,0,,,
absorbing medium,,,[化] 吸收介质,,,,,0,0,,,
absorbing power,,,[化] 吸收本领,,,,,0,0,,,
absorbing rod,,,[电] 吸收杆,,,,,0,0,,,
absorbing surface,,,[机] 吸收面,,,,,0,0,,,
absorbing tower,,,[化] 吸收塔,,,,,0,0,,,
absorbing wedge,,,[电] 吸收劈,,,,,0,0,,,
absorbing well,,,[机] 吸入水井,,,,,0,0,,,
absorbingly,,,adv. 引人入胜地,,,,,0,0,,,
absorbite,,,活性炭,,,,,0,0,,,
absorbs,əbˈsɔ:bz,"v become imbued\nv take up mentally\nv take up, as of debts or payments\nv take in, also metaphorically\nv cause to become one with\nv suck or take up or in\nv devote (oneself) fully to\nv assimilate or take in\nv consume all of one's attention or time",v. 吸收（液体、气体等）( absorb的第三人称单数 ); 支付; 吞并; 理解,,,,,0,0,0:absorb/1:3,,
absorpt,,a. Absorbed.,a. 被…吸收的,,,,,0,0,,,
absorptance,әb'sɒ:ptәns,n a measure of the rate of decrease in the intensity of electromagnetic radiation (as light) as it passes through a given substance; the fraction of incident radiant energy absorbed per unit mass or thickness of an absorber,n. 吸收比\n[化] 吸收比,,,,,0,0,,,
absorptiometer,"әb,sɔ:pʃi'ɔmitә",,"n. 吸收计, 吸收测定器, 溶气汁, 调稠器",,,,,0,0,,,
absorptiometric analysis,,,[化] 吸光分析,,,,,0,0,,,
absorptiometry,"әb,sɔ:pʃi'ɔmitri",,"吸光测定法, 吸收测量学",,,,,0,0,,,
absorption,әb'sɒ:pʃәn,n. (chemistry) a process in which one substance permeates another; a fluid permeates or is dissolved by a liquid or solid\nn. (physics) the process in which incident radiated energy is retained without reflection or transmission on passing through a medium,"n. 吸收, 专心, 全神贯注\n[化] 吸收; 吸收作用",,,,cet6 toefl,5819,8596,s:absorptions,,
absorption account,,,"[经] 附属帐, 归纳帐户",,,,,0,0,,,
absorption apparatus,,,[化] 吸收装置\n[医] 吸收器,,,,,0,0,,,
absorption atelectasis,,,[医] 吸收性[肺]膨胀不全,,,,,0,0,,,
absorption band,,,[化] 吸收谱带,,,,,0,0,,,
absorption bands,,,"[医] 吸[收]光带, 吸收[光]谱带",,,,,0,0,,,
absorption bottle,,,[化] 吸收瓶,,,,,0,0,,,
absorption bulb,,,[化] 吸收球管,,,,,0,0,,,
absorption capacity,,,[化] 吸收本领,,,,,0,0,,,
absorption cell,,,"[化] 吸收池\n[医] 吸收匣, 吸收池",,,,,0,0,,,
absorption chamber,,,[机] 吸收室,,,,,0,0,,,
absorption circuit,,,[电] 吸收电路,,,,,0,0,,,
absorption coating,,,[化] 吸波涂层; 雷达吸波涂层; 微波吸收涂层,,,,,0,0,,,
absorption coefficient,,,"[化] 吸收系数; 吸光系数; 光谱吸光系数\n[医] 吸收系数, 本生氏吸收系数",,,,,0,0,,,
absorption coil,,,[化] 吸收盘管,,,,,0,0,,,
absorption color,,,[机] 吸收色,,,,,0,0,,,
absorption column,,,"[化] 吸收柱; 吸收塔\n[医] 吸收柱, 吸收塔",,,,,0,0,,,
absorption compound,,,[机] 吸收化合物,,,,,0,0,,,
absorption control,,,[电] 吸收控制,,,,,0,0,,,
absorption cost,,,[经] 全部成本,,,,,0,0,,,
absorption costing,,,[经] 归纳(吸收)成本计算法,,,,,0,0,,,
absorption cross section,,,[化] 吸收截面,,,,,0,0,,,
absorption current,,,[电] 吸收电流,,,,,0,0,,,
absorption curve,,,[化] 吸收曲线,,,,,0,0,,,
absorption degree,,,[机] 吸收度,,,,,0,0,,,
absorption dielectrie,,,[电] 吸收介质,,,,,0,0,,,
absorption discontinuity,,,[电] 吸收间断,,,,,0,0,,,
absorption dynamometer,,,[电] 吸收测力计,,,,,0,0,,,
absorption edge,,,[医] 吸收限,,,,,0,0,,,
absorption enhancement effect,,,[化] 吸收增强效应,,,,,0,0,,,
absorption equilibrium,,,[机] 吸收平衡,,,,,0,0,,,
absorption equipment,,,[化] 吸收设备,,,,,0,0,,,
absorption exponent,,,[机] 吸收指数,,,,,0,0,,,
absorption factor,,,[化] 吸收率; 吸收因子,,,,,0,0,,,
absorption fading,,,[电] 吸收衰落,,,,,0,0,,,
absorption fever,,,[医] 吸收热,,,,,0,0,,,
absorption filter,,,[化] 吸收滤光片,,,,,0,0,,,
absorption flask,,,[机] 吸收烧瓶,,,,,0,0,,,
absorption flow detector,,,[化] 吸收式探伤器,,,,,0,0,,,
absorption fredquency meter,,,[电] 吸收频率计,,,,,0,0,,,
absorption frequency,,,[计] 吸收频率\n[化] 吸收频率,,,,,0,0,,,
absorption function,,,[机] 吸收函数,,,,,0,0,,,
absorption gasoline,,,[机] 吸收汽油,,,,,0,0,,,
absorption hygrometer,,,[机] 吸收式湿度计,,,,,0,0,,,
absorption in the matrix lattice,,,[电] 基本点阵吸收,,,,,0,0,,,
absorption index,,,[电] 吸收指数,,,,,0,0,,,
absorption indicator,,,[网络] 吸收指标；吸收指示剂,,,,,0,0,,,
absorption intensity,,,[化] 吸收强度,,,,,0,0,,,
absorption isobar,,,[机] 吸收等压线,,,,,0,0,,,
absorption isotherm,,,[化] 吸收等温线,,,,,0,0,,,
absorption jaundice,,,[医] 吸收性黄疸,,,,,0,0,,,
absorption lacuna,,,"[医] 吸收腔隙, 豪希普氏腔隙",,,,,0,0,,,
absorption law,,,[计] 吸收律,,,,,0,0,,,
absorption lens,,,[医] 吸收透镜,,,,,0,0,,,
absorption limit,,,[机] 吸收极限,,,,,0,0,,,
absorption line,,,[化] 吸收谱线,,,,,0,0,,,
absorption lines,,,[医] 吸收线,,,,,0,0,,,
absorption liquid,,,[机] 吸收液,,,,,0,0,,,
absorption loss,,,[电] 吸收损失,,,,,0,0,,,
absorption machine,,,[机] 吸收式冷冻机,,,,,0,0,,,
absorption marker,,,[电] 吸收信标器,,,,,0,0,,,
absorption method,,,[医] 凝集素吸收分离法,,,,,0,0,,,
absorption modulation,,,[电] 吸收调变,,,,,0,0,,,
absorption of alcohol,,,[法] 酒精吸收,,,,,0,0,,,
absorption of heat,,,[机] 热的吸收,,,,,0,0,,,
absorption of light,,,[机] 光吸收,,,,,0,0,,,
absorption of moisture,,,"[机] 吸湿, 吸潮",,,,,0,0,,,
absorption of radiw waves,,,[电] 无线电波的吸收,,,,,0,0,,,
absorption of sound,,,[电] 声的吸收,,,,,0,0,,,
absorption oil,,,[机] 吸收油,,,,,0,0,,,
absorption oil purification process,,,[机] 吸收油精制过程,,,,,0,0,,,
absorption paper,,,[医] 吸收纸(用于脂肪和树脂测定),,,,,0,0,,,
absorption pipette,,,[化] 吸收球管,,,,,0,0,,,
absorption plant,,,[化] 吸收装置,,,,,0,0,,,
absorption potential,,,[机] 吸收电位,,,,,0,0,,,
absorption power,,,[化] 吸收本领,,,,,0,0,,,
absorption process,,,[机] 吸收法,,,,,0,0,,,
absorption rate,,,[化] 吸收速率,,,,,0,0,,,
absorption ratio,,,[医] 吸收率,,,,,0,0,,,
absorption ray,,,[机] 吸收(射)线,,,,,0,0,,,
absorption refrigerating machine,,,[化] 吸收式冷冻机,,,,,0,0,,,
absorption refrigeration,,,[化] 吸收制冷,,,,,0,0,,,
absorption refrigerator,,,[化] 吸收式冷冻机,,,,,0,0,,,
absorption region,,,[计] 吸收区域,,,,,0,0,,,
absorption resonance,,,[电] 吸收共振,,,,,0,0,,,
absorption shock,,,[机] 减震法,,,,,0,0,,,
absorption silencer,,,[化] 吸收式消声器,,,,,0,0,,,
absorption spectroanalysis,,,[化] 吸收光谱分析,,,,,0,0,,,
absorption spectroelec-trochemistry,,,[化] 吸收光谱电化学,,,,,0,0,,,
absorption spectrometer,,,[化] 吸收分光计,,,,,0,0,,,
absorption spectrometry,,,[化] 吸收光谱测定; 吸收光谱测定法,,,,,0,0,,,
absorption spectrophotometry,,,[化] 吸收光谱测定法,,,,,0,0,,,
absorption spectroscopy,,,[化] 吸收光谱学,,,,,0,0,,,
absorption spectrum,,,[计] 吸收光谱\n[化] 吸收光谱,,,,,0,0,,,
absorption system,,,[机] 吸收式系统,,,,,0,0,,,
absorption system of refrigeration,,,[机] 冷冻吸收水性试验,,,,,0,0,,,
absorption test,,,[医] 吸收试验(鉴别细菌),,,,,0,0,,,
absorption test of greases,,,[机] 润滑脂吸水性试验,,,,,0,0,,,
absorption tower,,,[化] 吸收塔,,,,,0,0,,,
absorption train,,,[机] 吸收装置,,,,,0,0,,,
absorption trap,,,[电] 吸收陷阱,,,,,0,0,,,
absorption tray,,,[化] 吸收盘; 吸收塔盘,,,,,0,0,,,
absorption tube,,,[化] 吸收管\n[医] 吸收管,,,,,0,0,,,
absorption unit,əbˈsɔ:pʃən ˈju:nit,, 赛宾,,,,,0,0,,,
absorption value,,,[化] 吸收值\n[医] 吸收值,,,,,0,0,,,
absorption velocity,,,[机] 吸收速度,,,,,0,0,,,
absorption vessel,,,[化] 吸收皿,,,,,0,0,,,
absorption vost basis,,,[经] 全部成本计算基础,,,,,0,0,,,
absorption wavementer,,,[电] 吸收式量波器,,,,,0,0,,,
absorption wavemeter,,,[电] 吸收式波长计,,,,,0,0,,,
absorptions,,plural of absorption\nn. (chemistry) a process in which one substance permeates another; a fluid permeates or is dissolved by a liquid or solid\nn. (physics) the process in which incident radiated energy is retained without reflection or transmission on passing through a medium,"(absorption 的复数) n. 吸收, 专心, 全神贯注\n[化] 吸收; 吸收作用",,,,,0,0,0:absorption/1:s,,
absorptive,әb'sɒ:ptiv,a having power or capacity or tendency to absorb or soak up something (liquids or energy etc.),"a. 吸收性的, 有吸收力的\n[医] 吸收的",,,,,46069,34749,,,
absorptive capacity,,,[化] 吸收容量,,,,,0,0,,,
absorptive consolidation,,,[法] 吸收合并,,,,,0,0,,,
absorptive extraction,,,[化] 吸收抽提,,,,,0,0,,,
absorptive power,,,[机] 吸收能力,,,,,0,0,,,
absorptive transition,,,[电] 吸收过渡,,,,,0,0,,,
absorptive-type filter,,,[机] 吸收型滤器,,,,,0,0,,,
absorptiveness,,n. The quality of being absorptive; absorptive power.,n. absorptive的变形,,,,,0,0,,,
absorptivity,әbsɔ:p'tiviti,n. (physics) the property of a body that determines the fraction of the incident radiation or sound flux absorbed or absorbable by the body,"n. 吸收性, 吸收率\n[计] 吸收性, 吸收率",,,,,0,0,,,
absosbentia,,,[医] 吸收剂,,,,,0,0,,,
absotively,,absolutely positively\n> I was absotively convinced that he was a moron!\n,,,,,,0,0,,,
absoulute majority,,,[法] 绝对多数,,,,,0,0,,,
absoute plea,,,[法] 绝对抗辩,,,,,0,0,,,
absp,,, [医][=auditory brain stem potential]听性脑干电位,,,,,0,0,,,
absquatulate,æb'skwɒtjuleit,v run away; usually includes taking something or somebody along,"vi. 逃走, 溜脱\n[法] 逃脱, 逃走, 拐逃",,,,,0,0,i:absquatulating/p:absquatulated/3:absquatulates/d:absquatulated,,
absquatulated,,v run away; usually includes taking something or somebody along,"v. 逃走, 溜脱, 开小差( absquatulate的过去式和过去分词 )",,,,,0,0,1:pd/0:absquatulate,,
absquatulated with funds,,,[法] 拐款潜逃,,,,,0,0,,,
absquatulates,,v run away; usually includes taking something or somebody along,"v. 逃走, 溜脱, 开小差( absquatulate的第三人称单数 )",,,,,0,0,1:3/0:absquatulate,,
absquatulating,,v run away; usually includes taking something or somebody along,"v. 逃走, 溜脱, 开小差( absquatulate的现在分词 )",,,,,0,0,1:i/0:absquatulate,,
absquatulation,"æb,skwɔtjj'leiʃәn",,n. 开小差,,,,,0,0,,,
absquatulize,,,[网络] 绝食,,,,,0,0,,,
abst.,,,"[医] 强散剂; 摘要, 提要",,,,,0,0,,,
abstain,әb'stein,v. refrain from voting\nv. choose not to consume,"vi. 自制, 戒绝, 弃权, 回避",,1,,toefl gre,11773,13833,p:abstained/i:abstaining/d:abstained/3:abstains,,
abstain from,,,"戒除,避开,对…弃权",,,,,0,0,,,
abstain from an act,,,[法] 不作为,,,,,0,0,,,
abstain from pleading,,,[法] 放弃申辩权,,,,,0,0,,,
abstained,əb'steɪn,imp. & p. p. of Abstain,vi. 自制；放弃；避免,,,,,0,0,0:abstain/1:pd,,
abstainer,әb'steinә,n. someone who practices self denial as a spiritual discipline\nn. a person who refrains from drinking intoxicating beverages,"n. 节制者, 弃权者",,,,,40449,34821,s:abstainers,,
abstainers,,plural of abstainer\nn. someone who practices self denial as a spiritual discipline\nn. a person who refrains from drinking intoxicating beverages,"(abstainer 的复数) n. 节制者, 弃权者",,,,,0,0,0:abstainer/1:s,,
abstaining,,p. pr. & vb. n. of Abstain,n. 弃权\nv. 自制；戒绝（abstain的ing形式）,,,,,0,0,0:abstain/1:i,,
abstains,əbˈsteinz,v refrain from voting\nv choose not to consume,"v. 戒（尤指酒）, 戒除( abstain的第三人称单数 ); 弃权（不投票）",,,,,0,0,0:abstain/1:3,,
abstatampere,,,绝静安培; 绝静安培,,,,,0,0,,,
abstatvolt,,,绝静伏特; 绝静伏特,,,,,0,0,,,
abstemious,æb'sti:mjәs,a. sparing in consumption of especially food and drink\ns. marked by temperance in indulgence,"a. 有节制的, 节约的",,,,gre,37943,41055,,,
abstemiously,'əbsti:mɪəslɪ,r in a sparing manner; without overindulgence,adv. 适中地; 有节制地; 适度地,,,,,0,0,,,
abstemiousness,,"n. The quality of being abstemious, temperate, or\n   sparing in the use of food and strong drinks. It expresses a greater\n   degree of abstinence than temperance.",节制,,,,,0,0,,,
abstention,әb'stenʃәn,n the trait of abstaining (especially from alcohol),"n. 戒绝, 回避, 弃权",,,,gre,13117,24775,s:abstentions,,
abstention from voting,,,[法] 投票时弃权,,,,,0,0,,,
abstentionism,əb'stenʃənizəm,,n. 回避政策；不干涉主义,,,,,0,0,,,
abstentionist,,,"n. , adj. abstentionism的变形",,,,,0,0,s:abstentionists,,
abstentionists,,plural of abstentionist,"(abstentionist 的复数) n., adj. abstentionism的变形",,,,,0,0,0:abstentionist/1:s,,
abstentions,æbˈstenʃənz,n. the trait of abstaining (especially from alcohol),n. 戒除( abstention的复数形式 ); 避免; 弃权; 戒绝者,,,,,0,0,0:abstention/1:s,,
abstentious,æb'stenʃəs,a. Characterized by abstinence; self-restraining.,a. 有节制的,,,,gre,0,0,,,
absterge,әb'stә:dʒ,"v. t. To make clean by wiping; to wipe away; to cleanse;\n   hence, to purge.","vt. 洗净, 擦去",,,,,0,0,,,
abstergent,әb'stә:dʒәnt,"a. Serving to cleanse, detergent.\nn. A substance used in cleansing; a detergent; as, soap is\n   an abstergent.",a. 去垢的\nn. 洗洁剂,,,,,0,0,,,
abstersion,әb'stә:ʃәn,n. Act of wiping clean; a cleansing; a purging.,n. 洗涤,,,,,0,0,,,
abstersive,әb'stә:siv,a. Cleansing; purging.\nn. Something cleansing.,"a. 使洁净的, 去垢的",,,,,0,0,,,
abstersiveness,,n. The quality of being abstersive.,n. abstersive的变形,,,,,0,0,,,
abstinence,'æbstinәns,n. the trait of abstaining (especially from alcohol)\nn. act or practice of refraining from indulging an appetite,"n. 节制, 禁欲, 戒酒\n[医] 节制, 禁戒(如禁酒,节欲)",,1,,toefl,16463,10794,s:abstinences,,
abstinence of drug,,,[法] 戒除毒瘾,,,,,0,0,,,
abstinence symptoms,,,"[医] 脱瘾症状, 断除症状",,,,,0,0,,,
abstinence syndrome,,,[医] 脱瘾综合征,,,,,0,0,,,
abstinence theory,,,[经] 节制理论,,,,,0,0,,,
abstinences,,plural of abstinence\nn. the trait of abstaining (especially from alcohol)\nn. act or practice of refraining from indulging an appetite,"(abstinence 的复数) n. 节制, 禁欲, 戒酒\n[医] 节制, 禁戒(如禁酒,节欲)",,,,,0,0,0:abstinence/1:s,,
abstinency,'æbstinәnsi,n. Abstinence.,"n. 禁欲, 节制",,,,,0,0,,,
abstinent,'æbstinәnt,s. self-restraining; not indulging an appetite especially for food or drink,"a. 有节制的, 禁欲的\nn. 禁欲者",,,,gre,0,32241,,,
abstinently,,adv. With abstinence.,adv. abstinent的变形,,,,,0,0,,,
abstinyl,'æbstinil,,"二硫化四乙秋兰姆, 戒酒硫, 双硫醒",,,,,0,0,,,
abston,,, [人名] 阿布斯顿,,,,,0,0,,,
abstr,,,abbr. 摘要（abstract）,,,,,0,0,,,
abstract,'æbstrækt,v. consider a concept without thinking of a specific example; consider abstractly or theoretically\nv. consider apart from a particular case or instance\nv. give an abstract (of)\na. existing only in the mind; separated from embodiment,"a. 抽象的, 深奥的\nn. 摘要, 抽象概念\nvt. 摘要, 提炼, 使抽象化\n[计] 摘录; 摘要; 抽象",,2,,gk cet4 cet6 ky toefl ielts gre,3729,4007,s:abstracts/d:abstracted/i:abstracting/3:abstracts/p:abstracted,,
abstract account,,,[经] 月结帐户,,,,,0,0,,,
abstract action,,,[法] 无因行为,,,,,0,0,,,
abstract algebra,,,[计] 抽象代数,,,,,0,0,,,
abstract algorithm,,,[计] 抽象算法,,,,,0,0,,,
abstract and epitome of title,,,[法] 产权书说明摘要,,,,,0,0,,,
abstract art,ˈæbstrækt ɑ:t,,n. 抽象派，抽象主义,,,,,0,0,,,
abstract artist,,,[网络] 抽象派的画家,,,,,0,0,,,
abstract automata theory,,,[电] 抽象自动机理论,,,,,0,0,,,
abstract book,,,[经] 汇总收支摘要簿,,,,,0,0,,,
abstract contract,,,[法] 无因契约,,,,,0,0,,,
abstract data type,,,[计] 抽象数据类型,,,,,0,0,,,
abstract entity,ˈæbstrækt ˈentiti,, 抽象实体,,,,,0,0,,,
abstract expressionism,ˈæbstrækt kˈspreʃəniz(ə)m,,n. 抽象表现主义,,,,,0,0,,,
abstract expressionist,,,a. 抽象表现主义的,,,,,0,0,,,
abstract family of language,,,[计] 抽象语言族,,,,,0,0,,,
abstract formal model,,,[计] 抽象形式模型,,,,,0,0,,,
abstract grammar,,,[计] 抽象语法,,,,,0,0,,,
abstract individual,,,[计] 抽象单体,,,,,0,0,,,
abstract invoice,,,"[经] 简式发票, 摘要货单",,,,,0,0,,,
abstract jurisprudence,,,[法] 纯粹法理学,,,,,0,0,,,
abstract juristic act,,,[法] 无因法律行为,,,,,0,0,,,
abstract labor,,,[经] 抽象劳动,,,,,0,0,,,
abstract ledger,,,"[经] 作业费用总帐, 工厂的制造费用总帐",,,,,0,0,,,
abstract machine,,,[计] 抽象机,,,,,0,0,,,
abstract mathematical machine,,,[计] 抽象数学机,,,,,0,0,,,
abstract mechanism,,,"[计] 抽象机构, 抽象机制, 抽象结构",,,,,0,0,,,
abstract method,,,[经] 抽象法,,,,,0,0,,,
abstract model,,,[计] 抽象模型,,,,,0,0,,,
abstract norm,,,[计] 抽象范数,,,,,0,0,,,
abstract noun,,,[计] 抽象名词,,,,,0,0,,,
abstract object,,,"[计] 抽象对象, 抽象目标",,,,,0,0,,,
abstract of account sales,,,[经] 销售帐户摘要,,,,,0,0,,,
abstract of account wages,,,[经] 工资帐户摘要,,,,,0,0,,,
abstract of financial statements,,,[经] 财务报表摘要,,,,,0,0,,,
abstract of posting,,,[经] 过账分录表,,,,,0,0,,,
abstract of record,,,"[法] 记录提要, 案卷摘录",,,,,0,0,,,
abstract of title,,,产权简史\n[经] 产权状况节略,,,,,0,0,,,
abstract operator,,,"[计] 抽象算符, 抽象算子",,,,,0,0,,,
abstract program,,,[计] 抽象程序,,,,,0,0,,,
abstract programming,,,[计] 抽象程序设计,,,,,0,0,,,
abstract received and forwarded,,,[经] 发出和到达货物摘要,,,,,0,0,,,
abstract space,,,[计] 抽象空间,,,,,0,0,,,
abstract statement,,,[经] 摘要说明表,,,,,0,0,,,
abstract storage structure,,,[计] 抽象存储结构,,,,,0,0,,,
abstract symbol,,,[计] 抽象符号,,,,,0,0,,,
abstract syntactics,,,[计] 抽象语法,,,,,0,0,,,
abstract syntax,,,[计] 抽象语法,,,,,0,0,,,
Abstract Syntax Notation One,,,[计] 抽象语法表示法/1,,,,,0,0,,,
abstract system,,,[化] 抽象系统,,,,,0,0,,,
abstract table,,,[计] 抽象表,,,,,0,0,,,
abstract thought,ˈæbstrækt θɔ:t,, 抽象思考,,,,,0,0,,,
abstract verb,,,[计] 抽象动词,,,,,0,0,,,
abstract-expressionist,,,抽象表现主义,,,,,0,0,,,
abstractable,æb'stræktəbl,,a. abstract的变形,,,,,0,0,,,
AbstractArray,,,抽象数组,,,,,0,0,,,
abstracted,æb'stræktid,v consider a concept without thinking of a specific example; consider abstractly or theoretically\nv make off with belongings of others\nv consider apart from a particular case or instance\nv give an abstract (of)\ns lost in thought; showing preoccupation,"a. 心不在焉的, 出神的, 分离出的",,,,,23427,26242,1:dp/0:abstract/d:abstracted,,
abstractedly,,r in an absentminded or preoccupied manner,"adv. 心不在焉, 抽出了, 分心, 出神",,,,,37224,41345,,,
abstractedness,",æb'stræktidnis",n. The state of being abstracted; abstract character.,出神；发呆,,,,,0,0,,,
abstracter,,"n. One who abstracts, or makes an abstract.",n. 摘要；抽象；抽象的概念 (abstract的变形),,,,,0,0,,,
abstractg of title,,,"[法] 产权说明, 所有权证书摘要",,,,,0,0,,,
abstracting,,v consider a concept without thinking of a specific example; consider abstractly or theoretically\nv make off with belongings of others\nv consider apart from a particular case or instance\nv give an abstract (of),[计] 文摘,,,,,0,0,0:abstract/1:i/i:abstracting,,
abstracting service,,,[计] 文摘服务处; 文摘服务,,,,,0,0,,,
abstracting symbol,,,[计] 抽象符号,,,,,0,0,,,
abstraction,æb'strækʃәn,n. a concept or idea not associated with any specific instance\nn. the act of withdrawing or removing something\nn. the process of formulating general concepts by abstracting common properties of instances\nn. an abstract painting,"n. 抽象化, 心不在焉, 空想, 提炼, 抽象派作品\n[化] 提取; 抽取; 夺取; 夺取反应; 除去",,1,,toefl,7880,8413,s:abstractions,,
abstraction of heat,,,[化] 减热,,,,,0,0,,,
abstraction programming,,,[计] 抽象程序设计,,,,,0,0,,,
abstraction reaction,,,[化] 夺取反应; 提取反应; 抽取反应(如H-abstraction reaction夺氢反应),,,,,0,0,,,
abstraction space,,,[计] 抽象空间,,,,,0,0,,,
abstraction-coupling polymerization,,,[化] 夺取-偶合聚合,,,,,0,0,,,
abstractional,,a. Pertaining to abstraction.,a. abstraction的变形,,,,,0,0,,,
abstractionism,æb'strækʃәnizm,n. an abstract genre of art; artistic content depends on internal form rather than pictorial representation\nn. a representation having no reference to concrete objects or specific examples,"n. 抽象派, 抽象派艺术",,,,,0,0,,,
abstractionist,æb'strækʃәnist,n. a painter of abstract pictures,n. 抽象派艺术家,,,,,0,37590,s:abstractionists,,
abstractionists,,plural of abstractionist\nn. a painter of abstract pictures,(abstractionist 的复数) n. 抽象派艺术家,,,,,0,0,0:abstractionist/1:s,,
abstractions,æbˈstrækʃənz,n. a concept or idea not associated with any specific instance\nn. the act of withdrawing or removing something\nn. the process of formulating general concepts by abstracting common properties of instances,n. 抽象( abstraction的复数形式 ); <逻>抽象; 抽象概念; 抽象化,,,,,0,0,0:abstraction/1:s,,
abstractive,æb'strækәtiv,s. of an abstracting nature or having the power of abstracting,"a. 具有抽象能力的, 摘要式的",,,,,0,0,,,
abstractively,,adv. In a abstract manner; separately; in or by itself.,adv. 抽象地；抽象性地,,,,,0,0,,,
abstractiveness,,n. The quality of being abstractive; abstractive\n   property.,n. abstractive的变形,,,,,0,0,,,
abstractly,æb'stræktli,r. in abstract terms,adv. 抽象地；理论上地,,,,,44485,25070,,,
abstractness,,n. the quality of being considered apart from a specific instance or object,n. 抽象性,,,,,0,42951,,,
abstractor,,n. one who makes abstracts or summarizes information,n. 萃取器；摘录者,,,,,0,0,s:abstractors,,
abstractors,,plural of abstractor\nn. one who makes abstracts or summarizes information,(abstractor 的复数) n. 萃取器；摘录者,,,,,0,0,0:abstractor/1:s,,
abstracts,ˈæbstrækts,n a concept or idea not associated with any specific instance\nn a sketchy summary of the main points of an argument or theory\nv consider a concept without thinking of a specific example; consider abstractly or theoretically\nv make off with belongings of others\nv consider apart from a particular case or instance\nv give an abstract (of),n. 抽象概念( abstract的名词复数 ); 抽象派艺术作品; 摘要,,,,,0,0,0:abstract/1:s3,,
abstractum,æb'stræktәm,,[拉]强散剂,,,,,0,0,,,
abstrict,æb'strikt,,v. [植](使)缢离,,,,,0,0,,,
abstriction,æb'strikʃәn,,n. [植]缢离作用,,,,,0,0,,,
abstruct,,,[计] 简介,,,,,0,0,,,
abstruse,æb'stru:s,s. difficult to penetrate; incomprehensible to one of ordinary understanding or knowledge,"a. 难解的, 深奥的",,,,toefl gre,33040,29894,r:abstruser,,
abstrusely,,r. in a manner difficult to understand,"adv. 难懂, 深奥, 难解",,,,,0,0,,,
abstruseness,æb'stru:siti,n the quality of being unclear or abstruse and hard to understand\nn wisdom that is recondite and abstruse and profound,"n. 难解, 深奥",,,,,0,0,,,
abstruser,,comparative of abstruse\ns. difficult to penetrate; incomprehensible to one of ordinary understanding or knowledge,"(abstruse 的比较级) a. 难解的, 深奥的",,,,,0,0,0:abstruse/1:r,,
abstrusity,æb'stru:sәti,n wisdom that is recondite and abstruse and profound,"n. 难解, 深奥",,,,,0,0,,,
absulute nullity,,,[法] 绝对无效,,,,,0,0,,,
absurd,әb'sә:d,n. a situation in which life seems irrational and meaningless\ns. inconsistent with reason or logic or common sense\ns. incongruous; inviting ridicule,"a. 荒谬的, 不合理的, 可笑的\nn. 荒诞",,2,,gk cet6 ky toefl ielts gre,5676,5901,s:absurds,,
absurdism,әb'sә:dizәm,,n. 荒诞主义,,,,,0,0,,,
absurdist,әb'sә:dist,,n. 荒诞主义者,,,,,49230,0,s:absurdists,,
absurdistan,,, [电影]荒诞主义者,,,,,0,0,,,
absurdists,,plural of absurdist,(absurdist 的复数) n.荒诞主义者,,,,,0,0,0:absurdist/1:s,,
absurdities,əb'sɜːdɪtɪ,pl.  of Absurdity,n. 荒谬；谬论；荒谬的言行,,,,,0,0,0:absurdity/1:s,,
absurdity,әb'sә:diti,n. a message whose content is at variance with reason\nn. a ludicrous folly,"n. 荒谬, 悖理, 荒谬的言行",,,,,11686,12372,s:absurdities,,
absurdly,әb'sә:dli,r. in an absurd manner or to an absurd degree,"adv. 荒谬地, 荒唐地, 愚蠢地",,,,,14080,16888,,,
absurdness,әb'sә:dnis,n a message whose content is at variance with reason,"n. 荒谬, 愚蠢",,,,,0,0,,,
absurds,,plural of absurd\nn. a situation in which life seems irrational and meaningless\ns. inconsistent with reason or logic or common sense\ns. incongruous; inviting ridicule,"(absurd 的复数) a. 荒谬的, 不合理的, 可笑的\nn. 荒诞",,,,,0,0,0:absurd/1:s,,
absurdum,,,荒谬\n悖理,,,,,0,0,,,
abswrite,,,绝对写,,,,,0,0,,,
abt,,,abbr. 大约（about）,,,,,0,0,,,
Abt's method,,,[医] 阿布特氏法,,,,,0,0,,,
abt-system railway,,,[机] 齿轨铁路,,,,,0,0,,,
abt.,,,abbr. 部门（Abteilung）,,,,,0,0,,,
ABTA,,,abbr. 英国旅行社协会（Association of British Travel Agents）；澳大利亚-英国贸易协会（Australian British Trade Association）,,,,,38949,0,,,
abterminal,,,"[医] 离末端的, 从末端向中心的(电流)",,,,,0,0,,,
abtorsion,,,[医] 眼外转,,,,,0,0,,,
abts,,,abbr. 基础电信协议（Agreement on Basic Telecommunication Services）,,,,,0,0,,,
abu,,,abbr. 亚洲广播联盟（Asian Broadcast Union）,,,,,9321,0,,,
Abu Ali al-Husain ibn Abdallah ibn Sina,,,[网络] 阿布·阿里·胡赛恩·本·阿卜杜拉·伊本·新浪,,,,,0,0,,,
Abu Dhabi,'æbu: 'ðæbi:,,阿布扎比(阿拉伯联合酋长国之一),,,,,0,0,,,
Abu Hafs al-Masri Brigades,,,[网络] 马斯里旅,,,,,0,0,,,
Abu Nidal Organization,,,[网络] 三名来至尼达尔组织；艾布尼达尔组织,,,,,0,0,,,
Abu Sayyaf,,,[网络] 阿布沙耶夫；阿布萨耶夫；阿布沙伊夫,,,,,0,0,,,
Abu Simbel,,,阿布辛贝（埃及地名）；阿布辛拜勒,,,,,0,0,,,
abu-baker,,,n. (Abubaker)人名；(阿拉伯)阿布-贝克尔；(西)阿武瓦克,,,,,0,0,,,
abubakar,,,n. (Abubakar)人名；(尼日利、坦桑)阿布巴卡尔,,,,,0,0,,,
abubble,ə'bʌbl,,a. 形成气泡的;  冒出气泡的; 非常活跃的;  非常兴奋的,,,,,0,0,,,
abud,,,abbr. Abu dhabi <阿联酋>阿布扎比,,,,,0,0,,,
Abudefduf,,,[网络] 豆娘鱼属,,,,,0,0,,,
Abudefduf saxatilis,,,[网络] 岩豆娘鱼；五间,,,,,0,0,,,
abuela,,,[网络] 奶奶；阿布拉；外婆,,,,,0,0,,,
abuelita,,,[网络] 雅布莉塔,,,,,0,0,,,
abuelo,,,[网络] 外公；外祖父；姥爷,,,,,0,0,,,
ABUI,,,[计] 国际Banyan用户协会,,,,,0,0,,,
abuilding,ә'bju:diŋ,,a. 在建造中的,,,,,0,0,,,
Abuja,a:'bu:dʒa:,n. capital of Nigeria in the center of the country,n. 阿布贾（尼日利亚现在的首都）,,,,,0,0,,,
Abukir,",æbu:'kiə",,阿布吉尔湾(埃及北部海湾) [亦作 Aboukir],,,,,0,0,,,
Abukir Bay,,,[网络] 阿布基尔湾,,,,,0,0,,,
abukumalite,,,硅磷灰石,,,,,0,0,,,
abul,,,n. (Abul)人名；(阿拉伯)阿布,,,,,0,0,,,
Abul Kasim,"ə,bu:lkɑ:'sim",,"(拉丁名Albucasis) 阿布勒—卡西姆(约936～约1013, 出生于西班牙的阿拉伯外科医师、医学百科全书编纂者)",,,,,0,0,,,
Abul-Walid Mohammed ibn-Ahmad Ibn-Mohammed ibn-Roshd,,,[网络] Abul-Walid Muhammad ibn-Ahmad Ibn-Muhammad ibn-Rushd,,,,,0,0,,,
abulia,ә'bju:liә,n. a loss of will power,n. 意志缺失\n[医] 意志缺失,,,,,0,0,,,
abulic,,s suffering from abulia; showing abnormal inability to act or make decisions,[医] 意志缺失的,,,,,0,0,,,
Abulkasim,,,[医] 阿布耳卡辛(阿拉伯著名外科家、著作家),,,,,0,0,,,
Abulkasis,,,[医] 阿布耳卡辛,,,,,0,0,,,
abulomania,,,[医] 意志缺失狂,,,,,0,0,,,
abum fixing bath,,,[化] 坚膜定像浴,,,,,0,0,,,
Abumeron,"ə,bu:mə'rən",,阿布美隆(＝ Avenzoar),,,,,0,0,,,
abun,,,n. (Abun)人名；(日)蛙文(姓),,,,,0,0,,,
abuna,ɑ:'bunə,"n. The Patriarch, or head of the Abyssinian Church.",n. 阿布那,,,,,0,0,,,
abundance,ә'bʌndәns,n. the property of a more than adequate quantity or supply\nn. (physics) the ratio of the number of atoms of a specific isotope of an element to the total number of isotopes present\nn. (chemistry) the ratio of the total mass of an element in the earth's crust to the total mass of the earth's crust; expressed as a percentage or in parts per million,"n. 丰富, 充足, 大量\n[经] 丰富, 充裕",,1,,cet6 ky toefl ielts gre,7038,5425,s:abundances,,
abundance of element,,,[化] 元素丰度,,,,,0,0,,,
abundance ratio,,,[化] 丰度比,,,,,0,0,,,
abundances,,plural of abundance\nn. the property of a more than adequate quantity or supply\nn. (physics) the ratio of the number of atoms of a specific isotope of an element to the total number of isotopes present\nn. (chemistry) the ratio of the total mass of an element in the earth's crust to the total mass of the earth's crust; expressed as a percentage or in parts per million,"(abundance 的复数) n. 丰富, 充足, 大量\n[经] 丰富, 充裕",,,,,0,0,0:abundance/1:s,,
abundant,ә'bʌndәnt,a. present in great quantity,"a. 丰富的, 充分的, 大量的",,1,,gk cet4 ky toefl gre,7823,6223,,,
abundant lubrication,,,[机] 多油润滑,,,,,0,0,,,
abundant number,,,[计] 过剩数,,,,,0,0,,,
abundant proof,,,[经] 充分的证据,,,,,0,0,,,
abundante cautela,,,[网络] 丰富的cautela,,,,,0,0,,,
abundantly,ә'bʌndәntli,r. in an abundant manner,"adv. 大量地, 丰富地",,,,toefl,14238,16050,,,
abura,,,[建] 大叶帽柱木,,,,,0,0,,,
aburamycin,,,[化] 油霉素; 阿布拉霉素\n[医] 阿布拉霉素,,,,,0,0,,,
aburdene,,, [人名] 阿伯迪恩,,,,,0,0,,,
aburn,,,[网络] 烧伤；无业游民；焚烧,,,,,0,0,,,
abus,,,n. 总线；离合器,,,,,0,0,,,
abusable,,a. That may be abused.,a. abuse的变形,,,,,0,0,,,
abusage,ә'bju:sidʒ,n. Abuse.,n. 文字的滥用,,,,,0,0,,,
abuse,ә'bju:s.ә'bju:z,n. a rude expression intended to offend or hurt\nv. use foul or abusive language towards\nv. use wrongly or improperly or excessively,"n. 滥用, 虐待, 恶习, 辱骂\nvt. 滥用, 辱骂, 虐待",,4,1,gk cet4 cet6 ky toefl ielts gre,2352,1540,d:abused/s:abuses/i:abusing/3:abuses/p:abused,,
abuse a privilege,,,[法] 滥用特权,,,,,0,0,,,
abuse du droit,,,[法] 权利的滥用,,,,,0,0,,,
abuse of authority,,,[法] 滥用职权,,,,,0,0,,,
abuse of discretion,,,[法] 裁量权的滥用,,,,,0,0,,,
abuse of distress,,,[法] 滥用扣押物,,,,,0,0,,,
abuse of franchise,,,"[法] 滥用选举权, 滥用特许权",,,,,0,0,,,
abuse of judicial discretion,,,[法] 司法裁量权的滥用,,,,,0,0,,,
abuse of law,,,[法] 滥用法律,,,,,0,0,,,
abuse of police authorities,,,[法] 滥用警察权力,,,,,0,0,,,
abuse of power,,,[法] 滥用权力,,,,,0,0,,,
abuse of process,,,[法] 滥用诉讼程序,,,,,0,0,,,
abuse of rights,,,[经] 权利的滥用,,,,,0,0,,,
abuse of the age,,,时弊,,,,,0,0,,,
abuse of the machine,,,[化] 机器维护不良,,,,,0,0,,,
abuse of trust,,,[经] 不顾信用,,,,,0,0,,,
abuse one's offical powers,,,[法] 滥用职权,,,,,0,0,,,
abuse rights,,,滥用权力,,,,,0,0,,,
abused,,s. used improperly or excessively especially drugs\na. subjected to cruel treatment,"n. 受虐；滥用, 恶习",,,,,20939,13867,0:abuse/1:dp/d:abused/p:abused,,
abuser,,n. someone who abuses,n. 滥用者,,,,,19697,10324,s:abusers,,
abusers,,n. someone who abuses,n. abuser的名词复数形式,,,,,0,0,0:abuser/1:s,,
abuses,,n cruel or inhumane treatment\nn a rude expression intended to offend or hurt\nn improper or excessive use\nv treat badly\nv change the inherent purpose or function of something\nv use foul or abusive language towards\nv use wrongly or improperly or excessively,v. 滥用；虐待；辱骂（abuse的三单形式）,,,,,0,0,0:abuse/1:s3,,
abusing,,p. pr. & vb. n. of Abuse,虐待\n滥用\n侮辱\n辱骂,,,,,0,0,0:abuse/1:i/i:abusing,,
abusing children,,,[法] 虐待儿童,,,,,0,0,,,
abusive,ә'bju:siv,s. expressing offensive reproach\ns. characterized by physical or psychological maltreatment,"a. 恶言谩骂的, 被滥用的, 腐败的, 虐待的",,,,gre,11729,7131,,,
abusive statement,,,[法] 侮辱性陈述,,,,,0,0,,,
abusively,,r. in an abusive manner,"adv. 辱骂性, 陋习性, 被滥用, 滥用, 骂人",,,,,0,41858,,,
abusiveness,,"n. The quality of being abusive; rudeness of language, or\n   violence to the person.",n. 滥用；咒骂,,,,,0,45226,,,
abustle,ә'bʌsl,,"a. 忙碌的, 熙来攘往的",,,,,0,0,,,
abut,ә'bʌt,v lie adjacent to another or share a boundary,"v. 邻接, 毗邻",,,,toefl gre,20120,18235,i:abutting/3:abuts/p:abutted/d:abutted,,
abut against,,,"与…邻接,紧靠…,紧挨…",,,,,0,0,,,
abut on,,,"与…毗邻,紧靠…",,,,,0,0,,,
abut upon,,,"v. 邻接,紧靠",,,,,0,0,,,
abutilon,ә'bju:tilәn,n. herbs or shrubs or small trees: flowering maple; Indian mallow,n. 苘麻属植物,,,,,0,0,s:abutilons,,
Abutilon avicennae Gaertn.,,,[医] ò麻,,,,,0,0,,,
Abutilon Gaertn.,,,[医] ò麻属,,,,,0,0,,,
Abutilon indicum G.Don,,,[医] 磨盘草,,,,,0,0,,,
Abutilon theophrasti,,,[网络] 苘麻；莔麻；茼麻,,,,,0,0,,,
Abutilon theophrosti,,,[医] ò麻,,,,,0,0,,,
abutilons,,plural of abutilon\nn. herbs or shrubs or small trees: flowering maple; Indian mallow,(abutilon 的复数) n. 苘麻属植物,,,,,0,0,0:abutilon/1:s,,
abutment,ә'bʌtmәnt,n. point of contact between two objects or parts\nn. a masonry support that touches and directly receives thrust or pressure of an arch or bridge,"n. 邻接, 接界, 桥台\n[医] 桥基, 基牙",,,,,43995,31701,s:abutments,,
abutment arch,,,un. 支墩拱,,,,,0,0,,,
abutment crame,,,[机] 筑塔用起重机,,,,,0,0,,,
abutment of dam,,,[机] 坝的桥台,,,,,0,0,,,
abutment pier,,,[机] 台脚,,,,,0,0,,,
abutment tooth,,,[医] 桥基牙,,,,,0,0,,,
abutments,,plural of abutment\nn. point of contact between two objects or parts\nn. a masonry support that touches and directly receives thrust or pressure of an arch or bridge,"(abutment 的复数) n. 邻接, 接界, 桥台\n[医] 桥基, 基牙",,,,,0,0,0:abutment/1:s,,
abuts,əˈbʌts,v lie adjacent to another or share a boundary,v. （与…）邻接( abut的第三人称单数 ); （与…）毗连; 接触; 倚靠,,,,,0,0,0:abut/1:3,,
abutt,әˊbʌt,,v. 邻接;毗连;贴近;接触;紧靠,,,,,0,0,,,
abuttal,ә'bʌtl,"n. The butting or boundary of land, particularly at the end;\n   a headland.","n. 邻接, 毗连",,,,,0,0,,,
abuttals,ә'bʌtәls,,n. 地界\n[法] 地界,,,,,0,0,,,
abutted,ə'bʌt,imp. & p. p. of Abut,v. 邻接；毗邻；紧靠\nn. (Abut)人名；(英、土)阿布特,,,,,0,0,1:pd/0:abut,,
abutter,ә'bʌtә,n. the owner of contiguous property,"n. 毗邻业主\n[法] 邻近住户, 相邻业主",,,,,0,0,,,
abutting,ә'bʌtiŋ,v lie adjacent to another or share a boundary,a. 邻接的,,,,,0,0,0:abut/1:i,,
abutting owner,,,[法] 毗邻房地产所有者,,,,,0,0,,,
abuzz,ә'bʌz,s. noisy like the sound of a bee,"a. 嗡嗡的, 嘈杂的",,,,,0,0,,,
abv,,,abbr. 在上面（above）,,,,,0,0,,,
abversion,,,[医] 外转(眼球),,,,,0,0,,,
abvolt,æb'vәult,n a unit of potential equal to one-hundred-millionth of a volt,n. C.G.S(厘米一克一秒)制的电位差单位(等于1亿分之一伏特),,,,,0,0,,,
abwa,,,abbr. Air Base Wallerfield <美国>沃勒菲尔德空军基地（在特立尼达岛）; Associated Business Writers of America 美国商务作家联盟; Association of Accounting Bodies in West Africa 西非会计团体联合会,,,,,0,0,,,
abwatt,æb'wɔt,n a power unit equal to the power dissipated when 1 abampere flows across a potential difference of 1 abvolt (one ten-thousandth of a milliwatt),n. [电]电磁瓦(特),,,,,0,0,,,
abwc,,,abbr. automatic bandwidth control 自动带宽控制,,,,,0,0,,,
abweber,әb'webә(r),,n. [物]麦克斯韦(磁通量单位),,,,,0,0,,,
Abwehr,'ɑ:pveәr,,<德> n.(第二次世界大战期间纳粹德国的)反间谍机关,,,,,0,0,,,
abwehrfermente,,,[医] 防护[性]酶,,,,,0,0,,,
aby,ә'bai,v make amends for,vt. 偿；赎（罪）,,,,,0,0,s:abies/i:abying/p:abought/3:abies/d:abought,,
Aby Moritz Warburg,,,[网络] 史学家瓦布克,,,,,0,0,,,
Aby Warburg,,,[网络] 瓦尔堡；沃伯格；瓦堡,,,,,0,0,,,
Abydos,ə'baidɔs,n. an ancient Greek colony on the Asiatic side of the Dardanelles; scene of the legend of Hero and Leander,n. 阿拜多斯（小亚细亚古城）；阿比多斯（埃及古城）,,,,,0,0,,,
abye,ә'bai,v make amends for\nv make amends for,"v. 赎(罪), 偿",,,,,0,0,i:abying/p:abought/3:abys/d:abought,,
abyes,,,"赎（罪）, 偿（abye的第三人称单数形式）",,,,,0,0,,,
abying,əˈbaiŋ,v make amends for\nv make amends for,"v. 赎（罪）, 偿( aby的现在分词 ); 赎（罪）, 偿( abye的现在分词 )",,,,,0,0,1:i/0:abye,,
Abyla,'æbələ,n. a promontory in northern Morocco opposite the Rock of Gibraltar; one of the Pillars of Hercules,阿比拉(即今非洲西北部休达)(＝Jebel Musa),,,,,0,0,,,
abys,ə'bai,v. make amends for,"vt. [古语]使受到惩罚；使得到报应；赎(罪)；偿付, 赔；[废语]遭受, 忍受",,,,,0,0,1:3/0:abye,,
abysm,ә'bizm,n a bottomless gulf or pit; any unfathomable (or apparently unfathomable) cavity or chasm or void extending below (often used figuratively),"n. 深渊, 无底洞",,,,,0,0,,,
abysmal,ә'bizmәl,s. very great; limitless\ns. resembling an abyss in depth; so deep as to be unmeasurable,"a. 深不可测的, 无底的",,,,gre,19503,18494,,,
abysmally,ə'bɪzməlɪ,r in a terrible manner,adv. 极糟地; 可怕地; 完全地; 极端地,,,,,37069,31376,,,
abysmals,ə'bɪzm(ə)l,,adj. 深不可测的，无底的，(像)深渊的；无法衡量的；极度的,,,,,0,0,,,
abyss,ә'bis,n. a bottomless gulf or pit; any unfathomable (or apparently unfathomable) cavity or chasm or void extending below (often used figuratively),"n. 深渊, 深邃, 地狱",,1,,toefl,14950,11847,s:abysses,,
abyssal,ә'bisәl,a. relating to ocean depths from 2000 to 5000 meters,"a. 深不可测的, 深海的\n[法] 海底深处的, 深渊的",,,,,47874,0,,,
abyssal benthic zone,,,[法] 深渊地带,,,,,0,0,,,
abyssal floor,,,[经] 深海底,,,,,0,0,,,
abyssal plain,,,[经] 深海平原,,,,,0,0,,,
abyssal regiion,,,[法] 深海区,,,,,0,0,,,
abyssal sea,,,[经] 深海,,,,,0,0,,,
abyssal sediment,,,[经] 深海沉积物,,,,,0,0,,,
abyssal zone,əˈbisəl zəun,, 深海底带,,,,,0,0,,,
abysses,əˈbɪsiz,n. a bottomless gulf or pit; any unfathomable (or apparently unfathomable) cavity or chasm or void extending below (often used figuratively)\nv. make amends for,n. 深渊( abyss的复数形式 ); （智力等方面的）深邃; (the ～)地狱; 海洋深处,,,,,0,0,0:abyss/1:s,,
Abyssinia,.æbi'sinjә,n Ethiopia is a republic in northeastern Africa on the Red Sea; formerly called Abyssinia,n. 阿比西尼亚,,,,,27700,0,,,
Abyssinian,.æbi'sinjәn,n. a small slender short-haired breed of African origin having brownish fur with a reddish undercoat,"a. 阿比西尼亚的\nn. 阿比西尼亚人, 埃塞俄比亚人",,,,,41390,30784,s:abyssinians,,
Abyssinian banana,,,【植物】埃塞俄比亚香蕉(Ensete ventricosum),,,,,0,0,,,
Abyssinian cat,,,阿比西尼亚猫,,,,,0,0,,,
Abyssinians,,plural of Abyssinian\nn. a small slender short-haired breed of African origin having brownish fur with a reddish undercoat,"(Abyssinian 的复数) a. 阿比西尼亚的\nn. 阿比西尼亚人, 埃塞俄比亚人",,,,,0,0,0:abyssinian/1:s,,
abyssopelagic,"ә,bisәjpe'lædʒik",,a. [海洋]深渊的,,,,,0,0,,,
abz,,,abbr. 阿伯丁（城市机场代码）；英国动物学家协会（Association of British Zoologists）,,,,,0,0,,,
abzug,,,n. (Abzug)人名；(英)阿布朱格,,,,,0,0,,,
AC,,n a radioactive element of the actinide series; found in uranium ores\nn an electric current that reverses direction sinusoidally,"公元前\n[计] 存取周期, 累加器, 声耦合器, 交流, 应用控制, 自动检查, 自动计算机",,1,,,4250,0,s:acs,,
ac adjustable voltage speed control,,,[化] 调压转速控制,,,,,0,0,,,
ac arc welder,,,[机] 交流电弧焊接机,,,,,0,0,,,
ac arc welding,,,[机] 使用交流电弧焊接机之焊接,,,,,0,0,,,
ac circuit,,,[机] 交流回路,,,,,0,0,,,
ac commutator machine,,,"[机] AC整流机, 交流整流机",,,,,0,0,,,
ac commutator motor,,,"[机] AC整流式电动机, 交流整流式动机",,,,,0,0,,,
ac electromotive force,,,"[机] AC电动势, 交流电动势",,,,,0,0,,,
ac erasing,,,[计] 交流抹去; 交流清洗,,,,,0,0,,,
ac etiam,,,[法] 同样,,,,,0,0,,,
ac exciter,,,"[机] AC激磁机, 交流激磁机",,,,,0,0,,,
ac galvanometer,,,[机] AC电流器,,,,,0,0,,,
ac generator,,,"[机] 交流发电机, 交流机",,,,,0,0,,,
AC globulin,,,[医] AC球蛋白(加速凝血球蛋白),,,,,0,0,,,
AC impedence method,,,[化] 交流阻抗法,,,,,0,0,,,
ac motor,,,"[机] 交流电动机, 马达",,,,,0,0,,,
AC polarography,,,[化] 交流极谱法,,,,,0,0,,,
ac potentiometer,,,"[机] AC电位计, 交流电位计",,,,,0,0,,,
AC pulse polarography,,,[化] 交流脉冲极谱法,,,,,0,0,,,
ac series motor,,,"[机] AC串激电动机, 交流串激电动机",,,,,0,0,,,
ac shunt motor,,,"[机] AC分激电动机, 交流分泪电动机",,,,,0,0,,,
ac voltage,,,"[机] AC电压, 交流电压",,,,,0,0,,,
AC voltammetry,,,[化] 交流伏安法,,,,,0,0,,,
ac welder,,,"[机] AC熔接机, 交流熔接机",,,,,0,0,,,
ac-,'æk,," [医]脂环的, 脂族的",,,,,0,0,,,
ac-130s,,,【航空学】一种美国空军货运飞机,,,,,0,0,,,
ac-ac frequency converter,,,[化] 交-交变频器,,,,,0,0,,,
ac-bias recording,,,[计] 交流偏置记录,,,,,0,0,,,
ac-count,ə'kaʊnt,,n. 账户；解释；账目，账单；理由\nvi. 解释；导致；报账\nvt. 认为；把…视为,,,,,0,0,,,
ac-dc ringing,,,[计] 交直流电铃,,,,,0,0,,,
ac-dc-ac frequency converter,,,[化] 交-直-交变频器,,,,,0,0,,,
Ac-globulin,,,[医] 加速球蛋白,,,,,0,0,,,
Ac.,,,[医] 锕(89号元素),,,,,0,0,,,
ac/clic machine,,,[电] 非周期性机械,,,,,0,0,,,
ac/dc,'eisi:'di:si:,,[电] 交直流,,,,,0,0,,,
ac/dc receiver,,,[电] 交直流两用接收机,,,,,0,0,,,
ac/dc ringing,,,[计] 交/直流振铃,,,,,0,0,,,
ACA,,,"[计] 美国通信协会, 美国密码通信协会, 异步通信适配器",,,,,43753,0,,,
acacatechin,,,[医] 黑儿茶素,,,,,0,0,,,
acacctin,,,[机] 金合欢素,,,,,0,0,,,
acacetin,ә'keisәtin,,"金合欢素, 刺槐黄素",,,,,0,0,,,
acacia,ә'keiʃә,n. any of various spiny trees or shrubs of the genus Acacia,"n. 洋槐, 刺槐, 阿拉伯树胶\n[化] 阿拉伯胶; 金合欢胶",,,,,35465,23234,s:acacias,,
Acacia auriculiformis,,,[网络] 大叶相思；耳果相思；耳朵相思,,,,,0,0,,,
Acacia cambegei,,,[网络] 相思cambegei,,,,,0,0,,,
Acacia catechu,,,[化] 儿茶\n[医] 儿茶,,,,,0,0,,,
Acacia dealbata,,,银荆,,,,,0,0,,,
Acacia extract,,,[化] 黑荆树栲胶,,,,,0,0,,,
acacia farnesiana,,,[机] 金合欢,,,,,0,0,,,
Acacia farnesiana Willd.,,,[医] 金合欢,,,,,0,0,,,
acacia gum,,,[化] 阿拉伯树胶; 金合欢胶,,,,,0,0,,,
Acacia L.,,,"[医] 阿拉伯胶属, 金合欢属",,,,,0,0,,,
Acacia melanoxylon,,,[网络] 黑木相思；黒木相思；丝栲,,,,,0,0,,,
acacia oil,,,[化] 金合欢油,,,,,0,0,,,
Acacia pycnantha,,,[网络] 密花金合欢；金栲；密花相思,,,,,0,0,,,
Acacia senegal Willd.,,,[医] 阿拉伯胶树,,,,,0,0,,,
acacia syrup,,,[医] 阿拉伯胶糖浆,,,,,0,0,,,
acacia tree,əˈkeiʃə tri:,,n. 金合欢树[有些树的树汁用于制作黏胶],,,,,0,0,,,
Acacia xanthophloea,,,[网络] 金合欢黄单胞菌,,,,,0,0,,,
Acacian,ə'keiʃən,,adj. 有关东西基督教教会分裂的,,,,,0,0,,,
acacias,,pl.  of Acacia,n. 洋槐；阿拉伯橡胶树；金合欢属（acacia的复数）,,,,,0,0,0:acacia/1:s,,
acacic acid,,,[化] 金合欢酸,,,,,0,0,,,
acaciin,,,[化] 刺槐苷,,,,,0,0,,,
acacin,,n. Alt. of Acacine,[化] 金合欢胶,,,,,0,0,,,
acad,,,"abbr. 专科院校, 学院（academy）",,,,,0,0,s:acads,,
academe,",ækә'di:m",n the academic world,"n. 研究院, 学会(=academy),学术界,学院",,,,,34103,21378,s:academes,,
academes,,plural of academe\nn the academic world,"(academe 的复数) n.研究院, 学会(=academy),学术界,学院",,,,,0,0,0:academe/1:s,,
academese,",ækә'di:mi:s",,"n. 学术行话, 学术体,学术文章的风格",,,,,0,0,,,
Academgorodok,"ә'kædәm,^ɔrә'dɔk",,<俄>n.(苏联的) 科学城 ( 在西伯利亚 ),,,,,0,0,,,
academia,.ækә'di:miә,n. the academic world,"n. 学术界, 学术生涯",,,,,21484,11277,,,
academic,.ækә'demik,a. associated with academia or an academy\ns. hypothetical or theoretical and not expected to produce an immediate or practical result\ns. marked by a narrow focus on or display of learning especially its trivial aspects,"a. 学院的, 学术的, 不切实际的\nn. 大学生, 大学教师, 学者, 学会会员",,3,1,gk cet4 cet6 ky toefl ielts gre,1941,1465,s:academics,,
academic administrator,,,[网络] 学术管理人员,,,,,0,0,,,
academic advisor,,,"导师,指导教师",,,,,0,0,,,
academic body,,,[法] 学术团体,,,,,0,0,,,
academic bulemia,,"The process of learning or memorizing by rote, subsequently followed by the regurgitation of that knowledge onto an exam answer sheet. Just as with the serious eating disorder, this form of bulemia results in no real retention of substance. \r\n\r\nThis term is frequently applied to describe a common practice of young medical students.\r\n\n> I can't remember anything that I learned last night. It's like I grabbed the answer sheet, puked out all the answers and forgot everything immediately. I'd say that's academic bulemia.\n",,,,,,0,0,,,
academic costume,ˌækəˈdemik ˈkɔstju:m,,n. 大学礼服,,,,,0,0,,,
academic degree,ˌækəˈdemik diˈɡri:,, [法]学位,,,,,0,0,,,
academic degrees regutions,,,[法] 学位条例,,,,,0,0,,,
academic department,,,学术部,,,,,0,0,,,
academic discipline,,,学科,,,,,0,0,,,
academic discussion,,,[法] 学术讨论,,,,,0,0,,,
academic freedom,,,[法] 学术自由,,,,,0,0,,,
academic gown,ˌækəˈdemik ɡaun,, 学（位）袍,,,,,0,0,,,
academic institution,,,[计] 学术机构,,,,,0,0,,,
academic interpretation,,,[法] 文理解释,,,,,0,0,,,
academic press,,,[计] 学术出版社,,,,,0,0,,,
academic program,,,专业教学计划\n课程计划,,,,,0,0,,,
academic qualification,,,[法] 学历,,,,,0,0,,,
academic rank,,,[法] 学衔,,,,,0,0,,,
academic record,,,学习成绩单,,,,,0,0,,,
academic records,,,[法] 学历,,,,,0,0,,,
academic relation,,,[网络] 学术关系,,,,,0,0,,,
academic requirement,ˌækəˈdemik riˈkwaiəmənt,, 学术上的要求,,,,,0,0,,,
academic robe,,,[网络] 学术袍,,,,,0,0,,,
academic session,,,学术会议,,,,,0,0,,,
academic status,,,[法] 学籍,,,,,0,0,,,
academic term,,,学术术语\n学期,,,,,0,0,,,
academic title,,,[法] 学衔,,,,,0,0,,,
academic training,,,[法] 正视业务训练,,,,,0,0,,,
academic world,,,[法] 学术界,,,,,0,0,,,
academic year,,,学年,,,,,0,0,,,
academic-enrichment,,,丰富学习内容,,,,,0,0,,,
academic-style,,,学院派风格,,,,,0,0,,,
academical,",ækә'demikәl","a. Belonging to the school or philosophy of Plato; as, the\n   Academic sect or philosophy.\na. Belonging to an academy or other higher institution of\n   learning; scholarly; literary or classical, in distinction from\n   scientific.",n. 大学制服,,,,,44959,0,s:academicals,,
academically,.ækә'demikәli,r. in regard to academic matters,adv. 学术上；学业上,,,,,14700,9322,,,
academicals,.ækә'demiklz,n. pl. The articles of dress prescribed and worn at some\n   colleges and universities.,n. 大学服装,,,,,0,0,0:academical/1:s,,
academician,ә.kædә'miʃәn,n. someone elected to honorary membership in an academy\nn. a scholar who is skilled in academic disputation\nn. an educator who works at a college or university,"n. 学会会员, 院士, 学究, 大学生, 学者",,,,toefl gre,39105,21212,s:academicians,,
academicians,,plural of academician\nn. someone elected to honorary membership in an academy\nn. a scholar who is skilled in academic disputation\nn. an educator who works at a college or university,"(academician 的复数) n. 学会会员, 院士, 学究, 大学生, 学者",,,,,0,0,0:academician/1:s,,
academicianship,,,[网络] 学历,,,,,0,0,,,
academicism,.ækә'demisizәm,n orthodoxy of a scholastic variety,"n. 艺术上的墨守成规, 学究气",,,,,0,0,,,
academics,ækə'demɪks,n. an educator who works at a college or university,"n. 学习, 学术; 学者( academic的复数形式 ); 大学教师; [复数]（院校的）学术活动; [A-]柏拉图哲学信奉者",,,,,0,0,0:academic/1:s,,
academie,,, 爱琪美,,,,,0,0,,,
academies,,pl.  of Academy,n. 院校（academy的复数形式）；学院,,,,,0,0,0:academy/1:s,,
academism,ә'kædәmizәm,n orthodoxy of a scholastic variety,"n. (=academicism)学院派, 学院风气",,,,,0,0,,,
academist,,n. An Academic philosopher.\nn. An academician.,学院派艺术家,,,,,0,0,,,
academize,"ә'kædә,maiz",,v. 使...成为刻板传统的,,,,,0,0,,,
academy,ә'kædәmi,n. a secondary school (usually private)\nn. an institution for the advancement of art or science or literature\nn. a school for special training\nn. a learned establishment for the advancement of knowledge,"n. 学院, 院校, 学会",,2,,gk cet4 cet6 ky toefl,4366,4895,s:academies,,
Academy Award,,,奥斯卡奖,,,,,0,0,,,
academy of fine arts,,,"美术学院,美术专科学校",,,,,0,0,,,
Academy of Medical Science,,,[医] 医学科学院,,,,,0,0,,,
Academy of Motion Picture Arts and Sciences,,,[网络] 美国电影艺术与科学学院；美国影艺学院；美国电影艺术与科学学会,,,,,0,0,,,
Academy of Science,,,[医] 科学院,,,,,0,0,,,
Academy of Television Arts and Sciences,,,[网络] 电视艺术与科学学院；美国电视艺术与科学学院；美国电视艺术与科学学会,,,,,0,0,,,
academy school,,,[网络] 专科院校；研究型学校；国立学校,,,,,0,0,,,
academy-award,,,奥斯卡金像奖；学院奖（美国电影艺术科学院颁发的年度奖项）,,,,,0,0,,,
acadia,ә'keidjә,n. the French-speaking part of the Canadian Maritime Provinces,"n. 阿卡迪亚（1604-1713年法国在北美东南沿海一带的殖民地）, 美国路易斯安娜州东南部的教区",,,,,0,0,,,
Acadia National Park,,,阿卡迪亚国家公园（位于美国缅因州东南部）,,,,,0,0,,,
acadialite,ә'keidiәlait,,"红斜方沸石, 红菱沸石",,,,,0,0,,,
Acadian,ә'keidiәn,n. an early French settler in the Maritimes,"a. 阿卡迪亚的,阿卡迪亚人的",,,,,0,29934,s:acadians,,
Acadians,,plural of Acadian\nn. an early French settler in the Maritimes,"(Acadian 的复数) adj.阿卡迪亚的,阿卡迪亚人的",,,,,0,0,0:acadian/1:s,,
acads,,plural of acad,"(acad 的复数) abbr. 专科院校, 学院（academy）",,,,,0,0,0:acad/1:s,,
acai,,,n. 巴西苺，习惯写作：acai berry\nn. ACAI（The Application Consultant of AUTO-IDS），自动识别应用顾问,,,,,0,0,,,
acajou,'ækәʒu:,"n. The cashew tree; also, its fruit. See Cashew.\nn. The mahogany tree; also, its timber.","n. [植]桃花心木, 腰果",,,,,0,0,,,
acajou balsam,,,[化] 腰果树香脂,,,,,0,0,,,
Acala,ә'kælә,,[植]阿卡拉,,,,,0,0,,,
acalcemia,,,[医] 缺钙血[症],,,,,0,0,,,
acalcerosis,"ә,kælsә'rәusis",,缺钙(症),,,,,0,0,,,
acalcicosis,,,[医] 缺钙症,,,,,0,0,,,
acalculia,",eikæl'kju:liә",,n. [医]计算力缺失,,,,,0,0,,,
acalculous,,,无结石的,,,,,0,0,,,
acaleph,'ækәlef,n. Alt. of Acalephan,n. 水母,,,,,0,0,,,
acalephs,'ækəlef,pl.  of Acalephan,n. 水母,,,,,0,0,,,
acallosal,,,[网络] 尖牙,,,,,0,0,,,
acalycine,ә'kælisin,a. Alt. of Acalysinous,a. 无花萼的,,,,,0,0,,,
acalycinous,",ækә'lisinәs",,a. [植](=acalycine)无花萼的,,,,,0,0,,,
Acalypha,,,铁苋（菜）属,,,,,0,0,,,
Acalypha indica,,,[医] 印度铁苋菜,,,,,0,0,,,
Acalypha L.,,,[医] 铁苋菜属,,,,,0,0,,,
Acalypteratae,,,[医] 无翅瓣类,,,,,0,0,,,
Acalyptratae,,,无翅瓣类,,,,,0,0,,,
acam,,,abbr. androcam 果蝇钙调蛋白,,,,,0,0,,,
Acamar,'ækәmә,,[天]天圆六(波江座W星),,,,,0,0,,,
acampora,,, [人名] 阿坎波拉,,,,,0,0,,,
ACAMPS,,,[计] 自动通信与信息处理系统,,,,,0,0,,,
acampsia,,,[医] 屈挠不能,,,,,0,0,,,
acana,'ɑ:kәnә,,阿卡纳(乔木),,,,,0,0,,,
acanaceous,,,具刺的; 具刺的,,,,,0,0,,,
acandium halide,,,[机] 卤化钪,,,,,0,0,,,
Acanlthophis,,,[医] 棘蛇属,,,,,0,0,,,
Acanlthophis antarctica,,,[医] 澳洲蝮,,,,,0,0,,,
acanroid resin,,,[机] 禾木树脂,,,,,0,0,,,
acanth-,ә'kænθ,,"表示“有刺的, 刺状的”之义(该前缀只用于元音前,在辅音前用acantho)",,,,,0,0,,,
acantha,ә'kænθә,n any sharply pointed projection,"n. 脊椎, 刺",,,,,0,0,,,
Acanthaceae,,n. widely distributed herbs and shrubs and trees; sometimes placed in the order Scrophulariales,爵床科; 爵床科,,,,,0,0,s:acanthaceae/0:acanthaceae/1:s,,
acanthaceous,ә'kænθәsiәs,"a. Armed with prickles, as a plant.\na. Of, pertaining to, or resembling, the family of\n   plants of which the acanthus is the type.","具刺的, 棘皮的, 有棘的",,,,,0,0,,,
acanthae,,,棘,,,,,0,0,,,
Acanthameba,,,[网络] 棘阿米巴,,,,,0,0,,,
Acanthamoeba,,,棘阿米巴属,,,,,0,0,,,
Acantharia,,,棘骨虫亚纲,,,,,0,0,,,
acanthaster,",ækәn'θæstә",,n. [动] 刺冠海星,,,,,0,0,,,
acanthella,,,棘头体; 棘头蚴,,,,,0,0,,,
acanthesthesia,,,[医] 针刺感,,,,,0,0,,,
acanthi,ә'kænθәi,n any plant of the genus Acanthus having large spiny leaves and spikes or white or purplish flowers; native to Mediterranean region but widely cultivated,acanthus的复数,,,,,0,0,,,
Acanthia lectularia,,,[医] 温带臭虫,,,,,0,0,,,
acanthin,,,针质,,,,,0,0,,,
acanthine,ə'kænθaɪn,"a. Of, pertaining to, or resembling, the plant acanthus.","a. 【植物】老鼠簕属植物的；似老鼠簕叶的, 刺叶状的",,,,,0,0,,,
acanthion,,n the craniometric point at the anterior extremity of the intermaxillary suture,[医] 鼻前棘点,,,,,0,0,,,
Acanthisitta,,,[网络] 刺鹩属,,,,,0,0,,,
Acanthisitta chloris,,,[网络] 刺鹩,,,,,0,0,,,
Acanthisittidae,,,[网络] 刺鹩科；新西兰鹩；纽西兰鹩,,,,,0,0,,,
acanthite,,,[机] 螺状硫银矿,,,,,0,0,,,
Acanthobdellidea,,,[医] 棘蛭目,,,,,0,0,,,
Acanthocephala,,n phylum or class of elongated wormlike parasites that live in the intestines of vertebrates: spiny-headed worms,[医] 棘头纲,,,,,0,0,,,
acanthocephalan,"ә,kanθә'sefәlәn",n any of various worms living parasitically in intestines of vertebrates having a retractile proboscis covered with many hooked spines,"n. 棘头虫,棘头纲虫",,,,,0,0,s:acanthocephalans,,
acanthocephalans,,plural of acanthocephalan\nn any of various worms living parasitically in intestines of vertebrates having a retractile proboscis covered with many hooked spines,"(acanthocephalan 的复数) n.棘头虫,棘头纲虫",,,,,0,0,0:acanthocephalan/1:s,,
acanthocephaliasis,,,[医] 棘头虫病,,,,,0,0,,,
acanthocephalid,,,[网络] 头孢噻肟,,,,,0,0,,,
Acanthocereus,,,[网络] 刺萼柱属,,,,,0,0,,,
Acanthocereus pentagonus,,,[网络] 尖角五角形,,,,,0,0,,,
Acanthocereus tetragonus,,,[网络] 待宵仙人柱,,,,,0,0,,,
Acanthocheilonema,,,[医] 棘唇属,,,,,0,0,,,
Acanthocheilonema perstans,,,[医] 常现棘唇[线]虫,,,,,0,0,,,
Acanthocheilonematidae,,,[医] 棘唇科,,,,,0,0,,,
acanthocheilonemiasis,,,[医] 棘唇虫病,,,,,0,0,,,
Acanthocybium,,,[网络] 刺鲅属；刺鮁属,,,,,0,0,,,
Acanthocybium solandri,,,[网络] 棘鰆；刺鲅鱼；沙氏刺鲅,,,,,0,0,,,
acanthocyte,,n an abnormal red blood cell that has thorny projections of protoplasm,[医] 棘红细胞,,,,,0,0,,,
acanthocytosis,,n the presence of acanthocytes in the blood stream (as in abetalipoproteinemia),[医] 棘红细胞[增多]症,,,,,0,0,,,
Acanthodii,,,棘鱼纲,,,,,0,0,,,
acanthoid,ә'kænθɔid,s shaped like a spine or thorn,"a. 棘状的, 刺状的",,,,,0,0,,,
acanthokeratodermia,,,[医] 角质肥厚,,,,,0,0,,,
acantholysis,,n a breakdown of a cell layer in the epidermis (as in pemphigus),[医] 皮肤棘层松解,,,,,0,0,,,
acantholysis bullosa,,,"[医] 大疱性皮肤棘层松解, 大疱性表皮松解",,,,,0,0,,,
acantholytic,,,[医] 皮肤棘层松解的,,,,,0,0,,,
acanthoma,,n a neoplasm originating in the epidermis,[医] 棘皮瘤,,,,,0,0,,,
acanthoma adenoides cysticum,,,"[医] 囊性腺样棘皮瘤, 囊状腺样上皮瘤",,,,,0,0,,,
acanthoma alveolare,,,[医] 泡形棘皮瘤,,,,,0,0,,,
acanthoma inguinate,,,"[医] 腹股沟棘皮瘤, 热带棘皮瘤, 热带腹股沟乳头[状]瘤",,,,,0,0,,,
acanthoma verrucosa seborrhoeica,,,"[医] 脂溢性疣状棘皮瘤, 老年疣",,,,,0,0,,,
acanthopanax,,,刺五加,,,,,0,0,,,
Acanthopanax Miq.,,,[医] 五加属,,,,,0,0,,,
acanthopanax root,,,[化] 刺五加,,,,,0,0,,,
Acanthopanax spinosus Miq.,,,[医] 五加[皮],,,,,0,0,,,
Acanthopeltis japonica Okamura,,,[医] 鸡脚菜,,,,,0,0,,,
acanthopelvis,,,[医] 棘状骨盆,,,,,0,0,,,
acanthopelyx,,,[医] 棘状骨盆,,,,,0,0,,,
Acanthophacetus reticulatus,,,[医] 食孑孓鱼(西印度属岛吞食孑孓的一种小鱼),,,,,0,0,,,
Acanthophis,,,[网络] 死亡蛇属；棘蛇属,,,,,0,0,,,
Acanthophis antarcticus,,,【脊椎动物】死亡蝰蛇,,,,,0,0,,,
Acanthophractida,,,棘栅目,,,,,0,0,,,
acanthopteri,",ækən'θɔptəri",n. pl. A group of teleostean fishes having spiny fins.\n   See Acanthopterygii.,n. 【鱼类】棘鳍类(＝ Acanthopterygii),,,,,0,0,,,
acanthopterygian,"'ækәn,θɔptә'ridʒiәn",n a teleost fish with fins that are supported by sharp inflexible rays,n. 棘鳍类的鱼\na. 棘鳍类的,,,,,0,0,,,
acanthopterygii,",ækən'θɔptəridʒi,ai","n. pl. An order of fishes having some of the rays of\n   the dorsal, ventral, and anal fins unarticulated and spinelike, as the\n   perch.",n. 棘鳍总目,,,,,0,0,,,
acanthorrhexis,,,皮肤棘层破裂,,,,,0,0,,,
Acanthoscelides,,,[网络] 三齿豆象属,,,,,0,0,,,
Acanthoscelides obtectus,,,[网络] 菜豆象；大豆象；国内有无分布,,,,,0,0,,,
acanthosis,,n an abnormal but benign thickening of the prickle-cell layer of the skin (as in psoriasis),[医] 棘皮症,,,,,0,0,,,
acanthosis bullosa,,,[医] 大泡性棘皮症,,,,,0,0,,,
acanthosis nigricans,,,[医] 黑[色]棘皮症,,,,,0,0,,,
acanthosis papulosa,,,[医] 黑色丘疹性棘皮症,,,,,0,0,,,
acanthosis seborrhoeica,,,"[医] 脂溢性棘皮症, 疣状棘皮症, 老年疣",,,,,0,0,,,
acanthosoma,,,糠虾期,,,,,0,0,,,
acanthosome,,,棘状小体,,,,,0,0,,,
acanthostegous,,,复棘的,,,,,0,0,,,
acanthotic,,a of or relating to or having acanthosis,[医] 棘皮症的,,,,,0,0,,,
acanthous,ә'kænθәs,s shaped like a spine or thorn,"a. 棘状的, 刺状的",,,,,0,0,,,
acanthulus,,,[医] 拔刺器,,,,,0,0,,,
Acanthuridae,ə'kænθəraidi:,,n. 刺尾鲷科；[鱼] 刺尾鱼科,,,,,0,0,,,
Acanthurus,,,[网络] 刺尾鱼属；大棘珍灯鱼,,,,,0,0,,,
Acanthurus chirurgus,,,[网络] 蓝尾灰吊；小带刺尾鱼,,,,,0,0,,,
acanthus,ә'kænθәs,n. any plant of the genus Acanthus having large spiny leaves and spikes or white or purplish flowers; native to Mediterranean region but widely cultivated,n. 叶形装饰,,,,,28069,0,,,
acanthus family,,, [植物]爵床科（Acanthaceae）,,,,,0,0,,,
Acanthus mollis,,,un. 阔叶装饰\n[网络] 茛艻花；虾蟆花；叶蓟,,,,,0,0,,,
acanthuses,ə'kænθəs,pl.  of Acanthus,n. 爵床属；莨苕叶形的装饰；叶形装饰,,,,,0,0,,,
acao,,, [医][=acyl coenzyme A oxidase]乙酰化辅酶A氧化酶,,,,,0,0,,,
ACAP,,,[计] 高级阵列处理计算机,,,,,0,0,,,
acapnia,ә'kæpniә,n a state in which the level of carbon dioxide in the blood is lower than normal; can result from deep or rapid breathing,n. 血液二氧化碳缺乏,,,,,0,0,,,
acapnial,,a relating to or demonstrating acapnia,[医] 缺碳酸血的,,,,,0,0,,,
acapnial alkalosis,,,[医] 碳酸缺乏性硷中毒,,,,,0,0,,,
acapnic,æ'kæpnɪk,a relating to or demonstrating acapnia, [医]血内二氧化碳缺乏的,,,,,0,0,,,
acapology,,,"[医] 螨学, 蜱螨学",,,,,0,0,,,
acappella,",ɑ:kә'pelә",,"[意][音]无伴奏的, 有教堂音乐风格的",,,,,0,0,,,
acapriccio,",ɑ:kɑ:'pri:tʃɔ:",,"<意>[音]随意地,自由地[字面意义：at will]",,,,,0,0,,,
acaps,,,abbr. 应用配置访问协议（Application Configuration Access Protocol）,,,,,0,0,,,
acapsular,ә'kæpsjulә,a. Having no capsule.,无荚膜的,,,,,0,0,,,
acaptosis,,,[医] 咽下不能[症],,,,,0,0,,,
acapu,",ɑ:kә'pu:",,阿卡浦,,,,,0,0,,,
acapulco,",ækә'pjlkәj",n. a port and fashionable resort city on the Pacific coast of southern Mexico; known for beaches and water sports (including cliff diving),n. 阿卡普尔科（墨西哥南部港市）,,,,,46002,0,,,
Acapulco de Juarez,,,[网络] 德华雷斯；阿卡普尔科-德华雷斯,,,,,0,0,,,
Acapulco gold,,,阿卡普尔科金大麻（产于墨西哥）,,,,,0,0,,,
acar,,,n. (Acar)人名；(土)阿贾尔；(阿拉伯、罗、法)阿卡尔,,,,,0,0,,,
acara,,,[网络] 阿卡拉；行处；学校课程设置及评估机构,,,,,0,0,,,
acaracide,,,[网络] 吖啶,,,,,0,0,,,
Acarapis woodi,,,[医] 伍[德]氏螨,,,,,0,0,,,
acarbia,,,"[医] 血液碳酸盐缺乏, 缺碳酸盐血[症]",,,,,0,0,,,
acarbose,,,[化] 阿卡糖; 阿卡波糖,,,,,0,0,,,
acardia,,n congenital absence of the heart (as in the development of some monsters),[医] 无心[畸形],,,,,0,0,,,
acardiac,,"a. Without a heart; as, an acardiac fetus.",[医] 无心的; 无心畸胎,,,,,0,0,,,
acardiac monster,,,[医] 无心畸胎,,,,,0,0,,,
acardiac twins,,,"[医] 无心双胎, 无心畸胎",,,,,0,0,,,
acardiacus,,,[医] 无心畸胎,,,,,0,0,,,
acardiacus amorphus,,,[医] 无躯无心畸胎,,,,,0,0,,,
acardiohemia,,,[医] 心内血液缺乏,,,,,0,0,,,
acardionervia,,,[医] 心神经刺激缺乏,,,,,0,0,,,
acardiotrophia,"ә,kɑ:diә'trәufiә",,心萎缩,,,,,0,0,,,
acardite,ә'kɑ:dait,,(=diphenyl urea)二苯脲,,,,,0,0,,,
acardius,,,[医] 无心畸胎,,,,,0,0,,,
acardius acephalus,,,[医] 无头无心寄生胎畸胎,,,,,0,0,,,
acardius acormus,,,[医] 无躯干无心寄生胎畸胎,,,,,0,0,,,
acardius amorphus,,,[医] 无定形无心寄生胎畸胎,,,,,0,0,,,
acardius anceps,,,[医] 无躯无心畸胎,,,,,0,0,,,
acari,ækә'rai,n any of several mites of the order Acarina,acarus的复数,,,,,0,0,,,
acarian,ә'keәriәn,,"螨(的), 壁虱(的), 蜱螨(的)",,,,,0,0,,,
acariasis,",ækә'raiәsis",n infestation with itch mites,"n. 疥癣, 疥虫病",,,,,0,0,,,
acaricidal,,,[医] 杀螨的,,,,,0,0,,,
acaricide,"ә'kæri,said",n a chemical agent used to kill mites,n. [药]杀螨剂,,,,,0,0,,,
acarid,'ækәrid,n. very small free-living arachnid that is parasitic on animals or plants; related to ticks,n. 螨\n[医] 螨,,,,,0,0,,,
Acaridae,,n mites,[医] 螨科,,,,,0,0,,,
acaridan,ә'kæridәn,"n. One of a group of arachnids, including the mites and\n   ticks.",n. [动]螨,,,,,0,0,,,
acaridian,,,[网络] 阿卡里迪安,,,,,0,0,,,
acaridiasis,,n infestation with itch mites,"[医] 螨病, 壁虱病",,,,,0,0,,,
Acarina,,n mites and ticks,[医] 螨目,,,,,0,0,,,
acarine,'ækәrain,n mite or tick,n. [动]螨,,,,,0,0,,,
acarine dermatosis,,,[医] 螨性皮肤病,,,,,0,0,,,
acarinosis,,,"[医] 螨病, 壁虱病",,,,,0,0,,,
acariosis,,n infestation with itch mites,"[医] 螨病, 壁虱病",,,,,0,0,,,
Acarnania,",ækɑ:'neini:ə",,n. 阿卡纳尼亚（古希腊西海岸地区）,,,,,0,0,,,
Acarnanian,,,"a. ,n. Acarnania的变形",,,,,0,0,,,
acaro-,,,"[医] 螨, 壁虱",,,,,0,0,,,
acarodermatitis,,,[医] 螨性皮炎,,,,,0,0,,,
acarodermatitis uricarioides,,,"[医] 荨麻疹样螨性皮炎, 谷痒病",,,,,0,0,,,
acarodomatium,",ækәrәudәu'meiʃiәm",,"(pl. acarodomatia) 虱巢, 螨巢",,,,,0,0,,,
acaroid,'ækәrɔid,a. Shaped like or resembling a mite.,"a. 螨的, 螨状的",,,,,0,0,,,
acaroid gum,,,[化] 禾木胶; 禾木树脂\n[医] 禾木胶,,,,,0,0,,,
acaroid resin,,,[化] 禾木树脂; 禾木胶\n[医] 香树脂,,,,,0,0,,,
acarology,",ækә'rɔlәdʒi",,"n. [动]蜱螨学,螨学",,,,,0,0,,,
acarophobia,'ækәrә'fәubiә,n a morbid fear of small insects and mites and worms,n. [医]螨虫恐惧症,,,,,0,0,,,
acarotoxic,,,"[医] 灭螨的, 毒螨的",,,,,0,0,,,
acarpellous,ei'kɑ:pələs,a. Having no carpels.,"a. 【植物学】(花)无心皮的, 无果爿的",,,,,0,0,,,
acarpelous,ei'kɑ:pәlәs,a having no carpels,a. [植](花)无心皮的,,,,,0,0,,,
acarpia,,,"[医] 不结果实, 不育",,,,,0,0,,,
acarpous,ei'kɑ:pәs,s producing no fruit,"a. [植]不结果的,无果实的",,,,gre,0,0,,,
acars,,,abbr. aircraft communication addressing and reporting system 飞机通信寻址与报告系统,,,,,0,0,,,
Acartomyia,,,[医] 库蚊亚科的一属,,,,,0,0,,,
acarus,'ækәrәs,n. any of several mites of the order Acarina,n. 螨\n[医] 螨属,,,,,0,0,,,
Acarus balatus,,,[医] 类疥螨,,,,,0,0,,,
Acarus folliculorum,,,[医] 毛囊脂螨,,,,,0,0,,,
Acarus gallinae,,,[医] 鸡皮刺螨,,,,,0,0,,,
Acarus hordei,,,[医] 麦螨,,,,,0,0,,,
Acarus rhyzoglypticus hyacinthi,,,[医] 洋葱螨,,,,,0,0,,,
Acarus scabiei,,,[医] 疥螨,,,,,0,0,,,
Acarus tritici,,,"[医] 虱螨, 袋形虱螨",,,,,0,0,,,
acaryote,ә'kɑ:riәut,n a cell without a nucleus (as an erythrocyte),"无核的, 无核细胞的",,,,,0,0,,,
Acas,'eikæs,,"abbr. （英国）咨询调解和仲裁局（Advisory, Conciliation and Arbitration Service）；分析化学与应用光谱学（analytical chemistry and applied spectroscopy）",,,,,28322,0,,,
acat,,,n. (Acat)人名；(土)阿贾特\nabbr. 酰基辅酶a-胆固醇酰基转移酶（acyl coenzyme a-cholesterol acyltransferase）,,,,,0,0,,,
acatalasemia,",eikætәlei'si:miә",,"n. [医]无触酶血,缺过氧化氢酶血",,,,,0,0,,,
acatalasia,",eikætә'leiziә",,"n. [医]无触酶症,过氧化氢酶缺乏症",,,,,0,0,,,
acatalectic,"ә,kætә'lektik",n (prosody) a line of verse that has the full number of syllables\na (verse) metrically complete; especially having the full number of syllables in the final metrical foot,a. (诗行)音节数完整的,,,,,0,0,,,
acatalepsia,"ә,kætә'lepsiә",,领会不能,,,,,0,0,,,
acatalepsy,,"n. Incomprehensibility of things; the doctrine held by the\n   ancient Skeptic philosophers, that human knowledge never amounts to\n   certainty, but only to probability.",[医] 领会不能; 诊断不明,,,,,0,0,,,
acataleptic,"æ,kætә'leptik",a. Incapable of being comprehended; incomprehensible.,"a. 不能理解的,不可知的",,,,,0,0,,,
acatamathesia,"ә,kætәmә'θi:ziә",,"(言语)理解不能, 感觉能力缺乏",,,,,0,0,,,
acataphasia,"ә,kætә'feiziә",n a disorder in which a lesion to the central nervous system leaves you unable to formulate a statement or to express yourself in an organized manner,"连贯表意不能, 言语失序, 言语失调, 联字缺陷",,,,,0,0,,,
acataposis,,,[医] 咽下困难,,,,,0,0,,,
acatastasia,",ækәtæs'teisiә",,"反常, 失规",,,,,0,0,,,
acatastatic,әkætәs'tætik,,"反常的, 失规的",,,,,0,0,,,
acate pneumonic tuberculosis,,,"[医] 肾上腺结核, 阿狄森氏病",,,,,0,0,,,
acatharsia,ækә'θɑ:siә,,排泄不能,,,,,0,0,,,
acatharsy,,,[医] 排泄不能,,,,,0,0,,,
acathectic,",ækә'θektik",,排泄失禁的,,,,,0,0,,,
acathetic jaundice,,,[医] 胆汁排泄障碍性黄疸,,,,,0,0,,,
acathexia,,n an inability to retain bodily secretions,[医] 排泄失禁,,,,,0,0,,,
acathexis,",ækә'θeksis",n (psychoanalysis) a lack of cathexis; a condition in which significant objects or memories arouse no emotion in an individual,[心理]无感动,,,,,0,0,,,
acathisia,",ækә'θi:ziә",,n. [医]静坐不能,,,,,0,0,,,
acatylenetetrabromide,,,[建] 乙炔化四溴,,,,,0,0,,,
acatzingo,,, [地名] [墨西哥] 阿卡钦戈,,,,,0,0,,,
acaudal,ei'kɒ:dәl,a lacking a tail or taillike appendage,a. 无尾的\n[医] 无尾的,,,,,0,0,,,
acaudate,,a lacking a tail or taillike appendage,[医] 无尾的,,,,,0,0,,,
acaulescence,",eikɔ:'lesәns",,"无茎, 短缩茎(现象)",,,,,0,0,,,
acaulescent,",eikɔ:'lesnt",a (of plants) having no apparent stem above ground,a. [植]无茎的,,,,,0,0,,,
acauline,,a. Same as Acaulescent.,[医] 无茎的(菌),,,,,0,0,,,
acaulinosis,,,[医] 无茎真菌病,,,,,0,0,,,
Acaulium,,,[医] 无茎真菌属,,,,,0,0,,,
acaulose,ei'kɔ:ləus,a. Alt. of Acaulous,a. 无茎的,,,,,0,0,,,
acaulous,ei'kɔ:ləs,a. Same as Acaulescent.,a. [植] 无茎的,,,,,0,0,,,
acause,,,[网络] 原因；一个原因；一因,,,,,0,0,,,
acausobiolith,,,非可燃性生物岩,,,,,0,0,,,
acaustobiolith,"ei,kɔ:stә'baiәliθ",,非可燃性生物岩,,,,,0,0,,,
acaustophytolith,"ei,kɔ:stә'faitәliθ",,非可燃性植物岩,,,,,0,0,,,
acavyl,'ækәvil,,(=dicumarol)双香豆素,,,,,0,0,,,
ACB,,,"[计] 存取控制块, 转接器控制块, 应用控制块, 异步通信数据库",,,,,0,0,,,
acbeiria,,,[医] 无手[畸形],,,,,0,0,,,
ACBGEN,,,[计] 应用控制块生成,,,,,0,0,,,
ACC,,"n a command that is the primary provider of air combat weapon systems to the United States Air Force; operates fighter, bomber, reconnaissance, battle-management, and rescue aircraft","[计] 累加, 累加器, 异步通信控制\n[医] 阳极通电收缩",,,,,28508,0,,,
acc automatic combustion control,,,[机] 自动燃烧控制,,,,,0,0,,,
Acc.,,,[医] 调节(眼); 适应,,,,,0,0,,,
acca,,,abbr. 特许公认会计师公会（Association of Charted Certified Accountants）；美国空调承包商协会（Air Conditioning Contractors of America）,,,,,0,0,,,
Accad,'ækæd,,n. (Accad)人名；(阿拉伯)阿卡德；(法)阿卡\nabbr. 进阶艺术与设计计算机中心（Advanced Computing Center for the Arts and Design）,,,,,0,0,,,
Accadian,ә'keidjәn,a. Pertaining to a race supposed to have lived in Babylonia\n   before the Assyrian conquest.,n. 阿卡得人(语)\na. 阿卡得人(语)的,,,,,0,0,,,
accardo,,,n. (Accardo)人名；(意、法)阿卡尔多,,,,,0,0,,,
accaroid gum,,,[化] 禾木胶,,,,,0,0,,,
accaroid resin,,,[网络] 塑料树脂,,,,,0,0,,,
accc,,, [医][=Association of Community Cancer Centers]社区癌症中心协会,,,,,0,0,,,
accca,,,abbr. Association of California Community College Administrators 加利福尼亚社区大学行政人员协会,,,,,0,0,,,
accce,,,abbr. Association of Consulting Chemists and Chemical Engineers <美国>顾问化学师及化学工程师协会,,,,,0,0,,,
accede,æk'si:d,v. take on duties or office,"vi. 同意, 正式加入, 就任, 继任",,,,gre,14526,17950,p:acceded/d:acceded/i:acceding/3:accedes,,
accede to,,,"同意,应诺;继承,加入",,,,,0,0,,,
acceded,ək'siːd,imp. & p. p. of Accede,vi. 加入；同意；就任,,,,,0,0,0:accede/1:pd,,
accedence,,n. The act of acceding.,答应\n同意（accede的变体）\n就任（accede的变体）\n加入（accede的变体）,,,,,0,0,,,
accedes,ækˈsi:dz,v yield to another's wish or opinion\nv take on duties or office\nv to agree or express agreement,v. （正式）加入( accede的第三人称单数 ); 答应; （通过财产的添附而）增加; 开始任职,,,,,0,0,0:accede/1:3,,
acceding,ək'siːd,p. pr. & vb. n. of Accede,vi. 加入；同意；就任,,,,,0,0,0:accede/1:i/i:acceding,,
acceding state,,,[法] 参加国,,,,,0,0,,,
acceerative,æk'selәrәtiv,,"加[催]速的, 促进的",,,,,0,0,,,
accekerating ability,,,[机] 加速能力,,,,,0,0,,,
accel,æk'səl,,abbr. accelerando (Italian=accelerating) （意大利语）加速（的）; accelerating 加速（的）; acceleration 加速; accelerate(d) 加速的,,,,,0,0,,,
accelerando,"æk,selә'rændәu",n a gradually increasing tempo of music\ns gradually increasing in tempo\nr with increasing speed,a. [乐]渐速的\nadv. [乐]渐速地\nn. [乐]渐速音,,,,,0,0,,,
accelerans,,,[医] 加速神经,,,,,0,0,,,
acceleransstoff,,,[医] 加速物质,,,,,0,0,,,
accelerant,әk'selәrәnt,,"n. 促进剂, 加速进程的东西\na. 促进的, 加速的",,,,,0,36917,s:accelerants,,
accelerants,,plural of accelerant,"(accelerant 的复数) n. 促进剂, 加速进程的东西\na. 促进的, 加速的",,,,,0,0,0:accelerant/1:s,,
accelerate,әk'selәreit,v. move faster\nv. cause to move faster,"v. 加速, 促进",,2,,gk cet4 cet6 ky toefl ielts gre,5328,4925,p:accelerated/d:accelerated/i:accelerating/3:accelerates,,
accelerated,әk'selәreitid,"s. speeded up, as of an academic course",a. 加快的\n[医] 加速的,,,,toefl,14045,10808,0:accelerate/1:pd/p:accelerated/d:accelerated,,
accelerated ageing,,,[化] 人工老化,,,,,0,0,,,
accelerated ageing test,,,[机] 加速老化试验,,,,,0,0,,,
accelerated ageing test of gasoline,,,[机] 汽油加速老化试验,,,,,0,0,,,
accelerated aging,,,[化] 人工老化,,,,,0,0,,,
accelerated aging test,,,[计] 加速老化试验,,,,,0,0,,,
accelerated amortization,,,"[经] 加速摊销, 加速偿还",,,,,0,0,,,
accelerated bomb test,,,[机] 加速氧弹试验,,,,,0,0,,,
accelerated cement,,,[化] 快凝水泥,,,,,0,0,,,
accelerated clarifier,,,[化] 快速沉降器,,,,,0,0,,,
accelerated cooling,,,[化] 加速冷却,,,,,0,0,,,
accelerated cost recovery system,,,[经] (ACRS)加速成本回收制度,,,,,0,0,,,
accelerated cure,,,[化] 快速硫化; 加速硫化,,,,,0,0,,,
accelerated depreciation methods,,,[经] 加速折旧法,,,,,0,0,,,
accelerated deprecistion,,,[经] 加速折旧(贬值),,,,,0,0,,,
accelerated development of light industry,,,[经] 加速发展轻工业,,,,,0,0,,,
accelerated draft,,,[机] 加速通风,,,,,0,0,,,
accelerated draught,,,[机] 加速通风,,,,,0,0,,,
accelerated fatigue test,,,[计] 加速疲劳试验,,,,,0,0,,,
accelerated flow method,,,[化] 加速流动法,,,,,0,0,,,
accelerated gum,,,[机] 速成胶质,,,,,0,0,,,
accelerated gum test,,,[机] 速成胶质试验,,,,,0,0,,,
accelerated hot water heating,,,[机] 加速热水暖气法,,,,,0,0,,,
accelerated Liebmann method,,,[计] 加速列布曼法,,,,,0,0,,,
accelerated life test,,,[计] 加速寿命试验,,,,,0,0,,,
accelerated methods,,,[经] 加速法,,,,,0,0,,,
accelerated motion,,,[化] 加速运动,,,,,0,0,,,
accelerated oxidation,,,[机] 加速氧化,,,,,0,0,,,
accelerated oxidation test,,,[机] 加速氧化试验,,,,,0,0,,,
accelerated particle,,,[电] 加速质点,,,,,0,0,,,
accelerated phosphorescence,,,[电] 加速磷光,,,,,0,0,,,
accelerated porcelain dish test,,,[机] 加速瓷皿试验,,,,,0,0,,,
accelerated random search,,,[计] 加速随机搜索,,,,,0,0,,,
accelerated rate of depreciation,,,[经] 加速折旧率,,,,,0,0,,,
accelerated reaction,,,[医] 加速反应(种痘),,,,,0,0,,,
accelerated respiration,,,[医] 呼吸加速(呼吸速度每分钟超过25次),,,,,0,0,,,
accelerated return stroke,,,[机] 急回冲程,,,,,0,0,,,
accelerated sludge test,,,[机] 加速沉渣试验,,,,,0,0,,,
accelerated soundness test,,,[机] 加速(坚)固度试验,,,,,0,0,,,
accelerated stock,,,[机] 加速胶料,,,,,0,0,,,
accelerated sulfur vulcanization,,,[化] 促进硫硫化,,,,,0,0,,,
accelerated tannage,,,[化] 速鞣法,,,,,0,0,,,
accelerated test for color stability,,,[机] 加速颜色稳定试验,,,,,0,0,,,
accelerated testing cabinet,,,[机] 加速试验机,,,,,0,0,,,
accelerated weathering test,,,[化] 加速老化试验,,,,,0,0,,,
accelerates,ækˈseləreits,v move faster\nv cause to move faster,"v. （使）加快, （使）增速( accelerate的第三人称单数 ); 促使…早日发生, 促进; [教育学]使（学生）跳级; 提早学完（课程等）",,,,,0,0,0:accelerate/1:3,,
accelerating,æk'selәreitiŋ,v move faster\nv cause to move faster,[计] 加速,,,,toefl,14965,14876,0:accelerate/1:i/i:accelerating,,
accelerating agent,,,[化] 促进剂,,,,,0,0,,,
accelerating center,,,[医] 加速中枢,,,,,0,0,,,
accelerating chain,,,[电] 加速链,,,,,0,0,,,
accelerating chamber,,,[医] 加速真空箱,,,,,0,0,,,
accelerating conductor or relay,,,[电] 加速导体或继电器,,,,,0,0,,,
accelerating creep,,,[机] 加速潜变,,,,,0,0,,,
accelerating curve,,,[机] 加速曲线,,,,,0,0,,,
accelerating electride,,,[电] 加速电极,,,,,0,0,,,
accelerating electrode,,,[电] 促进电极,,,,,0,0,,,
accelerating factor,,,"[计] 加速系数, 加速因数",,,,,0,0,,,
accelerating fibers,,,[医] [心]加速纤维,,,,,0,0,,,
accelerating force,,,[机] 加速力,,,,,0,0,,,
accelerating grid,,,[电] 加速栅极,,,,,0,0,,,
accelerating plastic flow,,,[化] 加速塑性流,,,,,0,0,,,
accelerating potenial,,,[电] 加速电位,,,,,0,0,,,
accelerating premium,,,[经] 累进奖金制,,,,,0,0,,,
accelerating pump,,,"[机] 加速泵, 帮浦",,,,,0,0,,,
accelerating resistance,,,[机] 加速阻力,,,,,0,0,,,
accelerating time,,,[电] 加速时间,,,,,0,0,,,
accelerating voltage,,,[电] 加速电压,,,,,0,0,,,
accelerating well,,,[化] 补偿油井,,,,,0,0,,,
acceleratingly,,,adv. accelerate的变形,,,,,0,0,,,
acceleration,әk.selә'reiʃәn,n. an increase in rate of change\nn. the act of accelerating; increasing the speed\nn. (physics) a rate of increase of velocity,"n. 加速, 促进, 加速度\n[化] 加速度",,1,,cet4 toefl,7072,8018,s:accelerations,,
acceleration at stall,,,[电] 停止加速度,,,,,0,0,,,
acceleration characteristic of fuel,,,[机] 燃料的加速特性,,,,,0,0,,,
acceleration clause,,,[经] 提前偿付条款,,,,,0,0,,,
acceleration coefficient,,,[经] 加速系数,,,,,0,0,,,
acceleration electrode,,,[机] 加速电极,,,,,0,0,,,
acceleration error,,,[化] 加速度误差,,,,,0,0,,,
acceleration feedback,,,[化] 加速度反馈,,,,,0,0,,,
acceleration globulin,,,[化] 促凝血球蛋白,,,,,0,0,,,
acceleration image,,,[机] 加速度像,,,,,0,0,,,
acceleration inertia load test,,,[机] 加速惯性负载试验,,,,,0,0,,,
acceleration of gravity,,,[化] 重力加速度,,,,,0,0,,,
acceleration of ripening,,,[机] 成熟的加速,,,,,0,0,,,
acceleration of transportation,,,[机] 运输加速度,,,,,0,0,,,
acceleration period,,,[机] 加速期,,,,,0,0,,,
acceleration pole,,,[机] 加速度中心,,,,,0,0,,,
acceleration polygon,,,[机] 加速度多边形,,,,,0,0,,,
acceleration potential,,,[机] 加速电位,,,,,0,0,,,
acceleration principle,,,[经] 加速理论,,,,,0,0,,,
acceleration resistance,,,[机] 加速阻力,,,,,0,0,,,
acceleration simulator,,,[化] 加速度仿真器,,,,,0,0,,,
acceleration switch,,,[电] 加速开关,,,,,0,0,,,
acceleration test,,,[机] 加速度试验,,,,,0,0,,,
acceleration time,,,[计] 加速时间,,,,,0,0,,,
acceleration transducer,,,[化] 加速度传感器,,,,,0,0,,,
acceleration unit,,,[网络] 加速单位,,,,,0,0,,,
acceleration voltage,,,[化] 加速电压,,,,,0,0,,,
acceleration wave,,,[化] 加速度波,,,,,0,0,,,
accelerations,ækˌseləˈreɪʃənz,n. an increase in rate of change\nn. the act of accelerating; increasing the speed\nn. (physics) a rate of increase of velocity,n. 加速( acceleration的复数形式 ); <物>加速度; （车辆）加速能力; （优秀学生的）跳级,,,,,0,0,0:acceleration/1:s,,
accelerative,әk'selәrәtiv,s. tending to increase velocity,"a. 加速的, 促进的",,,,,0,46667,,,
accelerative epilepsy,,,"[医] 前奔性癫痫, 疾走性癫痫",,,,,0,0,,,
accelerator,әk'selәreitә,n. a pedal that controls the throttle valve\nn. a valve that regulates the supply of fuel to the engine\nn. a scientific instrument that increases the kinetic energy of charged particles,"n. 加速剂, 加速器, 油门\n[化] 加速器; 早强剂; 促进剂; 硫化促进剂",,1,,,10364,11455,s:accelerators,,
accelerator 808,,,[化] 硫化促进剂808,,,,,0,0,,,
accelerator A-32,,,[化] 硫化促进剂A-32,,,,,0,0,,,
accelerator AZ,,,[化] 硫化促进剂AZ,,,,,0,0,,,
accelerator board,,,[计] 加速板,,,,,0,0,,,
accelerator card,ækˈseləˌreɪtə kɑ:d,, 加速卡,,,,,0,0,,,
accelerator CZ,,,[化] 硫化促进剂CZ,,,,,0,0,,,
accelerator D,,,[化] 硫化促进剂D,,,,,0,0,,,
accelerator DIBS,,,[化] 硫化促进剂DIBS,,,,,0,0,,,
accelerator DM,,,[化] 硫化促进剂DM,,,,,0,0,,,
accelerator DOTG,,,[化] 硫化促进剂DOTG,,,,,0,0,,,
accelerator dynamic test,,,[电] 加速器动力测试,,,,,0,0,,,
accelerator factor,,,"[医] 前加速因子, [凝血]第五因子",,,,,0,0,,,
accelerator globulin,,,[医] 加速凝血球蛋白,,,,,0,0,,,
accelerator globulin (AcG),,,[化] 促凝血球蛋白,,,,,0,0,,,
accelerator H,,,[化] 硫化促进剂H,,,,,0,0,,,
Accelerator Key,,,[计] 加速键,,,,,0,0,,,
accelerator M,,,[化] 硫化促进剂M,,,,,0,0,,,
accelerator mass-spectrometry,,,[化] 加速器质谱法,,,,,0,0,,,
accelerator master batch,,,[化] 加速母炼胶,,,,,0,0,,,
accelerator NA-22,,,[化] 硫化促进剂NA-22,,,,,0,0,,,
accelerator nerve,,,[医] 加速神经,,,,,0,0,,,
accelerator of hardening,,,[机] 速硬剂,,,,,0,0,,,
accelerator P,,,[化] 硫化促进剂P,,,,,0,0,,,
accelerator partus,,,[医] 催产药,,,,,0,0,,,
accelerator pedal,,,[机] 加速踏板,,,,,0,0,,,
accelerator pump,,,[机] 加速泵,,,,,0,0,,,
accelerator rod,,,[机] 加速杆,,,,,0,0,,,
accelerator TETD,,,[化] 硫化促进剂TETD,,,,,0,0,,,
accelerator TMTD,,,[化] 硫化促进剂TMTD,,,,,0,0,,,
accelerator TT,,,[化] 硫化促进剂TMTD,,,,,0,0,,,
accelerator urinae,,,[医] 球海绵体肌,,,,,0,0,,,
accelerator Van-de-Graaff,,,[医] 范德格腊夫氏加速器,,,,,0,0,,,
accelerator ZBX,,,[化] 硫化促进剂ZBX,,,,,0,0,,,
accelerator ZDMC,,,[化] 硫化促进剂ZDMC,,,,,0,0,,,
accelerator-activator,,,[化] 促进剂-活性剂,,,,,0,0,,,
accelerator-produced radionuclides,,,[化] 加速器生产的放射性核素,,,,,0,0,,,
accelerators,ək'seləreɪtəz,n. a pedal that controls the throttle valve\nn. a valve that regulates the supply of fuel to the engine\nn. (chemistry) a substance that initiates or accelerates a chemical reaction without itself being affected,n. <物>（粒子）加速器( accelerator的复数形式 ); 加速者; <化>加速剂; <英>（二轮或三轮的小型）摩托车,,,,,0,0,0:accelerator/1:s,,
acceleratory,"ək'selərə,tɔri",a. Accelerative.,a. 加速的；催促的（等于accelerative）,,,,,0,0,,,
accelerin,æk'selәrin,,"促凝血球蛋白, 第V因子",,,,,0,0,,,
accelerine,,,"[化] 对亚硝基-N,N-二甲基苯胺",,,,,0,0,,,
accelerogram,æk'selәrә^ræm,,n. (显示地震中颤动加速度的)加速度图,,,,,0,0,,,
accelerograph,әk'selәrәgrɑ:f,"n. An apparatus for studying the combustion of powder\n   in guns, etc.",n. 自计加速器,,,,,0,0,,,
accelerometer,әk.selә'rɒmitә,n. an instrument for measuring the acceleration of aircraft or rockets,n. 加速度计\n[化] 加速度计,,,,,0,27842,s:accelerometers,,
accelerometers,,plural of accelerometer\nn. an instrument for measuring the acceleration of aircraft or rockets,(accelerometer 的复数) n. 加速度计\n[化] 加速度计,,,,,0,0,0:accelerometer/1:s,,
Accelerotor,,,埃克西来罗试验仪,,,,,0,0,,,
accelofilter,æk'selәfiltә,,"[化]加速过滤器, 加速滤池(高速滴滤池的一种型式)",,,,,0,0,,,
accend,ək'send,v. t. To set on fire; to kindle.,vt. [废语]点燃,,,,,0,0,,,
accendant,,,维护人员; 维修人员,,,,,0,0,,,
accension,ək'senʃən,n. The act of kindling or the state of being kindled;\n   ignition.,n. accend的变形,,,,,0,0,,,
accent,'æksәnt,n. distinctive manner of oral expression\nn. a diacritical mark used to indicate stress or placed above a vowel to indicate a special pronunciation,"n. 重音, 口音, 特点, 注重点\nvt. 重读, 加重音号于, 强调",,2,1,zk gk cet4 ky,3701,4140,s:accents/p:accented/i:accenting/d:accented/3:accents,,
accent mark,,,重音符号,,,,,0,0,,,
accentated,,,[计] 加重,,,,,0,0,,,
accentated contrast,,,[计] 加重反差,,,,,0,0,,,
accented,ˈæksentɪd,"v to stress, single out as important\nv put stress on; utter with an accent\na used of syllables\na bearing a stress or accent",a. 带…腔调的�